{
	"format_version": "1.12.0",
	"minecraft:geometry": [
		{
			"description": {
				"identifier": "geometry.bar_stool",
				"texture_width": 16,
				"texture_height": 16,
				"visible_bounds_width": 2,
				"visible_bounds_height": 2.5,
				"visible_bounds_offset": [0, 0.75, 0]
			},
			"bones": [
				{
					"name": "bb_main",
					"pivot": [0, 0, 0],
					"cubes": [
						{
							"origin": [-2, 4, -3.5],
							"size": [4, 1, 1],
							"uv": {
								"north": {"uv": [12, 0], "uv_size": [4, 1]},
								"east": {"uv": [14.5, 0], "uv_size": [1, 1]},
								"south": {"uv": [12, 0], "uv_size": [4, 1]},
								"west": {"uv": [15, 0], "uv_size": [1, 1]},
								"up": {"uv": [16, 1], "uv_size": [-4, -1]},
								"down": {"uv": [16, 1], "uv_size": [-4, -1]}
							}
						},
						{
							"origin": [-2, 4, 2.5],
							"size": [4, 1, 1],
							"uv": {
								"north": {"uv": [12, 0], "uv_size": [4, 1]},
								"east": {"uv": [15, 0], "uv_size": [1, 1]},
								"south": {"uv": [12, 0], "uv_size": [4, 1]},
								"west": {"uv": [15, 0], "uv_size": [1, 1]},
								"up": {"uv": [16, 1], "uv_size": [-4, -1]},
								"down": {"uv": [16, 1], "uv_size": [-4, -1]}
							}
						},
						{
							"origin": [-3.5, 4, -2],
							"size": [1, 1, 4],
							"uv": {
								"north": {"uv": [15, 0], "uv_size": [1, 1]},
								"east": {"uv": [12, 0], "uv_size": [4, 1]},
								"south": {"uv": [15, 0], "uv_size": [1, 1]},
								"west": {"uv": [12, 0], "uv_size": [4, 1]},
								"up": {"uv": [16, 4], "uv_size": [-1, -4]},
								"down": {"uv": [16, 4], "uv_size": [-1, -4]}
							}
						},
						{
							"origin": [2.5, 4, -2],
							"size": [1, 1, 4],
							"uv": {
								"north": {"uv": [15, 0], "uv_size": [1, 1]},
								"east": {"uv": [12, 0], "uv_size": [4, 1]},
								"south": {"uv": [15, 0], "uv_size": [1, 1]},
								"west": {"uv": [12, 0], "uv_size": [4, 1]},
								"up": {"uv": [16, 4], "uv_size": [-1, -4]},
								"down": {"uv": [16, 4], "uv_size": [-1, -4]}
							}
						},
						{
							"origin": [-4, 0, 2],
							"size": [2, 9, 2],
							"uv": {
								"north": {"uv": [14, 0], "uv_size": [2, 9]},
								"east": {"uv": [14, 0], "uv_size": [2, 9]},
								"south": {"uv": [14, 0], "uv_size": [2, 9]},
								"west": {"uv": [14, 0], "uv_size": [2, 9]},
								"up": {"uv": [16, 5], "uv_size": [-2, -2]},
								"down": {"uv": [16, 5], "uv_size": [-2, -2]}
							}
						},
						{
							"origin": [2, 0, 2],
							"size": [2, 9, 2],
							"uv": {
								"north": {"uv": [14, 0], "uv_size": [2, 9]},
								"east": {"uv": [14, 0], "uv_size": [2, 9]},
								"south": {"uv": [14, 0], "uv_size": [2, 9]},
								"west": {"uv": [14, 0], "uv_size": [2, 9]},
								"up": {"uv": [16, 7], "uv_size": [-2, -2]},
								"down": {"uv": [16, 7], "uv_size": [-2, -2]}
							}
						},
						{
							"origin": [-4, 0, -4],
							"size": [2, 9, 2],
							"uv": {
								"north": {"uv": [14, 0], "uv_size": [2, 9]},
								"east": {"uv": [14, 0], "uv_size": [2, 9]},
								"south": {"uv": [14, 0], "uv_size": [2, 9]},
								"west": {"uv": [14, 0], "uv_size": [2, 9]},
								"up": {"uv": [16, 6], "uv_size": [-2, -2]},
								"down": {"uv": [16, 6], "uv_size": [-2, -2]}
							}
						},
						{
							"origin": [2, 0, -4],
							"size": [2, 9, 2],
							"uv": {
								"north": {"uv": [14, 0], "uv_size": [2, 9]},
								"east": {"uv": [14, 0], "uv_size": [2, 9]},
								"south": {"uv": [14, 0], "uv_size": [2, 9]},
								"west": {"uv": [14, 0], "uv_size": [2, 9]},
								"up": {"uv": [16, 6], "uv_size": [-2, -2]},
								"down": {"uv": [16, 6], "uv_size": [-2, -2]}
							}
						},
						{
							"origin": [-5, 9, -5],
							"size": [10, 3, 10],
							"uv": {
								"north": {"uv": [0, 13], "uv_size": [4, 3]},
								"east": {"uv": [0, 13], "uv_size": [4, 3]},
								"south": {"uv": [0, 13], "uv_size": [4, 3]},
								"west": {"uv": [0, 13], "uv_size": [4, 3]},
								"up": {"uv": [4, 16], "uv_size": [-4, -4]},
								"down": {"uv": [4, 16], "uv_size": [-4, -4]}
							}
						},
						{
							"origin": [-4.5, 12, -4.5],
							"size": [9, 0.5, 9],
							"uv": {
								"north": {"uv": [0, 0], "uv_size": [3, 0.5]},
								"east": {"uv": [0, 0], "uv_size": [3, 0.5]},
								"south": {"uv": [0, 0], "uv_size": [3, 0.5]},
								"west": {"uv": [0, 0], "uv_size": [3, 0.5]},
								"up": {"uv": [3, 3], "uv_size": [-3, -3]},
								"down": {"uv": [3, 3], "uv_size": [-3, -3]}
							}
						}
					]
				}
			]
		}
	]
}