{
	"format_version": "1.12.0",
	"minecraft:geometry": [
		{
			"description": {
				"identifier": "geometry.basin_filled",
				"texture_width": 32,
				"texture_height": 32,
				"visible_bounds_width": 2,
				"visible_bounds_height": 2.5,
				"visible_bounds_offset": [0, 0.75, 0]
			},
			"bones": [
				{
					"name": "bb_main",
					"pivot": [0, 0, 0],
					"cubes": [
						{
							"origin": [-6, 14.4, -6],
							"size": [12, 0.16, 12],
							"pivot": [0, 0, 0],
							"rotation": [0, 90, 0],
							"uv": {
								"north": {"uv": [2, 30.4], "uv_size": [12, 0.16]},
								"east": {"uv": [2, 30.4], "uv_size": [12, 0.16]},
								"south": {"uv": [2, 30.4], "uv_size": [12, 0.16]},
								"west": {"uv": [2, 30.4], "uv_size": [12, 0.16]},
								"up": {"uv": [14, 30], "uv_size": [-12, -12]},
								"down": {"uv": [14, 30], "uv_size": [-12, -12]}
							}
						},
						{
							"origin": [-8, 0, -4.8],
							"size": [8, 11, 9.6],
							"pivot": [0, 0, 0],
							"rotation": [0, 90, 0],
							"uv": {
								"north": {"uv": [24, 0], "uv_size": [8, 11]},
								"east": {"uv": [19.2, 0], "uv_size": [9.6, 11]},
								"south": {"uv": [24, 0], "uv_size": [8, 11]},
								"west": {"uv": [19.2, 0], "uv_size": [9.6, 11]},
								"up": {"uv": [32, 12.8], "uv_size": [-8, -9.6]},
								"down": {"uv": [32, 12.8], "uv_size": [-8, -9.6]}
							}
						},
						{
							"origin": [-8, 11, -8],
							"size": [16, 1, 16],
							"pivot": [0, 0, 0],
							"rotation": [0, 90, 0],
							"uv": {
								"north": {"uv": [16, 11], "uv_size": [16, 1]},
								"east": {"uv": [16, 11], "uv_size": [16, 1]},
								"south": {"uv": [16, 11], "uv_size": [16, 1]},
								"west": {"uv": [16, 11], "uv_size": [16, 1]},
								"up": {"uv": [32, 16], "uv_size": [-16, -16]},
								"down": {"uv": [32, 16], "uv_size": [-16, -16]}
							}
						},
						{
							"origin": [-8, 12, -8],
							"size": [4, 4, 16],
							"pivot": [0, 0, 0],
							"rotation": [0, 90, 0],
							"uv": {
								"north": {"uv": [28, 12], "uv_size": [4, 4]},
								"east": {"uv": [16, 12], "uv_size": [16, 4]},
								"south": {"uv": [28, 12], "uv_size": [4, 4]},
								"west": {"uv": [16, 12], "uv_size": [16, 4]},
								"up": {"uv": [32, 16], "uv_size": [-4, -16]},
								"down": {"uv": [32, 16], "uv_size": [-4, -16]}
							}
						},
						{
							"origin": [-4, 12, -8],
							"size": [12, 4, 2],
							"pivot": [0, 0, 0],
							"rotation": [0, 90, 0],
							"uv": {
								"north": {"uv": [16, 12], "uv_size": [12, 4]},
								"east": {"uv": [16, 12], "uv_size": [2, 4]},
								"south": {"uv": [16, 12], "uv_size": [12, 4]},
								"west": {"uv": [16, 12], "uv_size": [2, 4]},
								"up": {"uv": [28, 2], "uv_size": [-12, -2]},
								"down": {"uv": [28, 2], "uv_size": [-12, -2]}
							}
						},
						{
							"origin": [-4, 12, 6],
							"size": [12, 4, 2],
							"pivot": [0, 0, 0],
							"rotation": [0, 90, 0],
							"uv": {
								"north": {"uv": [16, 12], "uv_size": [12, 4]},
								"east": {"uv": [30, 12], "uv_size": [2, 4]},
								"south": {"uv": [16, 12], "uv_size": [12, 4]},
								"west": {"uv": [30, 12], "uv_size": [2, 4]},
								"up": {"uv": [28, 16], "uv_size": [-12, -2]},
								"down": {"uv": [28, 16], "uv_size": [-12, -2]}
							}
						},
						{
							"origin": [6, 12, -6],
							"size": [2, 4, 12],
							"pivot": [0, 0, 0],
							"rotation": [0, 90, 0],
							"uv": {
								"north": {"uv": [16, 12], "uv_size": [2, 4]},
								"east": {"uv": [18, 12], "uv_size": [12, 4]},
								"south": {"uv": [16, 12], "uv_size": [2, 4]},
								"west": {"uv": [18, 12], "uv_size": [12, 4]},
								"up": {"uv": [18, 14], "uv_size": [-2, -12]},
								"down": {"uv": [18, 14], "uv_size": [-2, -12]}
							}
						},
						{
							"origin": [-7, 16, -1],
							"size": [2, 4, 2],
							"pivot": [0, 0, 0],
							"rotation": [0, 90, 0],
							"uv": {
								"north": {"uv": [30, 28], "uv_size": [2, 4]},
								"east": {"uv": [24, 28], "uv_size": [2, 4]},
								"south": {"uv": [30, 28], "uv_size": [2, 4]},
								"west": {"uv": [24, 28], "uv_size": [2, 4]},
								"up": {"uv": [32, 25], "uv_size": [-2, -2]},
								"down": {"uv": [32, 25], "uv_size": [-2, -2]}
							}
						},
						{
							"origin": [-7, 20, -1],
							"size": [6, 2, 2],
							"pivot": [0, 0, 0],
							"rotation": [0, 90, 0],
							"uv": {
								"north": {"uv": [26, 30], "uv_size": [6, 2]},
								"east": {"uv": [24, 30], "uv_size": [2, 2]},
								"south": {"uv": [26, 30], "uv_size": [6, 2]},
								"west": {"uv": [24, 30], "uv_size": [2, 2]},
								"up": {"uv": [32, 25], "uv_size": [-6, -2]},
								"down": {"uv": [32, 25], "uv_size": [-6, -2]}
							}
						},
						{
							"origin": [-7, 16, -6],
							"size": [2, 2, 2],
							"pivot": [0, 0, 0],
							"rotation": [0, 90, 0],
							"uv": {
								"north": {"uv": [30, 30], "uv_size": [2, 2]},
								"east": {"uv": [19, 30], "uv_size": [2, 2]},
								"south": {"uv": [30, 30], "uv_size": [2, 2]},
								"west": {"uv": [19, 30], "uv_size": [2, 2]},
								"up": {"uv": [32, 20], "uv_size": [-2, -2]},
								"down": {"uv": [32, 20], "uv_size": [-2, -2]}
							}
						},
						{
							"origin": [-7, 16, 4],
							"size": [2, 2, 2],
							"pivot": [0, 0, 0],
							"rotation": [0, 90, 0],
							"uv": {
								"north": {"uv": [30, 30], "uv_size": [2, 2]},
								"east": {"uv": [29, 30], "uv_size": [2, 2]},
								"south": {"uv": [30, 30], "uv_size": [2, 2]},
								"west": {"uv": [29, 30], "uv_size": [2, 2]},
								"up": {"uv": [32, 30], "uv_size": [-2, -2]},
								"down": {"uv": [32, 30], "uv_size": [-2, -2]}
							}
						},
						{
							"origin": [-3, 19.68, -1],
							"size": [2, 0.32, 2],
							"pivot": [0, 0, 0],
							"rotation": [0, 90, 0],
							"uv": {
								"north": {"uv": [11, 8.68], "uv_size": [2, 0.32]},
								"east": {"uv": [9, 8.68], "uv_size": [2, 0.32]},
								"south": {"uv": [11, 8.68], "uv_size": [2, 0.32]},
								"west": {"uv": [9, 8.68], "uv_size": [2, 0.32]},
								"up": {"uv": [13, 2], "uv_size": [-2, -2]},
								"down": {"uv": [13, 2], "uv_size": [-2, -2]}
							}
						}
					]
				}
			]
		}
	]
}