{
	"format_version": "1.12.0",
	"minecraft:geometry": [
		{
			"description": {
				"identifier": "geometry.bedside_cabinet",
				"texture_width": 32,
				"texture_height": 32,
				"visible_bounds_width": 2,
				"visible_bounds_height": 2.5,
				"visible_bounds_offset": [0, 0.75, 0]
			},
			"bones": [
				{
					"name": "bb_main",
					"pivot": [0, 0, 0],
					"cubes": [
						{
							"origin": [5, 0, -7],
							"size": [2, 2, 2],
							"pivot": [0, 0, 0],
							"rotation": [0, 180, 0],
							"uv": {
								"north": {"uv": [16, 16], "uv_size": [2, 2]},
								"east": {"uv": [16, 16], "uv_size": [2, 2]},
								"south": {"uv": [16, 16], "uv_size": [2, 2]},
								"west": {"uv": [16, 16], "uv_size": [2, 2]},
								"down": {"uv": [18, 18], "uv_size": [-2, -2]}
							}
						},
						{
							"origin": [5, 0, 3],
							"size": [2, 2, 2],
							"pivot": [0, 0, 0],
							"rotation": [0, 180, 0],
							"uv": {
								"north": {"uv": [16, 16], "uv_size": [2, 2]},
								"east": {"uv": [16, 16], "uv_size": [2, 2]},
								"south": {"uv": [16, 16], "uv_size": [2, 2]},
								"west": {"uv": [16, 16], "uv_size": [2, 2]},
								"down": {"uv": [18, 18], "uv_size": [-2, -2]}
							}
						},
						{
							"origin": [-7, 0, 3],
							"size": [2, 2, 2],
							"pivot": [0, 0, 0],
							"rotation": [0, 180, 0],
							"uv": {
								"north": {"uv": [16, 16], "uv_size": [2, 2]},
								"east": {"uv": [16, 16], "uv_size": [2, 2]},
								"south": {"uv": [16, 16], "uv_size": [2, 2]},
								"west": {"uv": [16, 16], "uv_size": [2, 2]},
								"down": {"uv": [18, 18], "uv_size": [-2, -2]}
							}
						},
						{
							"origin": [-7, 0, -7],
							"size": [2, 2, 2],
							"pivot": [0, 0, 0],
							"rotation": [0, 180, 0],
							"uv": {
								"north": {"uv": [16, 16], "uv_size": [2, 2]},
								"east": {"uv": [16, 16], "uv_size": [2, 2]},
								"south": {"uv": [16, 16], "uv_size": [2, 2]},
								"west": {"uv": [16, 16], "uv_size": [2, 2]},
								"down": {"uv": [18, 18], "uv_size": [-2, -2]}
							}
						},
						{
							"origin": [-8, 2, -8],
							"size": [16, 12, 13],
							"pivot": [0, 0, 0],
							"rotation": [0, 180, 0],
							"uv": {
								"north": {"uv": [16, 16], "uv_size": [16, 12]},
								"east": {"uv": [19, 16], "uv_size": [13, 12]},
								"west": {"uv": [16, 16], "uv_size": [13, 12]},
								"down": {"uv": [32, 32], "uv_size": [-16, -13]}
							}
						},
						{
							"origin": [-8, 14, -8],
							"size": [16, 2, 16],
							"pivot": [0, 0, 0],
							"rotation": [0, 180, 0],
							"uv": {
								"north": {"uv": [0, 14], "uv_size": [16, 2]},
								"east": {"uv": [0, 14], "uv_size": [16, 2]},
								"south": {"uv": [0, 14], "uv_size": [16, 2]},
								"west": {"uv": [0, 14], "uv_size": [16, 2]},
								"up": {"uv": [16, 16], "uv_size": [-16, -16]},
								"down": {"uv": [16, 16], "uv_size": [-16, -16]}
							}
						},
						{
							"origin": [-8, 8, 5],
							"size": [16, 6, 2],
							"pivot": [0, 0, 0],
							"rotation": [0, 180, 0],
							"uv": {
								"east": {"uv": [0, 10], "uv_size": [2, 6]},
								"south": {"uv": [0, 0], "uv_size": [16, 6]},
								"west": {"uv": [0, 6], "uv_size": [2, 6]}
							}
						},
						{
							"origin": [-8, 2, 5],
							"size": [16, 6, 2],
							"pivot": [0, 0, 0],
							"rotation": [0, 180, 0],
							"uv": {
								"east": {"uv": [0, 10], "uv_size": [2, 6]},
								"south": {"uv": [0, 0], "uv_size": [16, 6]},
								"west": {"uv": [0, 10], "uv_size": [2, 6]},
								"down": {"uv": [16, 2], "uv_size": [-16, -2]}
							}
						},
						{
							"origin": [-3, 11, 7],
							"size": [6, 1, 1],
							"pivot": [0, 0, 0],
							"rotation": [0, 180, 0],
							"uv": {
								"east": {"uv": [16, 16], "uv_size": [1, 1]},
								"south": {"uv": [16, 16], "uv_size": [6, 1]},
								"west": {"uv": [16, 16], "uv_size": [1, 1]},
								"up": {"uv": [22, 17], "uv_size": [-6, -1]},
								"down": {"uv": [22, 17], "uv_size": [-6, -1]}
							}
						},
						{
							"origin": [-3, 5, 7],
							"size": [6, 1, 1],
							"pivot": [0, 0, 0],
							"rotation": [0, 180, 0],
							"uv": {
								"east": {"uv": [16, 16], "uv_size": [1, 1]},
								"south": {"uv": [16, 16], "uv_size": [6, 1]},
								"west": {"uv": [16, 16], "uv_size": [1, 1]},
								"up": {"uv": [22, 17], "uv_size": [-6, -1]},
								"down": {"uv": [22, 17], "uv_size": [-6, -1]}
							}
						}
					]
				}
			]
		}
	]
}