{
	"format_version": "1.12.0",
	"minecraft:geometry": [
		{
			"description": {
				"identifier": "geometry.bin_open",
				"texture_width": 32,
				"texture_height": 32,
				"visible_bounds_width": 3,
				"visible_bounds_height": 2.5,
				"visible_bounds_offset": [0, 0.75, 0]
			},
			"bones": [
				{
					"name": "bb_main",
					"pivot": [0, 0, 0],
					"cubes": [
						{
							"origin": [-4.8, 0, -4.8],
							"size": [9.6, 12.8, 9.6],
							"pivot": [0, 0, 0],
							"rotation": [0, 90, 0],
							"uv": {
								"north": {"uv": [20.8, 0], "uv_size": [9.6, 12.8]},
								"east": {"uv": [20.8, 0], "uv_size": [9.6, 12.8]},
								"south": {"uv": [20.8, 0], "uv_size": [9.6, 12.8]},
								"west": {"uv": [20.8, 0], "uv_size": [9.6, 12.8]},
								"up": {"uv": [29.8, 28.8], "uv_size": [-9.6, -9.6]},
								"down": {"uv": [30.4, 12.8], "uv_size": [-9.6, -9.6]}
							}
						},
						{
							"origin": [-5.4, 13, -6.5],
							"size": [12.8, 1.6, 12.8],
							"pivot": [1, 6, 0],
							"rotation": [0, 90, -85],
							"uv": {
								"north": {"uv": [19.2, 12.8], "uv_size": [12.8, 1.6]},
								"east": {"uv": [19.2, 12.8], "uv_size": [12.8, 1.6]},
								"south": {"uv": [19.2, 12.8], "uv_size": [12.8, 1.6]},
								"west": {"uv": [19.2, 12.8], "uv_size": [12.8, 1.6]},
								"up": {"uv": [32, 14.4], "uv_size": [-12.8, -12.8]},
								"down": {"uv": [32, 14.4], "uv_size": [-12.8, -12.8]}
							}
						},
						{
							"origin": [-5.4, 12.36, -6.5],
							"size": [12.8, 0.64, 12.8],
							"pivot": [1, 6, 0],
							"rotation": [0, 90, -85],
							"uv": {
								"north": {"uv": [1.6, 12.16], "uv_size": [12.8, 0.64]},
								"east": {"uv": [1.6, 12.16], "uv_size": [12.8, 0.64]},
								"south": {"uv": [1.6, 12.16], "uv_size": [12.8, 0.64]},
								"west": {"uv": [1.6, 12.16], "uv_size": [12.8, 0.64]},
								"up": {"uv": [14.4, 14.4], "uv_size": [-12.8, -12.8]},
								"down": {"uv": [14.4, 14.4], "uv_size": [-12.8, -12.8]}
							}
						},
						{
							"origin": [0.2, 14.6, -4.1],
							"size": [1.6, 1.6, 1.6],
							"pivot": [1, 6, 0],
							"rotation": [0, 90, -85],
							"uv": {
								"north": {"uv": [7.2, 14.4], "uv_size": [1.6, 1.6]},
								"east": {"uv": [4, 14.4], "uv_size": [1.6, 1.6]},
								"south": {"uv": [7.2, 14.4], "uv_size": [1.6, 1.6]},
								"west": {"uv": [4, 14.4], "uv_size": [1.6, 1.6]},
								"up": {"uv": [8.8, 5.6], "uv_size": [-1.6, -1.6]},
								"down": {"uv": [8.8, 5.6], "uv_size": [-1.6, -1.6]}
							}
						},
						{
							"origin": [0.2, 14.6, 2.3],
							"size": [1.6, 1.6, 1.6],
							"pivot": [1, 6, 0],
							"rotation": [0, 90, -85],
							"uv": {
								"north": {"uv": [7.2, 14.4], "uv_size": [1.6, 1.6]},
								"east": {"uv": [10.4, 14.4], "uv_size": [1.6, 1.6]},
								"south": {"uv": [7.2, 14.4], "uv_size": [1.6, 1.6]},
								"west": {"uv": [10.4, 14.4], "uv_size": [1.6, 1.6]},
								"up": {"uv": [8.8, 12], "uv_size": [-1.6, -1.6]},
								"down": {"uv": [8.8, 12], "uv_size": [-1.6, -1.6]}
							}
						},
						{
							"origin": [0.2, 15.4, -2.5],
							"size": [1.6, 0.8, 4.8],
							"pivot": [1, 6, 0],
							"rotation": [0, 90, -85],
							"uv": {
								"north": {"uv": [7.2, 15.2], "uv_size": [1.6, 0.8]},
								"east": {"uv": [5.6, 15.2], "uv_size": [4.8, 0.8]},
								"south": {"uv": [7.2, 15.2], "uv_size": [1.6, 0.8]},
								"west": {"uv": [5.6, 15.2], "uv_size": [4.8, 0.8]},
								"up": {"uv": [8.8, 10.4], "uv_size": [-1.6, -4.8]},
								"down": {"uv": [8.8, 10.4], "uv_size": [-1.6, -4.8]}
							}
						}
					]
				}
			]
		}
	]
}