{
	"format_version": "1.12.0",
	"minecraft:geometry": [
		{
			"description": {
				"identifier": "geometry.blinds_open",
				"texture_width": 32,
				"texture_height": 32,
				"visible_bounds_width": 2,
				"visible_bounds_height": 2.5,
				"visible_bounds_offset": [0, 0.75, 0]
			},
			"bones": [
				{
					"name": "bb_main",
					"pivot": [0, 0, 0],
					"cubes": [
						{
							"origin": [-7, 1.984, -7.25008],
							"size": [0.5, 12.016, 0.50008],
							"pivot": [0, 0, 0],
							"rotation": [0, -90, 0],
							"uv": {
								"north": {"uv": [14.5, 1.984], "uv_size": [0.5, 12.016]},
								"east": {"uv": [0.74992, 1.984], "uv_size": [0.50008, 12.016]},
								"south": {"uv": [14.5, 1.984], "uv_size": [0.5, 12.016]},
								"west": {"uv": [0.74992, 1.984], "uv_size": [0.50008, 12.016]},
								"up": {"uv": [15, 1.25], "uv_size": [-0.5, -0.50008]},
								"down": {"uv": [15, 1.25], "uv_size": [-0.5, -0.50008]}
							}
						},
						{
							"origin": [-8, 12, -8],
							"size": [1, 1, 16],
							"pivot": [0, 0, 0],
							"rotation": [0, -90, 0],
							"uv": {
								"north": {"uv": [31, 12], "uv_size": [1, 1]},
								"east": {"uv": [16, 12], "uv_size": [16, 1]},
								"south": {"uv": [31, 12], "uv_size": [1, 1]},
								"west": {"uv": [16, 12], "uv_size": [16, 1]},
								"up": {"uv": [32, 16], "uv_size": [-1, -16]},
								"down": {"uv": [32, 16], "uv_size": [-1, -16]}
							}
						},
						{
							"origin": [-8, 10, -8],
							"size": [1, 1, 16],
							"pivot": [0, 0, 0],
							"rotation": [0, -90, 0],
							"uv": {
								"north": {"uv": [31, 10], "uv_size": [1, 1]},
								"east": {"uv": [16, 10], "uv_size": [16, 1]},
								"south": {"uv": [31, 10], "uv_size": [1, 1]},
								"west": {"uv": [16, 10], "uv_size": [16, 1]},
								"up": {"uv": [32, 16], "uv_size": [-1, -16]},
								"down": {"uv": [32, 16], "uv_size": [-1, -16]}
							}
						},
						{
							"origin": [-8, 8, -8],
							"size": [1, 1, 16],
							"pivot": [0, 0, 0],
							"rotation": [0, -90, 0],
							"uv": {
								"north": {"uv": [31, 8], "uv_size": [1, 1]},
								"east": {"uv": [16, 8], "uv_size": [16, 1]},
								"south": {"uv": [31, 8], "uv_size": [1, 1]},
								"west": {"uv": [16, 8], "uv_size": [16, 1]},
								"up": {"uv": [32, 16], "uv_size": [-1, -16]},
								"down": {"uv": [32, 16], "uv_size": [-1, -16]}
							}
						},
						{
							"origin": [-8, 6, -8],
							"size": [1, 1, 16],
							"pivot": [0, 0, 0],
							"rotation": [0, -90, 0],
							"uv": {
								"north": {"uv": [31, 6], "uv_size": [1, 1]},
								"east": {"uv": [16, 6], "uv_size": [16, 1]},
								"south": {"uv": [31, 6], "uv_size": [1, 1]},
								"west": {"uv": [16, 6], "uv_size": [16, 1]},
								"up": {"uv": [32, 16], "uv_size": [-1, -16]},
								"down": {"uv": [32, 16], "uv_size": [-1, -16]}
							}
						},
						{
							"origin": [-8, 4, -8],
							"size": [1, 1, 16],
							"pivot": [0, 0, 0],
							"rotation": [0, -90, 0],
							"uv": {
								"north": {"uv": [31, 4], "uv_size": [1, 1]},
								"east": {"uv": [16, 4], "uv_size": [16, 1]},
								"south": {"uv": [31, 4], "uv_size": [1, 1]},
								"west": {"uv": [16, 4], "uv_size": [16, 1]},
								"up": {"uv": [32, 16], "uv_size": [-1, -16]},
								"down": {"uv": [32, 16], "uv_size": [-1, -16]}
							}
						},
						{
							"origin": [-8, 14, -8],
							"size": [2, 2, 16],
							"pivot": [0, 0, 0],
							"rotation": [0, -90, 0],
							"uv": {
								"north": {"uv": [30, 30], "uv_size": [2, 2]},
								"east": {"uv": [16, 30], "uv_size": [16, 2]},
								"south": {"uv": [30, 30], "uv_size": [2, 2]},
								"west": {"uv": [16, 30], "uv_size": [16, 2]},
								"up": {"uv": [32, 32], "uv_size": [-2, -16]},
								"down": {"uv": [32, 32], "uv_size": [-2, -16]}
							}
						},
						{
							"origin": [-8, 0, -8],
							"size": [1, 1, 16],
							"pivot": [0, 0, 0],
							"rotation": [0, -90, 0],
							"uv": {
								"north": {"uv": [31, 0], "uv_size": [1, 1]},
								"east": {"uv": [16, 0], "uv_size": [16, 1]},
								"south": {"uv": [31, 0], "uv_size": [1, 1]},
								"west": {"uv": [16, 0], "uv_size": [16, 1]},
								"up": {"uv": [32, 16], "uv_size": [-1, -16]},
								"down": {"uv": [32, 16], "uv_size": [-1, -16]}
							}
						},
						{
							"origin": [-8, 2, -8],
							"size": [1, 1, 16],
							"pivot": [0, 0, 0],
							"rotation": [0, -90, 0],
							"uv": {
								"north": {"uv": [31, 2], "uv_size": [1, 1]},
								"east": {"uv": [16, 2], "uv_size": [16, 1]},
								"south": {"uv": [31, 2], "uv_size": [1, 1]},
								"west": {"uv": [16, 2], "uv_size": [16, 1]},
								"up": {"uv": [32, 16], "uv_size": [-1, -16]},
								"down": {"uv": [32, 16], "uv_size": [-1, -16]}
							}
						}
					]
				}
			]
		}
	]
}