{
	"format_version": "1.12.0",
	"minecraft:geometry": [
		{
			"description": {
				"identifier": "geometry.blinds_closed",
				"texture_width": 32,
				"texture_height": 32,
				"visible_bounds_width": 2,
				"visible_bounds_height": 2.5,
				"visible_bounds_offset": [0, 0.75, 0]
			},
			"bones": [
				{
					"name": "bb_main",
					"pivot": [0, 0, 0],
					"cubes": [
						{
							"origin": [-7, 8, -7.25],
							"size": [0.5, 6, 0.5],
							"pivot": [0, 0, 0],
							"rotation": [0, -90, 0],
							"uv": {
								"north": {"uv": [14.5, 8], "uv_size": [0.5, 6]},
								"east": {"uv": [0.75, 8], "uv_size": [0.5, 6]},
								"south": {"uv": [14.5, 8], "uv_size": [0.5, 6]},
								"west": {"uv": [0.75, 8], "uv_size": [0.5, 6]},
								"up": {"uv": [15, 1.25], "uv_size": [-0.5, -0.5]},
								"down": {"uv": [15, 1.25], "uv_size": [-0.5, -0.5]}
							}
						},
						{
							"origin": [-8, 0, -8],
							"size": [1, 14, 16],
							"pivot": [0, 0, 0],
							"rotation": [0, -90, 0],
							"uv": {
								"north": {"uv": [31, 0], "uv_size": [1, 14]},
								"east": {"uv": [16, 0], "uv_size": [16, 14]},
								"south": {"uv": [31, 0], "uv_size": [1, 14]},
								"west": {"uv": [16, 0], "uv_size": [16, 14]},
								"up": {"uv": [32, 16], "uv_size": [-1, -16]},
								"down": {"uv": [32, 16], "uv_size": [-1, -16]}
							}
						},
						{
							"origin": [-8, 14, -8],
							"size": [2, 2, 16],
							"pivot": [0, 0, 0],
							"rotation": [0, -90, 0],
							"uv": {
								"north": {"uv": [30, 30], "uv_size": [2, 2]},
								"east": {"uv": [16, 30], "uv_size": [16, 2]},
								"south": {"uv": [30, 30], "uv_size": [2, 2]},
								"west": {"uv": [16, 30], "uv_size": [16, 2]},
								"up": {"uv": [32, 32], "uv_size": [-2, -16]},
								"down": {"uv": [32, 32], "uv_size": [-2, -16]}
							}
						}
					]
				}
			]
		}
	]
}