{
	"format_version": "1.12.0",
	"minecraft:geometry": [
		{
			"description": {
				"identifier": "geometry.cabinetopen",
				"texture_width": 64,
				"texture_height": 64,
				"visible_bounds_width": 4,
				"visible_bounds_height": 2.5,
				"visible_bounds_offset": [0, 0.75, 0]
			},
			"bones": [
				{
					"name": "bb_main",
					"pivot": [0, 0, 0],
					"cubes": [
						{
							"origin": [5, 0, -7],
							"size": [3, 16, 12],
							"pivot": [0, 0, 0],
							"rotation": [0, 180, 0],
							"uv": {
								"east": {"uv": [3, 0], "uv_size": [13, 16]},
								"south": {"uv": [0, 0], "uv_size": [3, 16]},
								"west": {"uv": [0, 3], "uv_size": [16, 12]},
								"up": {"uv": [19, 0], "uv_size": [-3, 16]},
								"down": {"uv": [19, 16], "uv_size": [-3, -16]}
							}
						},
						{
							"origin": [8, 5, 19],
							"size": [1, 6, 1],
							"pivot": [0, 0, 0],
							"rotation": [0, 180, 0],
							"uv": {
								"north": {"uv": [1, 0], "uv_size": [1, 6]},
								"south": {"uv": [1, 0], "uv_size": [1, 6]},
								"west": {"uv": [1, 0], "uv_size": [1, 6]},
								"up": {"uv": [2, 1], "uv_size": [-1, -1]},
								"down": {"uv": [2, 1], "uv_size": [-1, -1]}
							}
						},
						{
							"origin": [-8, 0, -7],
							"size": [3, 16, 12],
							"pivot": [0, 0, 0],
							"rotation": [0, 180, 0],
							"uv": {
								"east": {"uv": [16, 3], "uv_size": [-16, 12]},
								"south": {"uv": [0, 0], "uv_size": [2, 16]},
								"west": {"uv": [0, 0], "uv_size": [12, 16]},
								"up": {"uv": [32, 0], "uv_size": [-3, 16]},
								"down": {"uv": [19, 16], "uv_size": [-3, -16]}
							}
						},
						{
							"origin": [-5, 0, -7],
							"size": [10, 3, 12],
							"pivot": [0, 0, 0],
							"rotation": [0, 180, 0],
							"uv": {
								"south": {"uv": [3, 13], "uv_size": [10, 3]},
								"up": {"uv": [13, 12], "uv_size": [-10, -12]},
								"down": {"uv": [26, 16], "uv_size": [-10, -16]}
							}
						},
						{
							"origin": [-5, 13, -7],
							"size": [10, 3, 12],
							"pivot": [0, 0, 0],
							"rotation": [0, 180, 0],
							"uv": {
								"south": {"uv": [3, 0], "uv_size": [10, 3]},
								"up": {"uv": [29, 0], "uv_size": [-10, 16]},
								"down": {"uv": [13, 12], "uv_size": [-10, -12]}
							}
						},
						{
							"origin": [-8, 0, -8],
							"size": [16, 16, 1],
							"pivot": [0, 0, 0],
							"rotation": [0, 180, 0],
							"uv": {
								"north": {"uv": [42, 0], "uv_size": [14, 14]},
								"east": {"uv": [42, 0], "uv_size": [1, 14]},
								"south": {"uv": [42, 0], "uv_size": [14, 14]},
								"west": {"uv": [42, 0], "uv_size": [1, 14]},
								"up": {"uv": [56, 1], "uv_size": [-14, -1]},
								"down": {"uv": [56, 1], "uv_size": [-14, -1]}
							}
						},
						{
							"origin": [6, 0, 5],
							"size": [2, 16, 16],
							"pivot": [0, 0, 0],
							"rotation": [0, 180, 0],
							"uv": {
								"east": {"uv": [42, 0], "uv_size": [14, 14]},
								"south": {"uv": [54, 0], "uv_size": [2, 14]},
								"west": {"uv": [42, 0], "uv_size": [14, 14]},
								"up": {"uv": [44, 14], "uv_size": [-2, -14]},
								"down": {"uv": [44, 14], "uv_size": [-2, -14]}
							}
						}
					]
				}
			]
		}
	]
}