{
	"format_version": "1.12.0",
	"minecraft:geometry": [
		{
			"description": {
				"identifier": "geometry.cabinet",
				"texture_width": 64,
				"texture_height": 64,
				"visible_bounds_width": 4,
				"visible_bounds_height": 2.5,
				"visible_bounds_offset": [0, 0.75, 0]
			},
			"bones": [
				{
					"name": "bb_main",
					"pivot": [0, 0, 0],
					"cubes": [
						{
							"origin": [-8, 0, -7],
							"size": [16, 16, 12],
							"pivot": [0, 0, 0],
							"rotation": [0, 180, 0],
							"uv": {
								"east": {"uv": [16, 3], "uv_size": [-16, 12]},
								"west": {"uv": [0, 3], "uv_size": [16, 12]},
								"up": {"uv": [32, 0], "uv_size": [-16, 16]},
								"down": {"uv": [32, 16], "uv_size": [-16, -16]}
							}
						},
						{
							"origin": [-7, 5, 7],
							"size": [1, 6, 1],
							"pivot": [0, 0, 0],
							"rotation": [0, 180, 0],
							"uv": {
								"north": {"uv": [1, 0], "uv_size": [1, 6]},
								"east": {"uv": [1, 0], "uv_size": [1, 6]},
								"south": {"uv": [1, 0], "uv_size": [1, 6]},
								"west": {"uv": [1, 0], "uv_size": [1, 6]},
								"up": {"uv": [2, 1], "uv_size": [-1, -1]},
								"down": {"uv": [2, 1], "uv_size": [-1, -1]}
							}
						},
						{
							"origin": [-8, 0, -8],
							"size": [16, 16, 1],
							"pivot": [0, 0, 0],
							"rotation": [0, 180, 0],
							"uv": {
								"north": {"uv": [42, 0], "uv_size": [14, 14]},
								"east": {"uv": [42, 0], "uv_size": [1, 14]},
								"west": {"uv": [42, 0], "uv_size": [1, 14]},
								"up": {"uv": [56, 1], "uv_size": [-14, -1]},
								"down": {"uv": [56, 1], "uv_size": [-14, -1]}
							}
						},
						{
							"origin": [-8, 0, 5],
							"size": [16, 16, 2],
							"pivot": [0, 0, 0],
							"rotation": [0, 180, 0],
							"uv": {
								"east": {"uv": [56, 0], "uv_size": [-2, 14]},
								"south": {"uv": [42, 0], "uv_size": [14, 14]},
								"west": {"uv": [42, 0], "uv_size": [2, 14]},
								"up": {"uv": [56, 2], "uv_size": [-14, -2]},
								"down": {"uv": [56, 12], "uv_size": [-14, 2]}
							}
						}
					]
				}
			]
		}
	]
}