{
	"format_version": "1.12.0",
	"minecraft:geometry": [
		{
			"description": {
				"identifier": "geometry.candle",
				"texture_width": 32,
				"texture_height": 32,
				"visible_bounds_width": 2,
				"visible_bounds_height": 2.5,
				"visible_bounds_offset": [0, 0.75, 0]
			},
			"bones": [
				{
					"name": "bb_main",
					"pivot": [0, 0, 0],
					"cubes": [
						{
							"origin": [-4, 0, -4],
							"size": [8, 1, 8],
							"uv": {
								"north": {"uv": [24, 24], "uv_size": [8, 1]},
								"east": {"uv": [24, 24], "uv_size": [8, 1]},
								"south": {"uv": [24, 24], "uv_size": [8, 1]},
								"west": {"uv": [24, 24], "uv_size": [8, 1]},
								"up": {"uv": [32, 32], "uv_size": [-8, -8]},
								"down": {"uv": [32, 32], "uv_size": [-8, -8]}
							}
						},
						{
							"origin": [-3, 1, -3],
							"size": [6, 1, 6],
							"uv": {
								"north": {"uv": [24, 24], "uv_size": [6, 1]},
								"east": {"uv": [24, 24], "uv_size": [6, 1]},
								"south": {"uv": [24, 24], "uv_size": [6, 1]},
								"west": {"uv": [24, 24], "uv_size": [6, 1]},
								"up": {"uv": [30, 30], "uv_size": [-6, -6]},
								"down": {"uv": [30, 30], "uv_size": [-6, -6]}
							}
						},
						{
							"origin": [-1, 2, -1],
							"size": [2, 11, 2],
							"uv": {
								"north": {"uv": [16, 0], "uv_size": [2, 11]},
								"east": {"uv": [16, 0], "uv_size": [2, 11]},
								"south": {"uv": [16, 0], "uv_size": [2, 11]},
								"west": {"uv": [16, 0], "uv_size": [2, 11]},
								"up": {"uv": [18, 2], "uv_size": [-2, -2]},
								"down": {"uv": [18, 2], "uv_size": [-2, -2]}
							}
						},
						{
							"origin": [-1, 7, -6],
							"size": [2, 2, 12],
							"uv": {
								"north": {"uv": [16, 0], "uv_size": [2, 2]},
								"east": {"uv": [16, 0], "uv_size": [12, 2]},
								"south": {"uv": [16, 0], "uv_size": [2, 2]},
								"west": {"uv": [16, 0], "uv_size": [12, 2]},
								"up": {"uv": [18, 12], "uv_size": [-2, -12]},
								"down": {"uv": [18, 12], "uv_size": [-2, -12]}
							}
						},
						{
							"origin": [-6, 7, -1],
							"size": [12, 2, 2],
							"uv": {
								"north": {"uv": [16, 0], "uv_size": [12, 2]},
								"east": {"uv": [16, 0], "uv_size": [2, 2]},
								"south": {"uv": [16, 0], "uv_size": [12, 2]},
								"west": {"uv": [16, 0], "uv_size": [2, 2]},
								"up": {"uv": [28, 2], "uv_size": [-12, -2]},
								"down": {"uv": [28, 2], "uv_size": [-12, -2]}
							}
						},
						{
							"origin": [3, 9, -2],
							"size": [4, 1, 4],
							"uv": {
								"north": {"uv": [0, 16], "uv_size": [4, 1]},
								"east": {"uv": [0, 16], "uv_size": [4, 1]},
								"south": {"uv": [0, 16], "uv_size": [4, 1]},
								"west": {"uv": [0, 16], "uv_size": [4, 1]},
								"up": {"uv": [5, 21], "uv_size": [-4, -4]},
								"down": {"uv": [5, 21], "uv_size": [-4, -4]}
							}
						},
						{
							"origin": [-2, 9, 3],
							"size": [4, 1, 4],
							"uv": {
								"north": {"uv": [0, 16], "uv_size": [4, 1]},
								"east": {"uv": [0, 16], "uv_size": [4, 1]},
								"south": {"uv": [0, 16], "uv_size": [4, 1]},
								"west": {"uv": [0, 16], "uv_size": [4, 1]},
								"up": {"uv": [5, 21], "uv_size": [-4, -4]},
								"down": {"uv": [5, 21], "uv_size": [-4, -4]}
							}
						},
						{
							"origin": [-2, 9, -7],
							"size": [4, 1, 4],
							"uv": {
								"north": {"uv": [0, 16], "uv_size": [4, 1]},
								"east": {"uv": [0, 16], "uv_size": [4, 1]},
								"south": {"uv": [0, 16], "uv_size": [4, 1]},
								"west": {"uv": [0, 16], "uv_size": [4, 1]},
								"up": {"uv": [5, 21], "uv_size": [-4, -4]},
								"down": {"uv": [5, 21], "uv_size": [-4, -4]}
							}
						},
						{
							"origin": [-7, 9, -2],
							"size": [4, 1, 4],
							"uv": {
								"north": {"uv": [0, 16], "uv_size": [4, 1]},
								"east": {"uv": [0, 16], "uv_size": [4, 1]},
								"south": {"uv": [0, 16], "uv_size": [4, 1]},
								"west": {"uv": [0, 16], "uv_size": [4, 1]},
								"up": {"uv": [5, 21], "uv_size": [-4, -4]},
								"down": {"uv": [5, 21], "uv_size": [-4, -4]}
							}
						},
						{
							"origin": [-2, 13, -2],
							"size": [4, 1, 4],
							"uv": {
								"north": {"uv": [0, 16], "uv_size": [4, 1]},
								"east": {"uv": [0, 16], "uv_size": [4, 1]},
								"south": {"uv": [0, 16], "uv_size": [4, 1]},
								"west": {"uv": [0, 16], "uv_size": [4, 1]},
								"up": {"uv": [5, 21], "uv_size": [-4, -4]},
								"down": {"uv": [5, 21], "uv_size": [-4, -4]}
							}
						},
						{
							"origin": [4.3, 10, -0.8],
							"size": [1.5, 7, 1.5],
							"uv": {
								"north": {"uv": [0, 0], "uv_size": [1.5, 7]},
								"east": {"uv": [0, 0], "uv_size": [1.5, 7]},
								"south": {"uv": [0, 0], "uv_size": [1.5, 7]},
								"west": {"uv": [0, 0], "uv_size": [1.5, 7]},
								"up": {"uv": [1.5, 1.5], "uv_size": [-1.5, -1.5]},
								"down": {"uv": [1.5, 1.5], "uv_size": [-1.5, -1.5]}
							}
						},
						{
							"origin": [-5.7, 10, -0.8],
							"size": [1.5, 7, 1.5],
							"uv": {
								"north": {"uv": [0, 0], "uv_size": [1.5, 7]},
								"east": {"uv": [0, 0], "uv_size": [1.5, 7]},
								"south": {"uv": [0, 0], "uv_size": [1.5, 7]},
								"west": {"uv": [0, 0], "uv_size": [1.5, 7]},
								"up": {"uv": [1.5, 1.5], "uv_size": [-1.5, -1.5]},
								"down": {"uv": [1.5, 1.5], "uv_size": [-1.5, -1.5]}
							}
						},
						{
							"origin": [-0.7, 10, 4.2],
							"size": [1.5, 7, 1.5],
							"uv": {
								"north": {"uv": [0, 0], "uv_size": [1.5, 7]},
								"east": {"uv": [0, 0], "uv_size": [1.5, 7]},
								"south": {"uv": [0, 0], "uv_size": [1.5, 7]},
								"west": {"uv": [0, 0], "uv_size": [1.5, 7]},
								"up": {"uv": [1.5, 1.5], "uv_size": [-1.5, -1.5]},
								"down": {"uv": [1.5, 1.5], "uv_size": [-1.5, -1.5]}
							}
						},
						{
							"origin": [-0.7, 10, -5.8],
							"size": [1.5, 7, 1.5],
							"uv": {
								"north": {"uv": [0, 0], "uv_size": [1.5, 7]},
								"east": {"uv": [0, 0], "uv_size": [1.5, 7]},
								"south": {"uv": [0, 0], "uv_size": [1.5, 7]},
								"west": {"uv": [0, 0], "uv_size": [1.5, 7]},
								"up": {"uv": [1.5, 1.5], "uv_size": [-1.5, -1.5]},
								"down": {"uv": [1.5, 1.5], "uv_size": [-1.5, -1.5]}
							}
						},
						{
							"origin": [-0.7, 14, -0.8],
							"size": [1.5, 7, 1.5],
							"uv": {
								"north": {"uv": [0, 0], "uv_size": [1.5, 7]},
								"east": {"uv": [0, 0], "uv_size": [1.5, 7]},
								"south": {"uv": [0, 0], "uv_size": [1.5, 7]},
								"west": {"uv": [0, 0], "uv_size": [1.5, 7]},
								"up": {"uv": [1.5, 1.5], "uv_size": [-1.5, -1.5]},
								"down": {"uv": [1.5, 1.5], "uv_size": [-1.5, -1.5]}
							}
						}
					]
				}
			]
		}
	]
}