{
	"format_version": "1.12.0",
	"minecraft:geometry": [
		{
			"description": {
				"identifier": "geometry.ceiling_fan",
				"texture_width": 32,
				"texture_height": 32,
				"visible_bounds_width": 3,
				"visible_bounds_height": 2.5,
				"visible_bounds_offset": [0, 0.75, 0]
			},
			"bones": [
				{
					"name": "bb_main",
					"pivot": [0, 0, 0],
					"cubes": [
						{
							"origin": [-3, 14, -2],
							"size": [4, 2, 4],
							"uv": {
								"north": {"uv": [28, 0], "uv_size": [4, 2]},
								"east": {"uv": [28, 0], "uv_size": [4, 2]},
								"south": {"uv": [28, 0], "uv_size": [4, 2]},
								"west": {"uv": [28, 0], "uv_size": [4, 2]},
								"up": {"uv": [32, 4], "uv_size": [-4, -4]},
								"down": {"uv": [32, 4], "uv_size": [-4, -4]}
							}
						},
						{
							"origin": [-1.8, 9, -0.8],
							"size": [1.6, 5, 1.6],
							"uv": {
								"north": {"uv": [22, 16], "uv_size": [1.6, 5]},
								"east": {"uv": [22, 16], "uv_size": [1.6, 5]},
								"south": {"uv": [22, 16], "uv_size": [1.6, 5]},
								"west": {"uv": [22, 16], "uv_size": [1.6, 5]},
								"up": {"uv": [15.6, 17.6], "uv_size": [6.4, -1.6]},
								"down": {"uv": [23.6, 17.6], "uv_size": [-1.6, -1.6]}
							}
						},
						{
							"origin": [-3, 6, -1],
							"size": [4, 3, 2],
							"uv": {
								"north": {"uv": [0, 0], "uv_size": [4, 3]},
								"east": {"uv": [0, 0], "uv_size": [2, 3]},
								"south": {"uv": [0, 0], "uv_size": [4, 3]},
								"west": {"uv": [0, 0], "uv_size": [2, 3]},
								"up": {"uv": [4, 2], "uv_size": [-4, -2]},
								"down": {"uv": [4, 2], "uv_size": [-4, -2]}
							}
						},
						{
							"origin": [-2, 6, -2],
							"size": [2, 3, 4],
							"uv": {
								"north": {"uv": [0, 0], "uv_size": [2, 3]},
								"east": {"uv": [0, 0], "uv_size": [4, 3]},
								"south": {"uv": [0, 0], "uv_size": [2, 3]},
								"west": {"uv": [0, 0], "uv_size": [4, 3]},
								"up": {"uv": [2, 4], "uv_size": [-2, -4]},
								"down": {"uv": [2, 4], "uv_size": [-2, -4]}
							}
						},
						{
							"origin": [-3, 6, 1],
							"size": [1, 3, 1.4],
							"pivot": [-3, 7, 1],
							"rotation": [0, 45, 0],
							"uv": {
								"north": {"uv": [0, 0], "uv_size": [1, 3]},
								"east": {"uv": [0, 0], "uv_size": [1.4, 3]},
								"south": {"uv": [0, 0], "uv_size": [1, 3]},
								"west": {"uv": [0, 0], "uv_size": [1.4, 3]},
								"up": {"uv": [1, 1.4], "uv_size": [-1, -1.4]},
								"down": {"uv": [1, 1.4], "uv_size": [-1, -1.4]}
							}
						},
						{
							"origin": [-1, 6, -2],
							"size": [1, 3, 1.4],
							"pivot": [0, 7, -2],
							"rotation": [0, 45, 0],
							"uv": {
								"north": {"uv": [0, 0], "uv_size": [1, 3]},
								"east": {"uv": [0, 0], "uv_size": [1.4, 3]},
								"south": {"uv": [0, 0], "uv_size": [1, 3]},
								"west": {"uv": [0, 0], "uv_size": [1.4, 3]},
								"up": {"uv": [1, 1.4], "uv_size": [-1, -1.4]},
								"down": {"uv": [1, 1.4], "uv_size": [-1, -1.4]}
							}
						},
						{
							"origin": [-2, 6, -2],
							"size": [1, 3, 1.4],
							"pivot": [-2, 7, -2],
							"rotation": [0, -45, 0],
							"uv": {
								"north": {"uv": [0, 0], "uv_size": [1, 3]},
								"east": {"uv": [0, 0], "uv_size": [1.4, 3]},
								"south": {"uv": [0, 0], "uv_size": [1, 3]},
								"west": {"uv": [0, 0], "uv_size": [1.4, 3]},
								"up": {"uv": [1, 1.4], "uv_size": [-1, -1.4]},
								"down": {"uv": [1, 1.4], "uv_size": [-1, -1.4]}
							}
						},
						{
							"origin": [0, 6, 1],
							"size": [1, 3, 1.4],
							"pivot": [1, 7, 1],
							"rotation": [0, -45, 0],
							"uv": {
								"north": {"uv": [0, 0], "uv_size": [1, 3]},
								"east": {"uv": [0, 0], "uv_size": [1.4, 3]},
								"south": {"uv": [0, 0], "uv_size": [1, 3]},
								"west": {"uv": [0, 0], "uv_size": [1.4, 3]},
								"up": {"uv": [1, 1.4], "uv_size": [-1, -1.4]},
								"down": {"uv": [1, 1.4], "uv_size": [-1, -1.4]}
							}
						},
						{
							"origin": [-4, 6.5, -1.24264],
							"size": [6, 2, 2.48528],
							"pivot": [-1, 7, 0],
							"rotation": [0, 45, 0],
							"uv": {
								"north": {"uv": [31, 0], "uv_size": [1, 1]},
								"east": {"uv": [31, 0], "uv_size": [1, 1]},
								"south": {"uv": [31, 0], "uv_size": [1, 1]},
								"west": {"uv": [31, 0], "uv_size": [1, 1]},
								"up": {"uv": [32, 1], "uv_size": [-1, -1]},
								"down": {"uv": [32, 1], "uv_size": [-1, -1]}
							}
						},
						{
							"origin": [-2.24264, 6.5, -3],
							"size": [2.48528, 2, 6],
							"uv": {
								"north": {"uv": [31, 0], "uv_size": [1, 1]},
								"east": {"uv": [31, 0], "uv_size": [1, 1]},
								"south": {"uv": [31, 0], "uv_size": [1, 1]},
								"west": {"uv": [31, 0], "uv_size": [1, 1]},
								"up": {"uv": [32, 1], "uv_size": [-1, -1]},
								"down": {"uv": [32, 1], "uv_size": [-1, -1]}
							}
						},
						{
							"origin": [-2.24264, 6.5, -3],
							"size": [2.48528, 2, 6],
							"pivot": [-1, 7, 0],
							"rotation": [0, 45, 0],
							"uv": {
								"north": {"uv": [31, 0], "uv_size": [1, 1]},
								"east": {"uv": [31, 0], "uv_size": [1, 1]},
								"south": {"uv": [31, 0], "uv_size": [1, 1]},
								"west": {"uv": [31, 0], "uv_size": [1, 1]},
								"up": {"uv": [32, 1], "uv_size": [-1, -1]},
								"down": {"uv": [32, 1], "uv_size": [-1, -1]}
							}
						},
						{
							"origin": [-4, 6.5, -1.24264],
							"size": [6, 2, 2.48528],
							"uv": {
								"north": {"uv": [31, 0], "uv_size": [1, 1]},
								"east": {"uv": [31, 0], "uv_size": [1, 1]},
								"south": {"uv": [31, 0], "uv_size": [1, 1]},
								"west": {"uv": [31, 0], "uv_size": [1, 1]},
								"up": {"uv": [32, 1], "uv_size": [-1, -1]},
								"down": {"uv": [32, 1], "uv_size": [-1, -1]}
							}
						},
						{
							"origin": [-16, 7, -1.24264],
							"size": [12, 1, 2.48528],
							"uv": {
								"north": {"uv": [16, 16], "uv_size": [1, 1]},
								"east": {"uv": [16, 16], "uv_size": [1, 1]},
								"south": {"uv": [16, 16], "uv_size": [1, 1]},
								"west": {"uv": [16, 16], "uv_size": [1, 1]},
								"up": {"uv": [17, 17], "uv_size": [-1, -1]},
								"down": {"uv": [17, 17], "uv_size": [-1, -1]}
							}
						},
						{
							"origin": [2, 7, -1.24264],
							"size": [12, 1, 2.48528],
							"uv": {
								"north": {"uv": [16, 16], "uv_size": [1, 1]},
								"east": {"uv": [16, 16], "uv_size": [1, 1]},
								"south": {"uv": [16, 16], "uv_size": [1, 1]},
								"west": {"uv": [16, 16], "uv_size": [1, 1]},
								"up": {"uv": [17, 17], "uv_size": [-1, -1]},
								"down": {"uv": [17, 17], "uv_size": [-1, -1]}
							}
						},
						{
							"origin": [-2.24264, 7, -15],
							"size": [2.48528, 1, 12],
							"uv": {
								"north": {"uv": [16, 16], "uv_size": [1, 1]},
								"east": {"uv": [16, 16], "uv_size": [1, 1]},
								"south": {"uv": [16, 16], "uv_size": [1, 1]},
								"west": {"uv": [16, 16], "uv_size": [1, 1]},
								"up": {"uv": [17, 17], "uv_size": [-1, -1]},
								"down": {"uv": [17, 17], "uv_size": [-1, -1]}
							}
						},
						{
							"origin": [-2.24264, 7, 3],
							"size": [2.48528, 1, 12],
							"uv": {
								"north": {"uv": [16, 16], "uv_size": [1, 1]},
								"east": {"uv": [16, 16], "uv_size": [1, 1]},
								"south": {"uv": [16, 16], "uv_size": [1, 1]},
								"west": {"uv": [16, 16], "uv_size": [1, 1]},
								"up": {"uv": [17, 17], "uv_size": [-1, -1]},
								"down": {"uv": [17, 17], "uv_size": [-1, -1]}
							}
						}
					]
				}
			]
		}
	]
}