{
	"format_version": "1.12.0",
	"minecraft:geometry": [
		{
			"description": {
				"identifier": "geometry.ceiling_light_off",
				"texture_width": 32,
				"texture_height": 32,
				"visible_bounds_width": 2,
				"visible_bounds_height": 2.5,
				"visible_bounds_offset": [0, 0.75, 0]
			},
			"bones": [
				{
					"name": "bb_main",
					"pivot": [0, 0, 0],
					"cubes": [
						{
							"origin": [-1.6, 15, -1.6],
							"size": [3.2, 1, 3.2],
							"uv": {
								"north": {"uv": [28.8, 8.6], "uv_size": [3.2, 1]},
								"east": {"uv": [28.8, 8.6], "uv_size": [3.2, 1]},
								"south": {"uv": [28.8, 8.6], "uv_size": [3.2, 1]},
								"west": {"uv": [28.8, 8.6], "uv_size": [3.2, 1]},
								"up": {"uv": [32, 3.2], "uv_size": [-3.2, -3.2]},
								"down": {"uv": [32, 3.2], "uv_size": [-3.2, -3.2]}
							}
						},
						{
							"origin": [-0.8, 12, -0.8],
							"size": [1.6, 3, 1.6],
							"uv": {
								"north": {"uv": [29.6, 29], "uv_size": [1.6, 3]},
								"east": {"uv": [29.6, 29], "uv_size": [1.6, 3]},
								"south": {"uv": [29.6, 29], "uv_size": [1.6, 3]},
								"west": {"uv": [29.6, 29], "uv_size": [1.6, 3]},
								"up": {"uv": [31.2, 25.8], "uv_size": [-1.6, -1.6]},
								"down": {"uv": [31.2, 25.8], "uv_size": [-1.6, -1.6]}
							}
						},
						{
							"origin": [-1.6, 12, -1.6],
							"size": [3.2, 1, 3.2],
							"uv": {
								"north": {"uv": [28.8, 29], "uv_size": [3.2, 1]},
								"east": {"uv": [28.8, 29], "uv_size": [3.2, 1]},
								"south": {"uv": [28.8, 29], "uv_size": [3.2, 1]},
								"west": {"uv": [28.8, 29], "uv_size": [3.2, 1]},
								"up": {"uv": [32, 26.6], "uv_size": [-3.2, -3.2]},
								"down": {"uv": [32, 26.6], "uv_size": [-3.2, -3.2]}
							}
						},
						{
							"origin": [-1.6, 8, -1.6],
							"size": [3.2, 4, 3.2],
							"uv": {
								"north": {"uv": [6.4, 8], "uv_size": [3.2, 4]},
								"east": {"uv": [6.4, 8], "uv_size": [3.2, 4]},
								"south": {"uv": [6.4, 8], "uv_size": [3.2, 4]},
								"west": {"uv": [6.4, 8], "uv_size": [3.2, 4]},
								"up": {"uv": [9.6, 9.6], "uv_size": [-3.2, -3.2]},
								"down": {"uv": [9.6, 9.6], "uv_size": [-3.2, -3.2]}
							}
						}
					]
				}
			]
		}
	]
}