{
	"format_version": "1.12.0",
	"minecraft:geometry": [
		{
			"description": {
				"identifier": "geometry.chair",
				"texture_width": 32,
				"texture_height": 32,
				"visible_bounds_width": 2,
				"visible_bounds_height": 2.5,
				"visible_bounds_offset": [0, 0.75, 0]
			},
			"bones": [
				{
					"name": "bb_main",
					"pivot": [0, 0, 0],
					"cubes": [
						{
							"origin": [-6, 0, -6],
							"size": [2, 8, 2],
							"uv": {
								"north": {"uv": [1, 0], "uv_size": [2, 8]},
								"east": {"uv": [12, 0], "uv_size": [2, 8]},
								"south": {"uv": [1, 0], "uv_size": [2, 8]},
								"west": {"uv": [12, 0], "uv_size": [2, 8]},
								"down": {"uv": [3.6, 14.8], "uv_size": [-2, -2]}
							}
						},
						{
							"origin": [-6, 0, 4],
							"size": [2, 8, 2],
							"uv": {
								"north": {"uv": [1, 0], "uv_size": [2, 8]},
								"east": {"uv": [12, 0], "uv_size": [2, 8]},
								"south": {"uv": [1, 0], "uv_size": [2, 8]},
								"west": {"uv": [12, 0], "uv_size": [2, 8]},
								"down": {"uv": [3.6, 14.8], "uv_size": [-2, -2]}
							}
						},
						{
							"origin": [4, 0, -6],
							"size": [2, 8, 2],
							"uv": {
								"north": {"uv": [1, 0], "uv_size": [2, 8]},
								"east": {"uv": [12, 0], "uv_size": [2, 8]},
								"south": {"uv": [1, 0], "uv_size": [2, 8]},
								"west": {"uv": [12, 0], "uv_size": [2, 8]},
								"down": {"uv": [3.6, 14.8], "uv_size": [-2, -2]}
							}
						},
						{
							"origin": [4, 0, 4],
							"size": [2, 8, 2],
							"uv": {
								"north": {"uv": [1, 0], "uv_size": [2, 8]},
								"east": {"uv": [12, 0], "uv_size": [2, 8]},
								"south": {"uv": [1, 0], "uv_size": [2, 8]},
								"west": {"uv": [12, 0], "uv_size": [2, 8]},
								"down": {"uv": [3.6, 14.8], "uv_size": [-2, -2]}
							}
						},
						{
							"origin": [-6.5, 8, -6.5],
							"size": [13, 2, 13],
							"uv": {
								"north": {"uv": [17, 24], "uv_size": [13, 2]},
								"east": {"uv": [17, 24], "uv_size": [13, 2]},
								"south": {"uv": [17, 24], "uv_size": [13, 2]},
								"west": {"uv": [17, 24], "uv_size": [13, 2]},
								"up": {"uv": [31, 30], "uv_size": [-13, -13]},
								"down": {"uv": [31, 30], "uv_size": [-13, -13]}
							}
						},
						{
							"origin": [-6.5, 10, -6.5],
							"size": [13, 10, 2],
							"uv": {
								"north": {"uv": [17, 21], "uv_size": [13, 10]},
								"east": {"uv": [20, 22], "uv_size": [2, 10]},
								"south": {"uv": [17, 17], "uv_size": [13, 10]},
								"west": {"uv": [21, 19], "uv_size": [2, 10]},
								"up": {"uv": [30, 23], "uv_size": [-13, -2]}
							}
						}
					]
				}
			]
		}
	]
}