{
	"format_version": "1.12.0",
	"minecraft:geometry": [
		{
			"description": {
				"identifier": "geometry.chimney_top",
				"texture_width": 32,
				"texture_height": 32,
				"visible_bounds_width": 2,
				"visible_bounds_height": 2.5,
				"visible_bounds_offset": [0, 0.75, 0]
			},
			"bones": [
				{
					"name": "bb_main",
					"pivot": [0, 0, 0],
					"cubes": [
						{
							"origin": [-5, 0, -4],
							"size": [2, 12, 8],
							"uv": {
								"north": {"uv": [0, 0], "uv_size": [2, 12]},
								"east": {"uv": [0, 0], "uv_size": [8, 12]},
								"south": {"uv": [0, 0], "uv_size": [2, 12]},
								"west": {"uv": [0, 0], "uv_size": [8, 12]},
								"up": {"uv": [2, 8], "uv_size": [-2, -8]},
								"down": {"uv": [2, 8], "uv_size": [-2, -8]}
							}
						},
						{
							"origin": [-4, 0, -5],
							"size": [8, 12, 2],
							"uv": {
								"north": {"uv": [0, 0], "uv_size": [8, 12]},
								"east": {"uv": [0, 0], "uv_size": [2, 12]},
								"south": {"uv": [0, 0], "uv_size": [8, 12]},
								"west": {"uv": [0, 0], "uv_size": [2, 12]},
								"up": {"uv": [6, 12], "uv_size": [-6, -12]},
								"down": {"uv": [8, 2], "uv_size": [-8, -2]}
							}
						},
						{
							"origin": [-4, 0, 3],
							"size": [8, 12, 2],
							"uv": {
								"north": {"uv": [0, 0], "uv_size": [8, 12]},
								"east": {"uv": [0, 0], "uv_size": [2, 12]},
								"south": {"uv": [0, 0], "uv_size": [8, 12]},
								"west": {"uv": [0, 0], "uv_size": [2, 12]},
								"up": {"uv": [8, 2], "uv_size": [-8, -2]},
								"down": {"uv": [8, 2], "uv_size": [-8, -2]}
							}
						},
						{
							"origin": [3, 0, -4],
							"size": [2, 12, 8],
							"uv": {
								"north": {"uv": [0, 0], "uv_size": [2, 12]},
								"east": {"uv": [0, 0], "uv_size": [8, 12]},
								"south": {"uv": [0, 0], "uv_size": [2, 12]},
								"west": {"uv": [0, 0], "uv_size": [8, 12]},
								"up": {"uv": [2, 8], "uv_size": [-2, -8]},
								"down": {"uv": [2, 8], "uv_size": [-2, -8]}
							}
						},
						{
							"origin": [-6, 12, -6],
							"size": [2, 2, 12],
							"uv": {
								"north": {"uv": [16, 16], "uv_size": [2, 2]},
								"east": {"uv": [16, 16], "uv_size": [12, 2]},
								"south": {"uv": [16, 16], "uv_size": [2, 2]},
								"west": {"uv": [16, 16], "uv_size": [12, 2]},
								"up": {"uv": [18, 28], "uv_size": [-2, -12]},
								"down": {"uv": [18, 28], "uv_size": [-2, -12]}
							}
						},
						{
							"origin": [-4, 12, -6],
							"size": [8, 2, 2],
							"uv": {
								"north": {"uv": [16, 16], "uv_size": [8, 2]},
								"east": {"uv": [16, 16], "uv_size": [2, 2]},
								"south": {"uv": [16, 16], "uv_size": [8, 2]},
								"west": {"uv": [16, 16], "uv_size": [2, 2]},
								"up": {"uv": [24, 18], "uv_size": [-8, -2]},
								"down": {"uv": [24, 18], "uv_size": [-8, -2]}
							}
						},
						{
							"origin": [-4, 12, 4],
							"size": [8, 2, 2],
							"uv": {
								"north": {"uv": [16, 16], "uv_size": [8, 2]},
								"east": {"uv": [16, 16], "uv_size": [2, 2]},
								"south": {"uv": [16, 16], "uv_size": [8, 2]},
								"west": {"uv": [16, 16], "uv_size": [2, 2]},
								"up": {"uv": [24, 18], "uv_size": [-8, -2]},
								"down": {"uv": [24, 18], "uv_size": [-8, -2]}
							}
						},
						{
							"origin": [4, 12, -6],
							"size": [2, 2, 12],
							"uv": {
								"north": {"uv": [16, 16], "uv_size": [2, 2]},
								"east": {"uv": [16, 16], "uv_size": [12, 2]},
								"south": {"uv": [16, 16], "uv_size": [2, 2]},
								"west": {"uv": [16, 16], "uv_size": [12, 2]},
								"up": {"uv": [18, 28], "uv_size": [-2, -12]},
								"down": {"uv": [18, 28], "uv_size": [-2, -12]}
							}
						}
					]
				}
			]
		}
	]
}