{
	"format_version": "1.12.0",
	"minecraft:geometry": [
		{
			"description": {
				"identifier": "geometry.christmas_tree",
				"texture_width": 32,
				"texture_height": 32,
				"visible_bounds_width": 2,
				"visible_bounds_height": 3.5,
				"visible_bounds_offset": [0, 1.25, 0]
			},
			"bones": [
				{
					"name": "bb_main",
					"pivot": [0, 0, 0],
					"cubes": [
						{
							"origin": [-3.5, 0, -3.5],
							"size": [7, 1, 7],
							"uv": {
								"north": {"uv": [0, 0], "uv_size": [7, 1]},
								"east": {"uv": [0, 0], "uv_size": [7, 1]},
								"south": {"uv": [0, 0], "uv_size": [7, 1]},
								"west": {"uv": [0, 0], "uv_size": [7, 1]},
								"down": {"uv": [7, 7], "uv_size": [-7, -7]}
							}
						},
						{
							"origin": [-4, 0.5, -3.5],
							"size": [1, 5, 7],
							"uv": {
								"north": {"uv": [25, 0], "uv_size": [1, 5]},
								"east": {"uv": [25, 0], "uv_size": [7, 5]},
								"south": {"uv": [25, 0], "uv_size": [1, 5]},
								"west": {"uv": [25, 0], "uv_size": [7, 5]},
								"up": {"uv": [26, 7], "uv_size": [-1, -7]},
								"down": {"uv": [26, 7], "uv_size": [-1, -7]}
							}
						},
						{
							"origin": [3, 0.5, -3.5],
							"size": [1, 5, 7],
							"uv": {
								"north": {"uv": [25, 0], "uv_size": [1, 5]},
								"east": {"uv": [25, 0], "uv_size": [7, 5]},
								"south": {"uv": [25, 0], "uv_size": [1, 5]},
								"west": {"uv": [25, 0], "uv_size": [7, 5]},
								"up": {"uv": [26, 7], "uv_size": [-1, -7]},
								"down": {"uv": [26, 7], "uv_size": [-1, -7]}
							}
						},
						{
							"origin": [-3.5, 0.5, -4],
							"size": [7, 5, 1],
							"uv": {
								"north": {"uv": [25, 0], "uv_size": [7, 5]},
								"east": {"uv": [25, 0], "uv_size": [1, 5]},
								"south": {"uv": [25, 0], "uv_size": [7, 5]},
								"west": {"uv": [25, 0], "uv_size": [1, 5]},
								"up": {"uv": [32, 1], "uv_size": [-7, -1]},
								"down": {"uv": [32, 1], "uv_size": [-7, -1]}
							}
						},
						{
							"origin": [-3.5, 0.5, 3],
							"size": [7, 5, 1],
							"uv": {
								"north": {"uv": [25, 0], "uv_size": [7, 5]},
								"east": {"uv": [25, 0], "uv_size": [1, 5]},
								"south": {"uv": [25, 0], "uv_size": [7, 5]},
								"west": {"uv": [25, 0], "uv_size": [1, 5]},
								"up": {"uv": [32, 1], "uv_size": [-7, -1]},
								"down": {"uv": [32, 1], "uv_size": [-7, -1]}
							}
						},
						{
							"origin": [-3, 4, -3],
							"size": [6, 1, 6],
							"uv": {
								"up": {"uv": [6, 6], "uv_size": [-6, -6]}
							}
						},
						{
							"origin": [-1, 5, -1],
							"size": [2, 11, 2],
							"uv": {
								"north": {"uv": [8, 0], "uv_size": [2, 11]},
								"east": {"uv": [8, 0], "uv_size": [2, 11]},
								"south": {"uv": [8, 0], "uv_size": [2, 11]},
								"west": {"uv": [8, 0], "uv_size": [2, 11]}
							}
						},
						{
							"origin": [-6, 7, -6],
							"size": [12, 3, 12],
							"uv": {
								"north": {"uv": [18, 18], "uv_size": [12, 3]},
								"east": {"uv": [18, 18], "uv_size": [12, 3]},
								"south": {"uv": [18, 18], "uv_size": [12, 3]},
								"west": {"uv": [18, 18], "uv_size": [12, 3]},
								"up": {"uv": [30, 30], "uv_size": [-12, -12]},
								"down": {"uv": [30, 30], "uv_size": [-12, -12]}
							}
						},
						{
							"origin": [-5, 10, -5],
							"size": [10, 3, 10],
							"uv": {
								"north": {"uv": [18, 18], "uv_size": [10, 3]},
								"east": {"uv": [18, 18], "uv_size": [10, 3]},
								"south": {"uv": [18, 18], "uv_size": [10, 3]},
								"west": {"uv": [18, 18], "uv_size": [10, 3]},
								"up": {"uv": [28, 28], "uv_size": [-10, -10]},
								"down": {"uv": [28, 28], "uv_size": [-10, -10]}
							}
						},
						{
							"origin": [-1, 16, -1],
							"size": [2, 5, 2],
							"uv": {
								"north": {"uv": [8, 0], "uv_size": [2, 5]},
								"east": {"uv": [8, 0], "uv_size": [2, 5]},
								"south": {"uv": [8, 0], "uv_size": [2, 5]},
								"west": {"uv": [8, 0], "uv_size": [2, 5]},
								"up": {"uv": [10, 2], "uv_size": [-2, -2]}
							}
						},
						{
							"origin": [-4, 13, -4],
							"size": [8, 3, 8],
							"uv": {
								"north": {"uv": [18, 18], "uv_size": [8, 3]},
								"east": {"uv": [18, 18], "uv_size": [8, 3]},
								"south": {"uv": [18, 18], "uv_size": [8, 3]},
								"west": {"uv": [18, 18], "uv_size": [8, 3]},
								"up": {"uv": [26, 26], "uv_size": [-8, -8]},
								"down": {"uv": [26, 26], "uv_size": [-8, -8]}
							}
						},
						{
							"origin": [-3, 16, -3],
							"size": [6, 3, 6],
							"uv": {
								"north": {"uv": [18, 18], "uv_size": [6, 3]},
								"east": {"uv": [18, 18], "uv_size": [6, 3]},
								"south": {"uv": [18, 18], "uv_size": [6, 3]},
								"west": {"uv": [18, 18], "uv_size": [6, 3]},
								"up": {"uv": [24, 24], "uv_size": [-6, -6]},
								"down": {"uv": [24, 24], "uv_size": [-6, -6]}
							}
						},
						{
							"origin": [-2, 19, -2],
							"size": [4, 3, 4],
							"uv": {
								"north": {"uv": [18, 18], "uv_size": [4, 3]},
								"east": {"uv": [18, 18], "uv_size": [4, 3]},
								"south": {"uv": [18, 18], "uv_size": [4, 3]},
								"west": {"uv": [18, 18], "uv_size": [4, 3]},
								"up": {"uv": [22, 22], "uv_size": [-4, -4]},
								"down": {"uv": [22, 22], "uv_size": [-4, -4]}
							}
						},
						{
							"origin": [-1, 22, -1],
							"size": [2, 3, 2],
							"uv": {
								"north": {"uv": [16, 16], "uv_size": [2, 3]},
								"east": {"uv": [16, 16], "uv_size": [2, 3]},
								"south": {"uv": [16, 16], "uv_size": [2, 3]},
								"west": {"uv": [16, 16], "uv_size": [2, 3]},
								"up": {"uv": [18, 18], "uv_size": [-2, -2]},
								"down": {"uv": [18, 18], "uv_size": [-2, -2]}
							}
						},
						{
							"origin": [8.9805, 22.71639, -0.49],
							"size": [5, 2, 0.98],
							"pivot": [0, -3, 0],
							"rotation": [0, 0, -22.5],
							"uv": {
								"north": {"uv": [9, 20], "uv_size": [6, -4]},
								"east": {"uv": [9, 17], "uv_size": [1, 2]},
								"south": {"uv": [9, 20], "uv_size": [6, 2]},
								"west": {"uv": [9, 17], "uv_size": [1, 2]},
								"up": {"uv": [13, 17], "uv_size": [-5, -1]},
								"down": {"uv": [13, 17], "uv_size": [-5, -1]}
							}
						},
						{
							"origin": [-13.9805, 22.71639, -0.5],
							"size": [5, 2, 1],
							"pivot": [0, -3, 0],
							"rotation": [0, 0, 22.5],
							"uv": {
								"north": {"uv": [9, 20], "uv_size": [6, 2]},
								"east": {"uv": [9, 17], "uv_size": [1, 2]},
								"south": {"uv": [9, 20], "uv_size": [6, 2]},
								"west": {"uv": [9, 17], "uv_size": [1, 2]},
								"up": {"uv": [13, 17], "uv_size": [-5, -1]},
								"down": {"uv": [13, 17], "uv_size": [-5, -1]}
							}
						},
						{
							"origin": [-1.5, 27, -0.48],
							"size": [3, 2, 0.96],
							"uv": {
								"north": {"uv": [10.5, 20], "uv_size": [3, 4]},
								"east": {"uv": [9, 17], "uv_size": [1, 2]},
								"south": {"uv": [10.5, 20], "uv_size": [3, 4]},
								"west": {"uv": [9, 17], "uv_size": [1, 5]},
								"up": {"uv": [11, 17], "uv_size": [-3, -1]},
								"down": {"uv": [11, 17], "uv_size": [-3, -1]}
							}
						}
					]
				}
			]
		}
	]
}