{
	"format_version": "1.12.0",
	"minecraft:geometry": [
		{
			"description": {
				"identifier": "geometry.clock_1200",
				"texture_width": 64,
				"texture_height": 64,
				"visible_bounds_width": 2,
				"visible_bounds_height": 1.5,
				"visible_bounds_offset": [0, 0.25, 0]
			},
			"bones": [
				{
					"name": "bb_main",
					"pivot": [0, 0, 0],
					"rotation": [0, 180, 0],
					"cubes": [
						{
							"origin": [-3.5, 0, 0],
							"size": [7, 0.5, 0.5],
							"uv": {
								"north": {"uv": [0, 0], "uv_size": [7, 0.5]},
								"east": {"uv": [0, 0], "uv_size": [0.5, 0.5]},
								"south": {"uv": [0, 0], "uv_size": [7, 0.5]},
								"west": {"uv": [0, 0], "uv_size": [0.5, 0.5]},
								"up": {"uv": [7, 0.5], "uv_size": [-7, -0.5]},
								"down": {"uv": [7, 0.5], "uv_size": [-7, -0.5]}
							}
						},
						{
							"origin": [-3.5, 4, 0],
							"size": [7, 0.5, 0.5],
							"uv": {
								"north": {"uv": [0, 0], "uv_size": [7, 0.5]},
								"east": {"uv": [0, 0], "uv_size": [0.5, 0.5]},
								"south": {"uv": [0, 0], "uv_size": [7, 0.5]},
								"west": {"uv": [0, 0], "uv_size": [0.5, 0.5]},
								"up": {"uv": [7, 0.5], "uv_size": [-7, -0.5]},
								"down": {"uv": [7, 0.5], "uv_size": [-7, -0.5]}
							}
						},
						{
							"origin": [-3.5, 0, -2],
							"size": [7, 4.3, 2],
							"uv": {
								"north": {"uv": [16, 0], "uv_size": [7, 4.3]},
								"east": {"uv": [16, 0], "uv_size": [2, 4.3]},
								"south": {"uv": [0, 16], "uv_size": [16, 10.5]},
								"west": {"uv": [16, 0], "uv_size": [2, 4.3]},
								"up": {"uv": [23, 2], "uv_size": [-7, -2]},
								"down": {"uv": [23, 2], "uv_size": [-7, -2]}
							}
						},
						{
							"origin": [-3.5, 0, 0.1],
							"size": [7, 4.3, 0],
							"uv": {
								"south": {"uv": [32, 33], "uv_size": [30, 15.5]}
							}
						},
						{
							"origin": [3.5, 0.5, 0],
							"size": [0.5, 3.5, 0.5],
							"uv": {
								"north": {"uv": [0, 0], "uv_size": [0.5, 3.5]},
								"east": {"uv": [0, 0], "uv_size": [0.5, 3.5]},
								"south": {"uv": [0, 0], "uv_size": [0.5, 3.5]},
								"west": {"uv": [0, 0], "uv_size": [0.5, 3.5]},
								"up": {"uv": [0.5, 0.5], "uv_size": [-0.5, -0.5]},
								"down": {"uv": [0.5, 0.5], "uv_size": [-0.5, -0.5]}
							}
						},
						{
							"origin": [-4, 0.5, 0],
							"size": [0.5, 3.5, 0.5],
							"uv": {
								"north": {"uv": [0, 0], "uv_size": [0.5, 3.5]},
								"east": {"uv": [0, 0], "uv_size": [0.5, 3.5]},
								"south": {"uv": [0, 0], "uv_size": [0.5, 3.5]},
								"west": {"uv": [0, 0], "uv_size": [0.5, 3.5]},
								"up": {"uv": [0.5, 0.5], "uv_size": [-0.5, -0.5]},
								"down": {"uv": [0.5, 0.5], "uv_size": [-0.5, -0.5]}
							}
						},
						{
							"origin": [3.5, 0.3, -2],
							"size": [0.3, 3.7, 2],
							"uv": {
								"north": {"uv": [16, 0], "uv_size": [0.3, 3.7]},
								"east": {"uv": [16, 0], "uv_size": [2, 3.7]},
								"west": {"uv": [16, 0], "uv_size": [2, 3.7]},
								"up": {"uv": [16.3, 2], "uv_size": [-0.3, -2]},
								"down": {"uv": [16.3, 2], "uv_size": [-0.3, -2]}
							}
						},
						{
							"origin": [-3.8, 0.3, -2],
							"size": [0.3, 3.7, 2],
							"uv": {
								"north": {"uv": [16, 0], "uv_size": [0.3, 3.7]},
								"east": {"uv": [16, 0], "uv_size": [2, 3.7]},
								"west": {"uv": [16, 0], "uv_size": [2, 3.7]},
								"up": {"uv": [16.3, 2], "uv_size": [-0.3, -2]},
								"down": {"uv": [16.3, 2], "uv_size": [-0.3, -2]}
							}
						},
						{
							"origin": [3.5, 4, 0],
							"size": [0.7, 0.5, 0.5],
							"pivot": [3.5, 4.5, -1],
							"rotation": [0, 0, 45],
							"uv": {
								"north": {"uv": [0, 0], "uv_size": [0.7, 0.5]},
								"east": {"uv": [0, 0], "uv_size": [0.5, 0.5]},
								"south": {"uv": [0, 0], "uv_size": [0.7, 0.5]},
								"west": {"uv": [0, 0], "uv_size": [0.5, 0.5]},
								"up": {"uv": [0.7, 0.5], "uv_size": [-0.7, -0.5]},
								"down": {"uv": [0.7, 0.5], "uv_size": [-0.7, -0.5]}
							}
						},
						{
							"origin": [-4.2, 4, 0],
							"size": [0.7, 0.5, 0.5],
							"pivot": [-3.5, 4.5, -1],
							"rotation": [0, 0, -45],
							"uv": {
								"north": {"uv": [0, 0], "uv_size": [0.7, 0.5]},
								"east": {"uv": [0, 0], "uv_size": [0.5, 0.5]},
								"south": {"uv": [0, 0], "uv_size": [0.7, 0.5]},
								"west": {"uv": [0, 0], "uv_size": [0.5, 0.5]},
								"up": {"uv": [0.7, 0.5], "uv_size": [-0.7, -0.5]},
								"down": {"uv": [0.7, 0.5], "uv_size": [-0.7, -0.5]}
							}
						},
						{
							"origin": [-3.5, 0, 0],
							"size": [0.5, 0.7, 0.5],
							"pivot": [-3.5, 0, -1],
							"rotation": [0, 0, -45],
							"uv": {
								"north": {"uv": [0, 0], "uv_size": [0.5, 0.7]},
								"east": {"uv": [0, 0], "uv_size": [0.5, 0.7]},
								"south": {"uv": [0, 0], "uv_size": [0.5, 0.7]},
								"west": {"uv": [0, 0], "uv_size": [0.5, 0.7]},
								"up": {"uv": [0.5, 0.5], "uv_size": [-0.5, -0.5]},
								"down": {"uv": [0.5, 0.5], "uv_size": [-0.5, -0.5]}
							}
						},
						{
							"origin": [3.5, 0, 0],
							"size": [0.7, 0.5, 0.5],
							"pivot": [3.5, 0, -1],
							"rotation": [0, 0, -45],
							"uv": {
								"north": {"uv": [0, 0], "uv_size": [0.7, 0.5]},
								"east": {"uv": [0, 0], "uv_size": [0.5, 0.5]},
								"south": {"uv": [0, 0], "uv_size": [0.7, 0.5]},
								"west": {"uv": [0, 0], "uv_size": [0.5, 0.5]},
								"up": {"uv": [0.7, 0.5], "uv_size": [-0.7, -0.5]},
								"down": {"uv": [0.7, 0.5], "uv_size": [-0.7, -0.5]}
							}
						},
						{
							"origin": [2.6, 4.3, -1],
							"size": [0.4, 0.2, 0.4],
							"uv": {
								"north": {"uv": [16, 16], "uv_size": [0.4, 0.2]},
								"east": {"uv": [16, 16], "uv_size": [0.4, 0.2]},
								"south": {"uv": [16, 16], "uv_size": [0.4, 0.2]},
								"west": {"uv": [16, 16], "uv_size": [0.4, 0.2]},
								"up": {"uv": [16.4, 16.4], "uv_size": [-0.4, -0.4]},
								"down": {"uv": [16.4, 16.4], "uv_size": [-0.4, -0.4]}
							}
						},
						{
							"origin": [1.6, 4.3, -1],
							"size": [0.4, 0.2, 0.4],
							"uv": {
								"north": {"uv": [0, 16], "uv_size": [0.4, 0.2]},
								"east": {"uv": [0, 16], "uv_size": [0.4, 0.2]},
								"south": {"uv": [0, 16], "uv_size": [0.4, 0.2]},
								"west": {"uv": [0, 16], "uv_size": [0.4, 0.2]},
								"up": {"uv": [0.4, 16.4], "uv_size": [-0.4, -0.4]},
								"down": {"uv": [0.4, 16.4], "uv_size": [-0.4, -0.4]}
							}
						},
						{
							"origin": [0.6, 4.3, -1],
							"size": [0.4, 0.2, 0.4],
							"uv": {
								"north": {"uv": [0, 16], "uv_size": [0.4, 0.2]},
								"east": {"uv": [0, 16], "uv_size": [0.4, 0.2]},
								"south": {"uv": [0, 16], "uv_size": [0.4, 0.2]},
								"west": {"uv": [0, 16], "uv_size": [0.4, 0.2]},
								"up": {"uv": [0.4, 16.4], "uv_size": [-0.4, -0.4]},
								"down": {"uv": [0.4, 16.4], "uv_size": [-0.4, -0.4]}
							}
						}
					]
				}
			]
		}
	]
}