{
	"format_version": "1.12.0",
	"minecraft:geometry": [
		{
			"description": {
				"identifier": "geometry.coffee_table5",
				"texture_width": 32,
				"texture_height": 32,
				"visible_bounds_width": 2,
				"visible_bounds_height": 1.5,
				"visible_bounds_offset": [0, 0.25, 0]
			},
			"bones": [
				{
					"name": "bb_main",
					"pivot": [0, 0, 0],
					"cubes": [
						{
							"origin": [6.4, 0, 6.4],
							"size": [1.6, 6.4, 1.6],
							"uv": {
								"north": {"uv": [16, 0], "uv_size": [1.6, 6.4]},
								"east": {"uv": [30.4, 0], "uv_size": [1.6, 6.4]},
								"south": {"uv": [16, 0], "uv_size": [1.6, 6.4]},
								"west": {"uv": [30.4, 0], "uv_size": [1.6, 6.4]},
								"up": {"uv": [17.6, 14], "uv_size": [-1.6, -1.6]},
								"down": {"uv": [17.6, 14], "uv_size": [-1.6, -1.6]}
							}
						},
						{
							"origin": [6.4, 0, -8],
							"size": [1.6, 6.4, 1.6],
							"uv": {
								"north": {"uv": [16, 0], "uv_size": [1.6, 6.4]},
								"east": {"uv": [16, 0], "uv_size": [1.6, 6.4]},
								"south": {"uv": [16, 0], "uv_size": [1.6, 6.4]},
								"west": {"uv": [16, 0], "uv_size": [1.6, 6.4]},
								"up": {"uv": [17.6, 1.6], "uv_size": [-1.6, -1.6]},
								"down": {"uv": [17.6, 1.6], "uv_size": [-1.6, -1.6]}
							}
						},
						{
							"origin": [-8, 6.4, -8],
							"size": [16, 1.6, 16],
							"uv": {
								"north": {"uv": [16, 22.4], "uv_size": [16, 1.6]},
								"east": {"uv": [16, 22.4], "uv_size": [16, 1.6]},
								"south": {"uv": [16, 22.4], "uv_size": [16, 1.6]},
								"west": {"uv": [16, 22.4], "uv_size": [16, 1.6]},
								"up": {"uv": [32, 32], "uv_size": [-16, -16]},
								"down": {"uv": [32, 32], "uv_size": [-16, -16]}
							}
						}
					]
				}
			]
		}
	]
}