{
	"format_version": "1.12.0",
	"minecraft:geometry": [
		{
			"description": {
				"identifier": "geometry.counter",
				"texture_width": 32,
				"texture_height": 32,
				"visible_bounds_width": 3,
				"visible_bounds_height": 2.5,
				"visible_bounds_offset": [0, 0.75, 0]
			},
			"bones": [
				{
					"name": "bb_main",
					"pivot": [0, 0, 0],
					"cubes": [
						{
							"origin": [-8, 0, -8],
							"size": [16, 14, 16],
							"uv": {
								"north": {"uv": [18, 0], "uv_size": [14, 14]},
								"east": {"uv": [16, 0], "uv_size": [16, 14]},
								"south": {"uv": [18, 0], "uv_size": [14, 14]},
								"west": {"uv": [16, 0], "uv_size": [16, 14]},
								"up": {"uv": [32, 16], "uv_size": [-14, -16]},
								"down": {"uv": [32, 16], "uv_size": [-14, -16]}
							}
						},
						{
							"origin": [-8, 14, -8],
							"size": [16, 2, 16],
							"uv": {
								"north": {"uv": [0, 14], "uv_size": [16, 2]},
								"east": {"uv": [0, 14], "uv_size": [16, 2]},
								"south": {"uv": [0, 14], "uv_size": [16, 2]},
								"west": {"uv": [0, 14], "uv_size": [16, 2]},
								"up": {"uv": [16, 16], "uv_size": [-16, -16]},
								"down": {"uv": [16, 16], "uv_size": [-16, -16]}
							}
						}
					]
				}
			]
		}
	]
}