{
	"format_version": "1.12.0",
	"minecraft:geometry": [
		{
			"description": {
				"identifier": "geometry.counter_drawer",
				"texture_width": 32,
				"texture_height": 32,
				"visible_bounds_width": 2,
				"visible_bounds_height": 2.5,
				"visible_bounds_offset": [0, 0.75, 0]
			},
			"bones": [
				{
					"name": "bb_main",
					"pivot": [0, 0, 0],
					"cubes": [
						{
							"origin": [-8, 0, -8],
							"size": [16, 14, 16],
							"pivot": [0, 0, 0],
							"rotation": [0, 90, 0],
							"uv": {
								"north": {"uv": [18, 16], "uv_size": [14, 14]},
								"east": {"uv": [16, 16], "uv_size": [16, 14]},
								"south": {"uv": [18, 16], "uv_size": [14, 14]},
								"west": {"uv": [16, 0], "uv_size": [16, 14]},
								"up": {"uv": [32, 32], "uv_size": [-14, -16]},
								"down": {"uv": [32, 32], "uv_size": [-14, -16]}
							}
						},
						{
							"origin": [-8, 14, -8],
							"size": [16, 2, 16],
							"pivot": [0, 0, 0],
							"rotation": [0, 90, 0],
							"uv": {
								"north": {"uv": [0, 14], "uv_size": [16, 2]},
								"east": {"uv": [0, 14], "uv_size": [16, 2]},
								"south": {"uv": [0, 14], "uv_size": [16, 2]},
								"west": {"uv": [0, 14], "uv_size": [16, 2]},
								"up": {"uv": [16, 16], "uv_size": [-16, -16]},
								"down": {"uv": [16, 16], "uv_size": [-16, -16]}
							}
						},
						{
							"origin": [8, 8, -7],
							"size": [1, 5, 14],
							"pivot": [0, 0, 0],
							"rotation": [0, 90, 0],
							"uv": {
								"north": {"uv": [0, 0], "uv_size": [1, 5]},
								"east": {"uv": [0, 0], "uv_size": [14, 5]},
								"south": {"uv": [0, 0], "uv_size": [1, 5]},
								"west": {"uv": [0, 0], "uv_size": [14, 5]},
								"up": {"uv": [1, 14], "uv_size": [-1, -14]},
								"down": {"uv": [1, 14], "uv_size": [-1, -14]}
							}
						},
						{
							"origin": [8, 2, -7],
							"size": [1, 5, 14],
							"pivot": [0, 0, 0],
							"rotation": [0, 90, 0],
							"uv": {
								"north": {"uv": [0, 0], "uv_size": [1, 5]},
								"east": {"uv": [0, 0], "uv_size": [14, 5]},
								"south": {"uv": [0, 0], "uv_size": [1, 5]},
								"west": {"uv": [0, 0], "uv_size": [14, 5]},
								"up": {"uv": [1, 14], "uv_size": [-1, -14]},
								"down": {"uv": [1, 14], "uv_size": [-1, -14]}
							}
						},
						{
							"origin": [9, 10, -2.5],
							"size": [1, 1, 5],
							"pivot": [0, 0, 0],
							"rotation": [0, 90, 0],
							"uv": {
								"north": {"uv": [16, 0], "uv_size": [1, 1]},
								"east": {"uv": [16, 0], "uv_size": [5, 1]},
								"south": {"uv": [16, 0], "uv_size": [1, 1]},
								"west": {"uv": [16, 0], "uv_size": [5, 1]},
								"up": {"uv": [17, 5], "uv_size": [-1, -5]},
								"down": {"uv": [17, 5], "uv_size": [-1, -5]}
							}
						},
						{
							"origin": [9, 4, -2.5],
							"size": [1, 1, 5],
							"pivot": [0, 0, 0],
							"rotation": [0, 90, 0],
							"uv": {
								"north": {"uv": [16, 0], "uv_size": [1, 1]},
								"east": {"uv": [16, 0], "uv_size": [5, 1]},
								"south": {"uv": [16, 0], "uv_size": [1, 1]},
								"west": {"uv": [16, 0], "uv_size": [5, 1]},
								"up": {"uv": [17, 5], "uv_size": [-1, -5]},
								"down": {"uv": [17, 5], "uv_size": [-1, -5]}
							}
						}
					]
				}
			]
		}
	]
}