{
	"format_version": "1.12.0",
	"minecraft:geometry": [
		{
			"description": {
				"identifier": "geometry.curtains_open",
				"texture_width": 32,
				"texture_height": 32,
				"visible_bounds_width": 2,
				"visible_bounds_height": 2.5,
				"visible_bounds_offset": [0, 0.75, 0]
			},
			"bones": [
				{
					"name": "bb_main",
					"pivot": [0, 0, 0],
					"cubes": [
						{
							"origin": [-8, 14, -8],
							"size": [2, 2, 16],
							"pivot": [0, 0, 0],
							"rotation": [0, -90, 0],
							"uv": {
								"north": {"uv": [30, 30], "uv_size": [2, 2]},
								"east": {"uv": [16, 30], "uv_size": [16, 2]},
								"south": {"uv": [30, 30], "uv_size": [2, 2]},
								"west": {"uv": [16, 30], "uv_size": [16, 2]},
								"up": {"uv": [32, 32], "uv_size": [-2, -16]},
								"down": {"uv": [32, 32], "uv_size": [-2, -16]}
							}
						},
						{
							"origin": [-8, 2, -8],
							"size": [1, 2, 3],
							"pivot": [0, 0, 0],
							"rotation": [0, -90, 0],
							"uv": {
								"north": {"uv": [15, 2], "uv_size": [1, 2]},
								"east": {"uv": [0, 2], "uv_size": [3, 2]},
								"south": {"uv": [15, 2], "uv_size": [1, 2]},
								"west": {"uv": [0, 2], "uv_size": [3, 2]},
								"up": {"uv": [16, 3], "uv_size": [-1, -3]},
								"down": {"uv": [16, 3], "uv_size": [-1, -3]}
							}
						},
						{
							"origin": [-8, 5, -8],
							"size": [1, 1, 2],
							"pivot": [0, 0, 0],
							"rotation": [0, -90, 0],
							"uv": {
								"north": {"uv": [15, 5], "uv_size": [1, 1]},
								"east": {"uv": [0, 5], "uv_size": [2, 1]},
								"south": {"uv": [15, 5], "uv_size": [1, 1]},
								"west": {"uv": [0, 5], "uv_size": [2, 1]},
								"up": {"uv": [16, 2], "uv_size": [-1, -2]},
								"down": {"uv": [16, 2], "uv_size": [-1, -2]}
							}
						},
						{
							"origin": [-8, 6, -8],
							"size": [1, 2, 3],
							"pivot": [0, 0, 0],
							"rotation": [0, -90, 0],
							"uv": {
								"north": {"uv": [15, 6], "uv_size": [1, 2]},
								"east": {"uv": [0, 6], "uv_size": [3, 2]},
								"south": {"uv": [15, 6], "uv_size": [1, 2]},
								"west": {"uv": [0, 6], "uv_size": [3, 2]},
								"up": {"uv": [16, 3], "uv_size": [-1, -3]},
								"down": {"uv": [16, 3], "uv_size": [-1, -3]}
							}
						},
						{
							"origin": [-8, 8, -8],
							"size": [1, 3, 4],
							"pivot": [0, 0, 0],
							"rotation": [0, -90, 0],
							"uv": {
								"north": {"uv": [15, 8], "uv_size": [1, 3]},
								"east": {"uv": [0, 8], "uv_size": [4, 3]},
								"south": {"uv": [15, 8], "uv_size": [1, 3]},
								"west": {"uv": [0, 8], "uv_size": [4, 3]},
								"up": {"uv": [16, 4], "uv_size": [-1, -4]},
								"down": {"uv": [16, 4], "uv_size": [-1, -4]}
							}
						},
						{
							"origin": [-8, 11, -8],
							"size": [1, 3, 5],
							"pivot": [0, 0, 0],
							"rotation": [0, -90, 0],
							"uv": {
								"north": {"uv": [15, 11], "uv_size": [1, 3]},
								"east": {"uv": [0, 11], "uv_size": [5, 3]},
								"south": {"uv": [15, 11], "uv_size": [1, 3]},
								"west": {"uv": [0, 11], "uv_size": [5, 3]},
								"up": {"uv": [16, 5], "uv_size": [-1, -5]},
								"down": {"uv": [16, 5], "uv_size": [-1, -5]}
							}
						},
						{
							"origin": [-8, 2, 5],
							"size": [1, 2, 3],
							"pivot": [0, 0, 0],
							"rotation": [0, -90, 0],
							"uv": {
								"north": {"uv": [15, 2], "uv_size": [1, 2]},
								"east": {"uv": [13, 2], "uv_size": [3, 2]},
								"south": {"uv": [15, 2], "uv_size": [1, 2]},
								"west": {"uv": [13, 2], "uv_size": [3, 2]},
								"up": {"uv": [16, 16], "uv_size": [-1, -3]},
								"down": {"uv": [16, 16], "uv_size": [-1, -3]}
							}
						},
						{
							"origin": [-8, 5, 6],
							"size": [1, 1, 2],
							"pivot": [0, 0, 0],
							"rotation": [0, -90, 0],
							"uv": {
								"north": {"uv": [15, 5], "uv_size": [1, 1]},
								"east": {"uv": [14, 5], "uv_size": [2, 1]},
								"south": {"uv": [15, 5], "uv_size": [1, 1]},
								"west": {"uv": [14, 5], "uv_size": [2, 1]},
								"up": {"uv": [16, 16], "uv_size": [-1, -2]},
								"down": {"uv": [16, 16], "uv_size": [-1, -2]}
							}
						},
						{
							"origin": [-8, 6, 5],
							"size": [1, 2, 3],
							"pivot": [0, 0, 0],
							"rotation": [0, -90, 0],
							"uv": {
								"north": {"uv": [15, 6], "uv_size": [1, 2]},
								"east": {"uv": [13, 6], "uv_size": [3, 2]},
								"south": {"uv": [15, 6], "uv_size": [1, 2]},
								"west": {"uv": [13, 6], "uv_size": [3, 2]},
								"up": {"uv": [16, 16], "uv_size": [-1, -3]},
								"down": {"uv": [16, 16], "uv_size": [-1, -3]}
							}
						},
						{
							"origin": [-8, 8, 4],
							"size": [1, 3, 4],
							"pivot": [0, 0, 0],
							"rotation": [0, -90, 0],
							"uv": {
								"north": {"uv": [15, 8], "uv_size": [1, 3]},
								"east": {"uv": [12, 8], "uv_size": [4, 3]},
								"south": {"uv": [15, 8], "uv_size": [1, 3]},
								"west": {"uv": [12, 8], "uv_size": [4, 3]},
								"up": {"uv": [16, 16], "uv_size": [-1, -4]},
								"down": {"uv": [16, 16], "uv_size": [-1, -4]}
							}
						},
						{
							"origin": [-8, 11, 3],
							"size": [1, 3, 5],
							"pivot": [0, 0, 0],
							"rotation": [0, -90, 0],
							"uv": {
								"north": {"uv": [15, 11], "uv_size": [1, 3]},
								"east": {"uv": [11, 11], "uv_size": [5, 3]},
								"south": {"uv": [15, 11], "uv_size": [1, 3]},
								"west": {"uv": [11, 11], "uv_size": [5, 3]},
								"up": {"uv": [16, 16], "uv_size": [-1, -5]},
								"down": {"uv": [16, 16], "uv_size": [-1, -5]}
							}
						},
						{
							"origin": [-7.9984, 4, -8],
							"size": [1, 1, 2],
							"pivot": [0, 0, 0],
							"rotation": [0, -90, 0],
							"uv": {
								"north": {"uv": [30.9984, 4], "uv_size": [1, 1]},
								"east": {"uv": [16, 4], "uv_size": [2, 1]},
								"south": {"uv": [30.9984, 4], "uv_size": [1, 1]},
								"west": {"uv": [16, 4], "uv_size": [2, 1]},
								"up": {"uv": [31.9984, 2], "uv_size": [-1, -2]},
								"down": {"uv": [31.9984, 2], "uv_size": [-1, -2]}
							}
						},
						{
							"origin": [-7.9984, 4, 6],
							"size": [1, 1, 2],
							"pivot": [0, 0, 0],
							"rotation": [0, -90, 0],
							"uv": {
								"north": {"uv": [30.9984, 4], "uv_size": [1, 1]},
								"east": {"uv": [30, 4], "uv_size": [2, 1]},
								"south": {"uv": [30.9984, 4], "uv_size": [1, 1]},
								"west": {"uv": [30, 4], "uv_size": [2, 1]},
								"up": {"uv": [31.9984, 16], "uv_size": [-1, -2]},
								"down": {"uv": [31.9984, 16], "uv_size": [-1, -2]}
							}
						}
					]
				}
			]
		}
	]
}