{
	"format_version": "1.12.0",
	"minecraft:geometry": [
		{
			"description": {
				"identifier": "geometry.desk_cabinet",
				"texture_width": 32,
				"texture_height": 32,
				"visible_bounds_width": 3,
				"visible_bounds_height": 2.5,
				"visible_bounds_offset": [0, 0.75, 0]
			},
			"bones": [
				{
					"name": "couch",
					"pivot": [8, 0, -8],
					"cubes": [
						{
							"origin": [-7.5, 0, -7],
							"size": [1.5, 14.5, 14],
							"pivot": [0, 0, 0],
							"rotation": [0, 180, 0],
							"uv": {
								"north": {"uv": [10, 17], "uv_size": [1, 14]},
								"east": {"uv": [1, 17], "uv_size": [14, 14]},
								"south": {"uv": [10, 17], "uv_size": [1, 14]},
								"west": {"uv": [1, 17], "uv_size": [14, 14]},
								"down": {"uv": [1.5, 30], "uv_size": [-1.5, -14]}
							}
						},
						{
							"origin": [-6, 2, -6.5],
							"size": [12, 12.5, 13],
							"pivot": [0, 0, 0],
							"rotation": [0, 180, 0],
							"uv": {
								"north": {"uv": [18, 0], "uv_size": [12, 12]},
								"east": {"uv": [17, 0], "uv_size": [13, 12]},
								"south": {"uv": [18, 0], "uv_size": [12, 12]},
								"west": {"uv": [17, 0], "uv_size": [13, 12]},
								"down": {"uv": [28, 13], "uv_size": [-12, -13]}
							}
						},
						{
							"origin": [6, 0, -7],
							"size": [1.5, 14.5, 14],
							"pivot": [0, 0, 0],
							"rotation": [0, 180, 0],
							"uv": {
								"north": {"uv": [10, 17], "uv_size": [1, 14]},
								"east": {"uv": [1, 17], "uv_size": [14, 14]},
								"south": {"uv": [10, 17], "uv_size": [1, 14]},
								"west": {"uv": [1, 17], "uv_size": [14, 14]},
								"down": {"uv": [1.5, 30], "uv_size": [-1.5, -14]}
							}
						},
						{
							"origin": [-5, 4, 6.5],
							"size": [10, 4, 1],
							"pivot": [0, 0, 0],
							"rotation": [0, 180, 0],
							"uv": {
								"north": {"uv": [0, 0], "uv_size": [10, 4]},
								"east": {"uv": [0, 0], "uv_size": [1, 4]},
								"south": {"uv": [0, 0], "uv_size": [10, 4]},
								"west": {"uv": [0, 0], "uv_size": [1, 4]},
								"up": {"uv": [10, 1], "uv_size": [-10, -1]},
								"down": {"uv": [10, 1], "uv_size": [-10, -1]}
							}
						},
						{
							"origin": [-5, 9.5, 6.5],
							"size": [10, 4, 1],
							"pivot": [0, 0, 0],
							"rotation": [0, 180, 0],
							"uv": {
								"north": {"uv": [0, 0], "uv_size": [10, 4]},
								"east": {"uv": [0, 0], "uv_size": [1, 4]},
								"south": {"uv": [0, 0], "uv_size": [10, 4]},
								"west": {"uv": [0, 0], "uv_size": [1, 4]},
								"up": {"uv": [10, 1], "uv_size": [-10, -1]},
								"down": {"uv": [10, 1], "uv_size": [-10, -1]}
							}
						},
						{
							"origin": [-1.5, 5.5, 7],
							"size": [3, 1, 1],
							"pivot": [0, 0, 0],
							"rotation": [0, 180, 0],
							"uv": {
								"north": {"uv": [1, 16], "uv_size": [3, 1]},
								"east": {"uv": [1, 16], "uv_size": [1, 1]},
								"south": {"uv": [1, 16], "uv_size": [3, 1]},
								"west": {"uv": [1, 16], "uv_size": [1, 1]},
								"up": {"uv": [4, 17], "uv_size": [-3, -1]},
								"down": {"uv": [4, 17], "uv_size": [-3, -1]}
							}
						},
						{
							"origin": [-1.5, 11, 7],
							"size": [3, 1, 1],
							"pivot": [0, 0, 0],
							"rotation": [0, 180, 0],
							"uv": {
								"north": {"uv": [1, 16], "uv_size": [3, 1]},
								"east": {"uv": [1, 16], "uv_size": [1, 1]},
								"south": {"uv": [1, 16], "uv_size": [3, 1]},
								"west": {"uv": [1, 16], "uv_size": [1, 1]},
								"up": {"uv": [4, 17], "uv_size": [-3, -1]},
								"down": {"uv": [4, 17], "uv_size": [-3, -1]}
							}
						},
						{
							"origin": [-8, 14.5, -8],
							"size": [16, 1.5, 16],
							"pivot": [0, 0, 0],
							"rotation": [0, 180, 0],
							"uv": {
								"north": {"uv": [0, 0], "uv_size": [16, 1.5]},
								"east": {"uv": [0, 0], "uv_size": [16, 1.5]},
								"south": {"uv": [0, 0], "uv_size": [16, 1.5]},
								"west": {"uv": [0, 0], "uv_size": [16, 1.5]},
								"up": {"uv": [16, 16], "uv_size": [-16, -16]},
								"down": {"uv": [16, 16], "uv_size": [-16, -16]}
							}
						}
					]
				},
				{
					"name": "couch_left",
					"pivot": [0, 0, 0],
					"rotation": [0, 180, 0],
					"cubes": [
						{
							"origin": [-8, 14.5, -8],
							"size": [16, 1.5, 16],
							"uv": {
								"north": {"uv": [0, 0], "uv_size": [16, 1.5]},
								"east": {"uv": [0, 0], "uv_size": [16, 1.5]},
								"south": {"uv": [0, 0], "uv_size": [16, 1.5]},
								"up": {"uv": [16, 16], "uv_size": [-16, -16]},
								"down": {"uv": [16, 16], "uv_size": [-16, -16]}
							}
						},
						{
							"origin": [-7.5, 0, -7],
							"size": [1.5, 14.5, 14],
							"uv": {
								"north": {"uv": [10, 17], "uv_size": [1, 14]},
								"east": {"uv": [1, 17], "uv_size": [14, 14]},
								"south": {"uv": [10, 17], "uv_size": [1, 14]},
								"west": {"uv": [1, 17], "uv_size": [14, 14]},
								"down": {"uv": [1.5, 30], "uv_size": [-1.5, -14]}
							}
						},
						{
							"origin": [-6, 2, -6.5],
							"size": [12, 12.5, 13],
							"uv": {
								"north": {"uv": [18, 0], "uv_size": [12, 12]},
								"east": {"uv": [17, 0], "uv_size": [13, 12]},
								"south": {"uv": [18, 0], "uv_size": [12, 12]},
								"west": {"uv": [17, 0], "uv_size": [13, 12]},
								"down": {"uv": [28, 13], "uv_size": [-12, -13]}
							}
						},
						{
							"origin": [-5, 4, 6.5],
							"size": [10, 4, 1],
							"uv": {
								"north": {"uv": [0, 0], "uv_size": [10, 4]},
								"east": {"uv": [0, 0], "uv_size": [1, 4]},
								"south": {"uv": [0, 0], "uv_size": [10, 4]},
								"west": {"uv": [0, 0], "uv_size": [1, 4]},
								"up": {"uv": [10, 1], "uv_size": [-10, -1]},
								"down": {"uv": [10, 1], "uv_size": [-10, -1]}
							}
						},
						{
							"origin": [-5, 9.5, 6.5],
							"size": [10, 4, 1],
							"uv": {
								"north": {"uv": [0, 0], "uv_size": [10, 4]},
								"east": {"uv": [0, 0], "uv_size": [1, 4]},
								"south": {"uv": [0, 0], "uv_size": [10, 4]},
								"west": {"uv": [0, 0], "uv_size": [1, 4]},
								"up": {"uv": [10, 1], "uv_size": [-10, -1]},
								"down": {"uv": [10, 1], "uv_size": [-10, -1]}
							}
						},
						{
							"origin": [-1.5, 5.5, 7],
							"size": [3, 1, 1],
							"uv": {
								"north": {"uv": [1, 16], "uv_size": [3, 1]},
								"east": {"uv": [1, 16], "uv_size": [1, 1]},
								"south": {"uv": [1, 16], "uv_size": [3, 1]},
								"west": {"uv": [1, 16], "uv_size": [1, 1]},
								"up": {"uv": [4, 17], "uv_size": [-3, -1]},
								"down": {"uv": [4, 17], "uv_size": [-3, -1]}
							}
						},
						{
							"origin": [-1.5, 11, 7],
							"size": [3, 1, 1],
							"uv": {
								"north": {"uv": [1, 16], "uv_size": [3, 1]},
								"east": {"uv": [1, 16], "uv_size": [1, 1]},
								"south": {"uv": [1, 16], "uv_size": [3, 1]},
								"west": {"uv": [1, 16], "uv_size": [1, 1]},
								"up": {"uv": [4, 17], "uv_size": [-3, -1]},
								"down": {"uv": [4, 17], "uv_size": [-3, -1]}
							}
						},
						{
							"origin": [6, 2, -6.5],
							"size": [2, 12.5, 1],
							"uv": {
								"north": {"uv": [23, 0], "uv_size": [2, 12]},
								"east": {"uv": [16, 0], "uv_size": [1, 12.5]},
								"south": {"uv": [23, 0], "uv_size": [2, 12]},
								"down": {"uv": [18, 1], "uv_size": [-2, -1]}
							}
						}
					]
				},
				{
					"name": "couch_right",
					"pivot": [0, 0, 0],
					"rotation": [0, 180, 0],
					"cubes": [
						{
							"origin": [-8, 14.5, -8],
							"size": [16, 1.5, 16],
							"uv": {
								"north": {"uv": [0, 0], "uv_size": [16, 1.5]},
								"south": {"uv": [0, 0], "uv_size": [16, 1.5]},
								"west": {"uv": [0, 0], "uv_size": [16, 1.5]},
								"up": {"uv": [16, 16], "uv_size": [-16, -16]},
								"down": {"uv": [16, 16], "uv_size": [-16, -16]}
							}
						},
						{
							"origin": [6, 0, -7],
							"size": [1.5, 14.5, 14],
							"uv": {
								"north": {"uv": [10, 17], "uv_size": [1, 14]},
								"east": {"uv": [1, 17], "uv_size": [14, 14]},
								"south": {"uv": [10, 17], "uv_size": [1, 14]},
								"west": {"uv": [1, 17], "uv_size": [14, 14]},
								"down": {"uv": [1.5, 30], "uv_size": [-1.5, -14]}
							}
						},
						{
							"origin": [-6, 2, -6.5],
							"size": [12, 12.5, 13],
							"uv": {
								"north": {"uv": [18, 0], "uv_size": [12, 12]},
								"east": {"uv": [17, 0], "uv_size": [13, 12]},
								"south": {"uv": [18, 0], "uv_size": [12, 12]},
								"west": {"uv": [17, 0], "uv_size": [13, 12]},
								"down": {"uv": [28, 13], "uv_size": [-12, -13]}
							}
						},
						{
							"origin": [-5, 4, 6.5],
							"size": [10, 4, 1],
							"uv": {
								"north": {"uv": [0, 0], "uv_size": [10, 4]},
								"east": {"uv": [0, 0], "uv_size": [1, 4]},
								"south": {"uv": [0, 0], "uv_size": [10, 4]},
								"west": {"uv": [0, 0], "uv_size": [1, 4]},
								"up": {"uv": [10, 1], "uv_size": [-10, -1]},
								"down": {"uv": [10, 1], "uv_size": [-10, -1]}
							}
						},
						{
							"origin": [-5, 9.5, 6.5],
							"size": [10, 4, 1],
							"uv": {
								"north": {"uv": [0, 0], "uv_size": [10, 4]},
								"east": {"uv": [0, 0], "uv_size": [1, 4]},
								"south": {"uv": [0, 0], "uv_size": [10, 4]},
								"west": {"uv": [0, 0], "uv_size": [1, 4]},
								"up": {"uv": [10, 1], "uv_size": [-10, -1]},
								"down": {"uv": [10, 1], "uv_size": [-10, -1]}
							}
						},
						{
							"origin": [-1.5, 5.5, 7],
							"size": [3, 1, 1],
							"uv": {
								"north": {"uv": [1, 16], "uv_size": [3, 1]},
								"east": {"uv": [1, 16], "uv_size": [1, 1]},
								"south": {"uv": [1, 16], "uv_size": [3, 1]},
								"west": {"uv": [1, 16], "uv_size": [1, 1]},
								"up": {"uv": [4, 17], "uv_size": [-3, -1]},
								"down": {"uv": [4, 17], "uv_size": [-3, -1]}
							}
						},
						{
							"origin": [-1.5, 11, 7],
							"size": [3, 1, 1],
							"uv": {
								"north": {"uv": [1, 16], "uv_size": [3, 1]},
								"east": {"uv": [1, 16], "uv_size": [1, 1]},
								"south": {"uv": [1, 16], "uv_size": [3, 1]},
								"west": {"uv": [1, 16], "uv_size": [1, 1]},
								"up": {"uv": [4, 17], "uv_size": [-3, -1]},
								"down": {"uv": [4, 17], "uv_size": [-3, -1]}
							}
						},
						{
							"origin": [-8, 2, -6.5],
							"size": [2, 12.5, 1],
							"uv": {
								"north": {"uv": [23, 0], "uv_size": [2, 12]},
								"south": {"uv": [23, 0], "uv_size": [2, 12]},
								"down": {"uv": [18, 1], "uv_size": [-2, -1]}
							}
						}
					]
				},
				{
					"name": "couch_middle",
					"pivot": [0, 0, 0],
					"rotation": [0, 180, 0],
					"cubes": [
						{
							"origin": [-8, 14.5, -8],
							"size": [16, 1.5, 16],
							"uv": {
								"north": {"uv": [0, 0], "uv_size": [16, 1.5]},
								"south": {"uv": [0, 0], "uv_size": [16, 1.5]},
								"west": {"uv": [0, 0], "uv_size": [16, 1.5]},
								"up": {"uv": [16, 16], "uv_size": [-16, -16]},
								"down": {"uv": [16, 16], "uv_size": [-16, -16]}
							}
						},
						{
							"origin": [-6, 2, -6.5],
							"size": [12, 12.5, 13],
							"uv": {
								"north": {"uv": [18, 0], "uv_size": [12, 12]},
								"east": {"uv": [17, 0], "uv_size": [13, 12]},
								"south": {"uv": [18, 0], "uv_size": [12, 12]},
								"west": {"uv": [17, 0], "uv_size": [13, 12]},
								"down": {"uv": [28, 13], "uv_size": [-12, -13]}
							}
						},
						{
							"origin": [-5, 4, 6.5],
							"size": [10, 4, 1],
							"uv": {
								"north": {"uv": [0, 0], "uv_size": [10, 4]},
								"east": {"uv": [0, 0], "uv_size": [1, 4]},
								"south": {"uv": [0, 0], "uv_size": [10, 4]},
								"west": {"uv": [0, 0], "uv_size": [1, 4]},
								"up": {"uv": [10, 1], "uv_size": [-10, -1]},
								"down": {"uv": [10, 1], "uv_size": [-10, -1]}
							}
						},
						{
							"origin": [-5, 9.5, 6.5],
							"size": [10, 4, 1],
							"uv": {
								"north": {"uv": [0, 0], "uv_size": [10, 4]},
								"east": {"uv": [0, 0], "uv_size": [1, 4]},
								"south": {"uv": [0, 0], "uv_size": [10, 4]},
								"west": {"uv": [0, 0], "uv_size": [1, 4]},
								"up": {"uv": [10, 1], "uv_size": [-10, -1]},
								"down": {"uv": [10, 1], "uv_size": [-10, -1]}
							}
						},
						{
							"origin": [-1.5, 5.5, 7],
							"size": [3, 1, 1],
							"uv": {
								"north": {"uv": [1, 16], "uv_size": [3, 1]},
								"east": {"uv": [1, 16], "uv_size": [1, 1]},
								"south": {"uv": [1, 16], "uv_size": [3, 1]},
								"west": {"uv": [1, 16], "uv_size": [1, 1]},
								"up": {"uv": [4, 17], "uv_size": [-3, -1]},
								"down": {"uv": [4, 17], "uv_size": [-3, -1]}
							}
						},
						{
							"origin": [-1.5, 11, 7],
							"size": [3, 1, 1],
							"uv": {
								"north": {"uv": [1, 16], "uv_size": [3, 1]},
								"east": {"uv": [1, 16], "uv_size": [1, 1]},
								"south": {"uv": [1, 16], "uv_size": [3, 1]},
								"west": {"uv": [1, 16], "uv_size": [1, 1]},
								"up": {"uv": [4, 17], "uv_size": [-3, -1]},
								"down": {"uv": [4, 17], "uv_size": [-3, -1]}
							}
						},
						{
							"origin": [6, 2, -6.5],
							"size": [2, 12.5, 1],
							"uv": {
								"north": {"uv": [23, 0], "uv_size": [2, 12]},
								"south": {"uv": [23, 0], "uv_size": [2, 12]},
								"down": {"uv": [18, 1], "uv_size": [-2, -1]}
							}
						},
						{
							"origin": [-8, 2, -6.5],
							"size": [2, 12.5, 1],
							"uv": {
								"north": {"uv": [23, 0], "uv_size": [2, 12]},
								"south": {"uv": [23, 0], "uv_size": [2, 12]},
								"down": {"uv": [18, 1], "uv_size": [-2, -1]}
							}
						}
					]
				},
				{
					"name": "couch_corner",
					"pivot": [0, 0, 0],
					"rotation": [0, 180, 0],
					"cubes": [
						{
							"origin": [-8, 14.5, -8],
							"size": [16, 1.5, 16],
							"uv": {
								"north": {"uv": [0, 0], "uv_size": [16, 1.5]},
								"east": {"uv": [0, 0], "uv_size": [16, 1.5]},
								"south": {"uv": [0, 0], "uv_size": [16, 1.5]},
								"up": {"uv": [16, 16], "uv_size": [-16, -16]},
								"down": {"uv": [16, 16], "uv_size": [-16, -16]}
							}
						},
						{
							"origin": [-7.5, 0, -7],
							"size": [1.5, 14.5, 14],
							"uv": {
								"north": {"uv": [10, 17], "uv_size": [1, 14]},
								"east": {"uv": [1, 17], "uv_size": [14, 14]},
								"south": {"uv": [10, 17], "uv_size": [1, 14]},
								"west": {"uv": [1, 17], "uv_size": [14, 14]},
								"down": {"uv": [1.5, 30], "uv_size": [-1.5, -14]}
							}
						},
						{
							"origin": [-6, 2, -6.5],
							"size": [12, 12.5, 13],
							"uv": {
								"north": {"uv": [18, 0], "uv_size": [12, 12]},
								"east": {"uv": [17, 0], "uv_size": [13, 12]},
								"south": {"uv": [18, 0], "uv_size": [12, 12]},
								"west": {"uv": [17, 0], "uv_size": [13, 12]},
								"down": {"uv": [28, 13], "uv_size": [-12, -13]}
							}
						},
						{
							"origin": [-5, 4, 6.5],
							"size": [10, 4, 1],
							"uv": {
								"north": {"uv": [0, 0], "uv_size": [10, 4]},
								"east": {"uv": [0, 0], "uv_size": [1, 4]},
								"south": {"uv": [0, 0], "uv_size": [10, 4]},
								"west": {"uv": [0, 0], "uv_size": [1, 4]},
								"up": {"uv": [10, 1], "uv_size": [-10, -1]},
								"down": {"uv": [10, 1], "uv_size": [-10, -1]}
							}
						},
						{
							"origin": [-5, 9.5, 6.5],
							"size": [10, 4, 1],
							"uv": {
								"north": {"uv": [0, 0], "uv_size": [10, 4]},
								"east": {"uv": [0, 0], "uv_size": [1, 4]},
								"south": {"uv": [0, 0], "uv_size": [10, 4]},
								"west": {"uv": [0, 0], "uv_size": [1, 4]},
								"up": {"uv": [10, 1], "uv_size": [-10, -1]},
								"down": {"uv": [10, 1], "uv_size": [-10, -1]}
							}
						},
						{
							"origin": [-1.5, 5.5, 7],
							"size": [3, 1, 1],
							"uv": {
								"north": {"uv": [1, 16], "uv_size": [3, 1]},
								"east": {"uv": [1, 16], "uv_size": [1, 1]},
								"south": {"uv": [1, 16], "uv_size": [3, 1]},
								"west": {"uv": [1, 16], "uv_size": [1, 1]},
								"up": {"uv": [4, 17], "uv_size": [-3, -1]},
								"down": {"uv": [4, 17], "uv_size": [-3, -1]}
							}
						},
						{
							"origin": [-1.5, 11, 7],
							"size": [3, 1, 1],
							"uv": {
								"north": {"uv": [1, 16], "uv_size": [3, 1]},
								"east": {"uv": [1, 16], "uv_size": [1, 1]},
								"south": {"uv": [1, 16], "uv_size": [3, 1]},
								"west": {"uv": [1, 16], "uv_size": [1, 1]},
								"up": {"uv": [4, 17], "uv_size": [-3, -1]},
								"down": {"uv": [4, 17], "uv_size": [-3, -1]}
							}
						},
						{
							"origin": [6, 2, -6.5],
							"size": [2, 12.5, 1],
							"uv": {
								"north": {"uv": [23, 0], "uv_size": [2, 12]},
								"east": {"uv": [16, 0], "uv_size": [1, 12.5]},
								"south": {"uv": [23, 0], "uv_size": [2, 12]},
								"down": {"uv": [18, 1], "uv_size": [-2, -1]}
							}
						}
					]
				}
			]
		}
	]
}