{
	"format_version": "1.12.0",
	"minecraft:geometry": [
		{
			"description": {
				"identifier": "geometry.desk",
				"texture_width": 32,
				"texture_height": 32,
				"visible_bounds_width": 3,
				"visible_bounds_height": 2.5,
				"visible_bounds_offset": [0, 0.75, 0]
			},
			"bones": [
				{
					"name": "couch",
					"pivot": [0, 0, 0],
					"cubes": [
						{
							"origin": [-7.5, 0, -7],
							"size": [1.5, 14.5, 14],
							"pivot": [0, 0, 0],
							"rotation": [0, 180, 0],
							"uv": {
								"north": {"uv": [0, 16], "uv_size": [2, 16]},
								"east": {"uv": [0, 16], "uv_size": [14, 16]},
								"south": {"uv": [9, 18], "uv_size": [1, 14]},
								"west": {"uv": [0, 16], "uv_size": [14, 16]},
								"down": {"uv": [10, 32], "uv_size": [-1, -14]}
							}
						},
						{
							"origin": [-6, 2, -6.5],
							"size": [12, 12.5, 1],
							"pivot": [0, 0, 0],
							"rotation": [0, 180, 0],
							"uv": {
								"north": {"uv": [16, 2], "uv_size": [16, 14]},
								"south": {"uv": [16, 2], "uv_size": [16, 14]},
								"down": {"uv": [32, 1], "uv_size": [-16, -1]}
							}
						},
						{
							"origin": [6, 0, -7],
							"size": [1.5, 14.5, 14],
							"pivot": [0, 0, 0],
							"rotation": [0, 180, 0],
							"uv": {
								"north": {"uv": [0, 16], "uv_size": [2, 16]},
								"east": {"uv": [0, 16], "uv_size": [14, 16]},
								"south": {"uv": [9, 18], "uv_size": [1, 14]},
								"west": {"uv": [0, 16], "uv_size": [14, 16]},
								"down": {"uv": [10, 32], "uv_size": [-1, -14]}
							}
						},
						{
							"origin": [-8, 14.5, -8],
							"size": [16, 1.5, 16],
							"pivot": [0, 0, 0],
							"rotation": [0, 180, 0],
							"uv": {
								"north": {"uv": [0, 0], "uv_size": [16, 3]},
								"east": {"uv": [0, 0], "uv_size": [16, 3]},
								"south": {"uv": [0, 0], "uv_size": [16, 3]},
								"west": {"uv": [0, 0], "uv_size": [16, 3]},
								"up": {"uv": [16, 16], "uv_size": [-16, -16]},
								"down": {"uv": [16, 16], "uv_size": [-16, -16]}
							}
						}
					]
				},
				{
					"name": "couch_left",
					"pivot": [0, 0, 0],
					"cubes": [
						{
							"origin": [-8, 14.5, -8],
							"size": [16, 1.5, 16],
							"pivot": [0, 0, 0],
							"rotation": [0, 180, 0],
							"uv": {
								"north": {"uv": [0, 0], "uv_size": [16, 3]},
								"east": {"uv": [0, 0], "uv_size": [16, 3]},
								"south": {"uv": [0, 0], "uv_size": [16, 3]},
								"up": {"uv": [16, 16], "uv_size": [-16, -16]},
								"down": {"uv": [16, 3], "uv_size": [-16, -3]}
							}
						},
						{
							"origin": [-7.5, 0, -7],
							"size": [1.5, 14.5, 14],
							"pivot": [0, 0, 0],
							"rotation": [0, 180, 0],
							"uv": {
								"north": {"uv": [9, 18], "uv_size": [1, 14]},
								"east": {"uv": [0, 16], "uv_size": [14, 16]},
								"south": {"uv": [9, 18], "uv_size": [1, 14]},
								"west": {"uv": [0, 16], "uv_size": [14, 16]},
								"down": {"uv": [10, 32], "uv_size": [-1, -14]}
							}
						},
						{
							"origin": [-6, 2, -6.5],
							"size": [12, 12.5, 1],
							"pivot": [0, 0, 0],
							"rotation": [0, 180, 0],
							"uv": {
								"north": {"uv": [16, 2], "uv_size": [16, 14]},
								"south": {"uv": [16, 2], "uv_size": [16, 14]},
								"down": {"uv": [32, 1], "uv_size": [-16, -1]}
							}
						},
						{
							"origin": [6, 2, -6.5],
							"size": [2, 12.5, 1],
							"pivot": [0, 0, 0],
							"rotation": [0, 180, 0],
							"uv": {
								"north": {"uv": [16, 2], "uv_size": [2, 14]},
								"south": {"uv": [16, 2], "uv_size": [2, 14]},
								"down": {"uv": [18, 2], "uv_size": [-2, -2]}
							}
						}
					]
				},
				{
					"name": "couch_right",
					"pivot": [0, 0, 0],
					"rotation": [0, 180, 0],
					"cubes": [
						{
							"origin": [-8, 14.5, -8],
							"size": [16, 1.5, 16],
							"uv": {
								"north": {"uv": [0, 0], "uv_size": [16, 3]},
								"south": {"uv": [0, 0], "uv_size": [16, 3]},
								"west": {"uv": [0, 0], "uv_size": [16, 3]},
								"up": {"uv": [16, 16], "uv_size": [-16, -16]},
								"down": {"uv": [16, 16], "uv_size": [-16, -16]}
							}
						},
						{
							"origin": [6, 0, -7],
							"size": [1.5, 14.5, 14],
							"uv": {
								"north": {"uv": [9, 18], "uv_size": [1, 14]},
								"east": {"uv": [0, 16], "uv_size": [14, 16]},
								"south": {"uv": [9, 18], "uv_size": [1, 14]},
								"west": {"uv": [0, 16], "uv_size": [14, 16]},
								"down": {"uv": [10, 32], "uv_size": [-1, -14]}
							}
						},
						{
							"origin": [-6, 2, -6.5],
							"size": [12, 12.5, 1],
							"uv": {
								"north": {"uv": [16, 2], "uv_size": [16, 14]},
								"south": {"uv": [16, 2], "uv_size": [16, 14]},
								"down": {"uv": [32, 1], "uv_size": [-16, -1]}
							}
						},
						{
							"origin": [-8, 2, -6.5],
							"size": [2, 12.5, 1],
							"uv": {
								"north": {"uv": [16, 2], "uv_size": [2, 14]},
								"south": {"uv": [16, 2], "uv_size": [2, 14]},
								"down": {"uv": [18, 2], "uv_size": [-2, -2]}
							}
						}
					]
				},
				{
					"name": "couch_middle",
					"pivot": [0, 0, 0],
					"rotation": [0, 180, 0],
					"cubes": [
						{
							"origin": [-8, 14.5, -8],
							"size": [16, 1.5, 16],
							"uv": {
								"north": {"uv": [0, 0], "uv_size": [16, 3]},
								"south": {"uv": [0, 0], "uv_size": [16, 3]},
								"up": {"uv": [16, 16], "uv_size": [-16, -16]},
								"down": {"uv": [16, 16], "uv_size": [-16, -16]}
							}
						},
						{
							"origin": [-6, 2, -6.5],
							"size": [12, 12.5, 1],
							"uv": {
								"north": {"uv": [16, 2], "uv_size": [16, 14]},
								"south": {"uv": [16, 2], "uv_size": [16, 14]},
								"down": {"uv": [32, 1], "uv_size": [-16, -1]}
							}
						},
						{
							"origin": [-8, 2, -6.5],
							"size": [2, 12.5, 1],
							"uv": {
								"north": {"uv": [16, 2], "uv_size": [2, 14]},
								"south": {"uv": [16, 2], "uv_size": [2, 14]},
								"down": {"uv": [18, 2], "uv_size": [-2, -2]}
							}
						},
						{
							"origin": [6, 2, -6.5],
							"size": [2, 12.5, 1],
							"uv": {
								"north": {"uv": [16, 2], "uv_size": [2, 14]},
								"south": {"uv": [16, 2], "uv_size": [2, 14]},
								"down": {"uv": [18, 2], "uv_size": [-2, -2]}
							}
						}
					]
				},
				{
					"name": "couch_corner",
					"pivot": [0, 0, 0],
					"rotation": [0, 180, 0],
					"cubes": [
						{
							"origin": [-8, 14.5, -8],
							"size": [16, 1.5, 16],
							"uv": {
								"north": {"uv": [0, 0], "uv_size": [16, 3]},
								"east": {"uv": [0, 0], "uv_size": [16, 3]},
								"south": {"uv": [0, 0], "uv_size": [16, 3]},
								"west": {"uv": [0, 0], "uv_size": [16, 3]},
								"up": {"uv": [16, 16], "uv_size": [-16, -16]},
								"down": {"uv": [16, 16], "uv_size": [-16, -16]}
							}
						},
						{
							"origin": [-7, 0, -7],
							"size": [1.5, 14.5, 1.5],
							"uv": {
								"north": {"uv": [11, 18], "uv_size": [2, 14]},
								"east": {"uv": [11, 18], "uv_size": [2, 14]},
								"south": {"uv": [11, 18], "uv_size": [2, 14]},
								"west": {"uv": [11, 18], "uv_size": [2, 14]},
								"down": {"uv": [3, 3], "uv_size": [-3, -3]}
							}
						},
						{
							"origin": [-6, 2, -6.5],
							"size": [12, 12.5, 1],
							"uv": {
								"north": {"uv": [16, 2], "uv_size": [16, 14]},
								"south": {"uv": [16, 2], "uv_size": [16, 14]},
								"down": {"uv": [32, 1], "uv_size": [-16, -1]}
							}
						},
						{
							"origin": [6, 2, -6.5],
							"size": [2, 12.5, 1],
							"uv": {
								"north": {"uv": [16, 2], "uv_size": [2, 14]},
								"east": {"uv": [16, 2], "uv_size": [2, 14]},
								"south": {"uv": [16, 2], "uv_size": [2, 14]},
								"west": {"uv": [16, 2], "uv_size": [2, 14]},
								"down": {"uv": [17, 2], "uv_size": [-1, -2]}
							}
						},
						{
							"origin": [-6.5, 2, -5.5],
							"size": [1, 12.5, 13.5],
							"uv": {
								"north": {"uv": [9, 18], "uv_size": [1, 14]},
								"east": {"uv": [16, 2], "uv_size": [16, 14]},
								"south": {"uv": [16, 2], "uv_size": [2, 14]},
								"west": {"uv": [16, 2], "uv_size": [16, 14]},
								"up": {"uv": [10, 32], "uv_size": [-1, -14]},
								"down": {"uv": [32, 1], "uv_size": [-16, -1]}
							}
						}
					]
				}
			]
		}
	]
}