{
	"format_version": "1.12.0",
	"minecraft:geometry": [
		{
			"description": {
				"identifier": "geometry.door_bell_pressed",
				"texture_width": 32,
				"texture_height": 32,
				"visible_bounds_width": 2,
				"visible_bounds_height": 2.5,
				"visible_bounds_offset": [0, 0.75, 0]
			},
			"bones": [
				{
					"name": "bb_main",
					"pivot": [0, 0, 0],
					"cubes": [
						{
							"origin": [-8, 4.8, -1.6],
							"size": [1.6, 6.4, 3.2],
							"pivot": [0, 0, 0],
							"rotation": [0, -90, 0],
							"uv": {
								"north": {"uv": [14.4, 4.8], "uv_size": [1.6, 6.4]},
								"east": {"uv": [6.4, 4.8], "uv_size": [3.2, 6.4]},
								"south": {"uv": [14.4, 4.8], "uv_size": [1.6, 6.4]},
								"west": {"uv": [6.4, 4.8], "uv_size": [3.2, 6.4]},
								"up": {"uv": [16, 9.6], "uv_size": [-1.6, -3.2]},
								"down": {"uv": [16, 9.6], "uv_size": [-1.6, -3.2]}
							}
						},
						{
							"origin": [-6.4, 7.2, -0.8],
							"size": [0.16, 1.6, 1.6],
							"pivot": [0, 0, 0],
							"rotation": [0, -90, 0],
							"uv": {
								"north": {"uv": [28.24, 23.2], "uv_size": [0.16, 1.6]},
								"east": {"uv": [21.2, 23.2], "uv_size": [1.6, 1.6]},
								"south": {"uv": [28.24, 23.2], "uv_size": [0.16, 1.6]},
								"west": {"uv": [21.2, 23.2], "uv_size": [1.6, 1.6]},
								"up": {"uv": [28.4, 24.8], "uv_size": [-0.16, -1.6]},
								"down": {"uv": [28.4, 24.8], "uv_size": [-0.16, -1.6]}
							}
						}
					]
				}
			]
		}
	]
}