{
	"format_version": "1.12.0",
	"minecraft:geometry": [
		{
			"description": {
				"identifier": "geometry.esky_opened",
				"texture_width": 32,
				"texture_height": 32,
				"visible_bounds_width": 3,
				"visible_bounds_height": 2.5,
				"visible_bounds_offset": [0, 0.75, 0]
			},
			"bones": [
				{
					"name": "bb_main",
					"pivot": [0, 0, 0],
					"cubes": [
						{
							"origin": [-8, 6.39104, -3.93853],
							"size": [1, 2, 8],
							"pivot": [0, 0, 0],
							"rotation": [-157.5, 0, 180],
							"uv": {
								"north": {"uv": [18, 0], "uv_size": [1, 2]},
								"east": {"uv": [18, 0], "uv_size": [8, 2]},
								"south": {"uv": [18, 0], "uv_size": [1, 2]},
								"west": {"uv": [18, 0], "uv_size": [8, 2]},
								"up": {"uv": [19, 8], "uv_size": [-1, -8]},
								"down": {"uv": [19, 8], "uv_size": [-1, -8]}
							}
						},
						{
							"origin": [-7, 6.39104, -3.93853],
							"size": [14, 2, 1],
							"pivot": [0, 0, 0],
							"rotation": [-157.5, 0, 180],
							"uv": {
								"north": {"uv": [18, 0], "uv_size": [14, 2]},
								"east": {"uv": [18, 0], "uv_size": [1, 2]},
								"south": {"uv": [18, 0], "uv_size": [14, 2]},
								"west": {"uv": [18, 0], "uv_size": [1, 2]},
								"up": {"uv": [32, 1], "uv_size": [-14, -1]},
								"down": {"uv": [32, 1], "uv_size": [-14, -1]}
							}
						},
						{
							"origin": [7, 6.39104, -3.93853],
							"size": [1, 2, 8],
							"pivot": [0, 0, 0],
							"rotation": [-157.5, 0, 180],
							"uv": {
								"north": {"uv": [18, 0], "uv_size": [1, 2]},
								"east": {"uv": [18, 0], "uv_size": [8, 2]},
								"south": {"uv": [18, 0], "uv_size": [1, 2]},
								"west": {"uv": [18, 0], "uv_size": [8, 2]},
								"up": {"uv": [19, 8], "uv_size": [-1, -8]},
								"down": {"uv": [19, 8], "uv_size": [-1, -8]}
							}
						},
						{
							"origin": [-7, 10.96016, 3.18198],
							"size": [14, 1.5, 11],
							"pivot": [0, 0, 0],
							"rotation": [-135, 0, -180],
							"uv": {
								"north": {"uv": [0, 0], "uv_size": [14, 1.5]},
								"east": {"uv": [0, 0], "uv_size": [11, 1.5]},
								"south": {"uv": [0, 0], "uv_size": [14, 1.5]},
								"west": {"uv": [0, 0], "uv_size": [11, 1.5]},
								"up": {"uv": [14, 11], "uv_size": [-14, -11]},
								"down": {"uv": [14, 11], "uv_size": [-14, -11]}
							}
						},
						{
							"origin": [-7, 8, -4.5],
							"size": [1, 2, 9],
							"pivot": [0, 0, 0],
							"rotation": [180, 0, 180],
							"uv": {
								"north": {"uv": [18, 0], "uv_size": [1, 2]},
								"east": {"uv": [18, 0], "uv_size": [9, 2]},
								"south": {"uv": [18, 0], "uv_size": [1, 2]},
								"west": {"uv": [18, 0], "uv_size": [9, 2]},
								"up": {"uv": [19, 9], "uv_size": [-1, -9]},
								"down": {"uv": [19, 9], "uv_size": [-1, -9]}
							}
						},
						{
							"origin": [-7, 1, -4.5],
							"size": [1, 7, 9],
							"pivot": [0, 0, 0],
							"rotation": [180, 0, 180],
							"uv": {
								"north": {"uv": [0, 0], "uv_size": [1, 7]},
								"east": {"uv": [0, 0], "uv_size": [9, 7]},
								"south": {"uv": [0, 0], "uv_size": [1, 7]},
								"west": {"uv": [0, 0], "uv_size": [9, 7]},
								"down": {"uv": [1, 9], "uv_size": [-1, -9]}
							}
						},
						{
							"origin": [6, 8, -4.5],
							"size": [1, 2, 9],
							"pivot": [0, 0, 0],
							"rotation": [180, 0, 180],
							"uv": {
								"north": {"uv": [18, 0], "uv_size": [1, 2]},
								"east": {"uv": [18, 0], "uv_size": [9, 2]},
								"south": {"uv": [18, 0], "uv_size": [1, 2]},
								"west": {"uv": [18, 0], "uv_size": [9, 2]},
								"up": {"uv": [19, 9], "uv_size": [-1, -9]},
								"down": {"uv": [19, 9], "uv_size": [-1, -9]}
							}
						},
						{
							"origin": [-7, 8, 4.5],
							"size": [14, 2, 1],
							"pivot": [0, 0, 0],
							"rotation": [180, 0, 180],
							"uv": {
								"north": {"uv": [18, 0], "uv_size": [14, 2]},
								"east": {"uv": [18, 0], "uv_size": [1, 2]},
								"south": {"uv": [18, 0], "uv_size": [14, 2]},
								"west": {"uv": [18, 0], "uv_size": [1, 2]},
								"up": {"uv": [32, 1], "uv_size": [-14, -1]},
								"down": {"uv": [32, 1], "uv_size": [-14, -1]}
							}
						},
						{
							"origin": [-7, 8, -5.5],
							"size": [14, 2, 1],
							"pivot": [0, 0, 0],
							"rotation": [180, 0, 180],
							"uv": {
								"north": {"uv": [18, 0], "uv_size": [14, 2]},
								"east": {"uv": [18, 0], "uv_size": [1, 2]},
								"south": {"uv": [18, 0], "uv_size": [14, 2]},
								"west": {"uv": [18, 0], "uv_size": [1, 2]},
								"up": {"uv": [32, 1], "uv_size": [-14, -1]},
								"down": {"uv": [32, 1], "uv_size": [-14, -1]}
							}
						},
						{
							"origin": [6, 1, -4.5],
							"size": [1, 7, 9],
							"pivot": [0, 0, 0],
							"rotation": [180, 0, 180],
							"uv": {
								"north": {"uv": [0, 0], "uv_size": [1, 7]},
								"east": {"uv": [0, 0], "uv_size": [9, 7]},
								"south": {"uv": [0, 0], "uv_size": [1, 7]},
								"west": {"uv": [0, 0], "uv_size": [9, 7]},
								"down": {"uv": [1, 9], "uv_size": [-1, -9]}
							}
						},
						{
							"origin": [-7, 1, 4.5],
							"size": [14, 7, 1],
							"pivot": [0, 0, 0],
							"rotation": [180, 0, 180],
							"uv": {
								"north": {"uv": [0, 0], "uv_size": [14, 7]},
								"east": {"uv": [0, 0], "uv_size": [1, 7]},
								"south": {"uv": [0, 0], "uv_size": [14, 7]},
								"west": {"uv": [0, 0], "uv_size": [1, 7]},
								"down": {"uv": [14, 1], "uv_size": [-14, -1]}
							}
						},
						{
							"origin": [-7, 1, -5.5],
							"size": [14, 7, 1],
							"pivot": [0, 0, 0],
							"rotation": [180, 0, 180],
							"uv": {
								"north": {"uv": [0, 0], "uv_size": [14, 7]},
								"east": {"uv": [0, 0], "uv_size": [1, 7]},
								"south": {"uv": [0, 0], "uv_size": [14, 7]},
								"west": {"uv": [0, 0], "uv_size": [1, 7]},
								"down": {"uv": [14, 1], "uv_size": [-14, -1]}
							}
						},
						{
							"origin": [-7, 0, -5.5],
							"size": [14, 1, 11],
							"pivot": [0, 0, 0],
							"rotation": [180, 0, 180],
							"uv": {
								"north": {"uv": [0, 0], "uv_size": [14, 1]},
								"east": {"uv": [0, 0], "uv_size": [11, 1]},
								"south": {"uv": [0, 0], "uv_size": [14, 1]},
								"west": {"uv": [0, 0], "uv_size": [11, 1]},
								"up": {"uv": [14, 11], "uv_size": [-14, -11]},
								"down": {"uv": [14, 11], "uv_size": [-14, -11]}
							}
						}
					]
				}
			]
		}
	]
}