{
	"format_version": "1.12.0",
	"minecraft:geometry": [
		{
			"description": {
				"identifier": "geometry.fairy_light",
				"texture_width": 16,
				"texture_height": 16,
				"visible_bounds_width": 3,
				"visible_bounds_height": 2.5,
				"visible_bounds_offset": [0, 0.75, 0]
			},
			"bones": [
				{
					"name": "bb_main",
					"pivot": [0, 0, 0],
					"cubes": [
						{
							"origin": [4.5, 11.8, -0.5],
							"size": [2, 2, 2],
							"pivot": [5.3, 13.8, 1],
							"rotation": [0, 0, -22.5],
							"uv": {
								"north": {"uv": [13, 7.66667], "uv_size": [1, 1]},
								"east": {"uv": [13, 7.66667], "uv_size": [1, 1]},
								"south": {"uv": [13, 7.66667], "uv_size": [1, 1]},
								"west": {"uv": [13, 7.66667], "uv_size": [1, 1]},
								"up": {"uv": [14, 8.66667], "uv_size": [-1, -1]},
								"down": {"uv": [14, 8.66667], "uv_size": [-1, -1]}
							}
						},
						{
							"origin": [-1, 11, -0.5],
							"size": [2, 2, 2],
							"uv": {
								"north": {"uv": [3.5, 7.5], "uv_size": [1, 1]},
								"east": {"uv": [3.5, 7.5], "uv_size": [1, 1]},
								"south": {"uv": [3.5, 7.5], "uv_size": [1, 1]},
								"west": {"uv": [3.5, 7.5], "uv_size": [1, 1]},
								"up": {"uv": [4.5, 8.5], "uv_size": [-1, -1]},
								"down": {"uv": [4.5, 8.5], "uv_size": [-1, -1]}
							}
						},
						{
							"origin": [-6.5, 11.8, -0.5],
							"size": [2, 2, 2],
							"pivot": [-5.2, 13.8, 1],
							"rotation": [0, 0, 22.5],
							"uv": {
								"north": {"uv": [13, 7.83334], "uv_size": [1, 1]},
								"east": {"uv": [13, 7.83334], "uv_size": [1, 1]},
								"south": {"uv": [13, 7.83334], "uv_size": [1, 1]},
								"west": {"uv": [13, 7.83334], "uv_size": [1, 1]},
								"up": {"uv": [14, 8.83334], "uv_size": [-1, -1]},
								"down": {"uv": [14, 8.83334], "uv_size": [-1, -1]}
							}
						},
						{
							"origin": [4.6, 11.7, -0.8],
							"size": [2.6, 2.6, 2.6],
							"pivot": [6, 13, 0],
							"rotation": [0, 0, -22.5],
							"uv": {
								"north": {"uv": [13.5, 3.83334], "uv_size": [1, 1]},
								"east": {"uv": [13.5, 3.83334], "uv_size": [1, 1]},
								"south": {"uv": [13.5, 3.83334], "uv_size": [1, 1]},
								"west": {"uv": [13.5, 3.83334], "uv_size": [1, 1]},
								"up": {"uv": [14.5, 4.83334], "uv_size": [-1, -1]},
								"down": {"uv": [14.5, 4.83334], "uv_size": [-1, -1]}
							}
						},
						{
							"origin": [-1.3, 10.7, -0.8],
							"size": [2.6, 2.6, 2.6],
							"uv": {
								"north": {"uv": [3, 0.5], "uv_size": [1, 1]},
								"east": {"uv": [3, 0.5], "uv_size": [1, 1]},
								"south": {"uv": [3, 0.5], "uv_size": [1, 1]},
								"west": {"uv": [3, 0.5], "uv_size": [1, 1]},
								"up": {"uv": [4, 1.5], "uv_size": [-1, -1]},
								"down": {"uv": [4, 1.5], "uv_size": [-1, -1]}
							}
						},
						{
							"origin": [-6.3, 7.1, -0.8],
							"size": [2.6, 2.6, 2.6],
							"pivot": [6, 13, 0],
							"rotation": [0, 0, 22.5],
							"uv": {
								"north": {"uv": [13.5, 3.83334], "uv_size": [1, 1]},
								"east": {"uv": [13.5, 3.83334], "uv_size": [1, 1]},
								"south": {"uv": [13.5, 3.83334], "uv_size": [1, 1]},
								"west": {"uv": [13.5, 3.83334], "uv_size": [1, 1]},
								"up": {"uv": [14.5, 4.83334], "uv_size": [-1, -1]},
								"down": {"uv": [14.5, 4.83334], "uv_size": [-1, -1]}
							}
						},
						{
							"origin": [2, 15, 0],
							"size": [6, 1, 1],
							"pivot": [8, 16, 1],
							"rotation": [0, 0, -22.5],
							"uv": {
								"north": {"uv": [0, 12], "uv_size": [3, 0.8]},
								"east": {"uv": [0, 12], "uv_size": [0.5, 0.8]},
								"south": {"uv": [0, 12], "uv_size": [3, 0.8]},
								"west": {"uv": [0, 12], "uv_size": [0.5, 0.8]},
								"up": {"uv": [3, 12.8], "uv_size": [-3, -0.8]},
								"down": {"uv": [3, 12.8], "uv_size": [-3, -0.8]}
							}
						},
						{
							"origin": [-2.7, 12.8, 0],
							"size": [5.5, 1, 1],
							"uv": {
								"north": {"uv": [0, 12], "uv_size": [2.75, 0.8]},
								"east": {"uv": [0, 12], "uv_size": [0.5, 0.8]},
								"south": {"uv": [0, 12], "uv_size": [2.75, 0.8]},
								"west": {"uv": [0, 12], "uv_size": [0.5, 0.8]},
								"up": {"uv": [2.75, 12.8], "uv_size": [-2.75, -0.8]},
								"down": {"uv": [2.75, 12.8], "uv_size": [-2.75, -0.8]}
							}
						},
						{
							"origin": [-8, 15, 0],
							"size": [6, 1, 1],
							"pivot": [-8, 16, 1],
							"rotation": [0, 0, 22.5],
							"uv": {
								"north": {"uv": [0, 12], "uv_size": [3, 0.8]},
								"east": {"uv": [0, 12], "uv_size": [0.5, 0.8]},
								"south": {"uv": [0, 12], "uv_size": [3, 0.8]},
								"west": {"uv": [0, 12], "uv_size": [0.5, 0.8]},
								"up": {"uv": [3, 12.8], "uv_size": [-3, -0.8]},
								"down": {"uv": [3, 12.8], "uv_size": [-3, -0.8]}
							}
						}
					]
				}
			]
		}
	]
}