{
	"format_version": "1.12.0",
	"minecraft:geometry": [
		{
			"description": {
				"identifier": "geometry.fridge_open",
				"texture_width": 32,
				"texture_height": 32,
				"visible_bounds_width": 3,
				"visible_bounds_height": 4.5,
				"visible_bounds_offset": [0, 1.75, 0]
			},
			"bones": [
				{
					"name": "bb_main",
					"pivot": [0, 0, 0],
					"cubes": [
						{
							"origin": [9.53554, 8, -17.69331],
							"size": [0.8, 7, 1],
							"pivot": [0, 0, 0],
							"rotation": [0, 10, 0],
							"uv": {
								"north": {"uv": [16, 16], "uv_size": [0.8, 7]},
								"east": {"uv": [18, 16], "uv_size": [1, 7]},
								"south": {"uv": [16, 16], "uv_size": [0.8, 7]},
								"west": {"uv": [18, 16], "uv_size": [1, 7]},
								"up": {"uv": [16.8, 17], "uv_size": [-0.8, -1]},
								"down": {"uv": [16.8, 17], "uv_size": [-0.8, -1]}
							}
						},
						{
							"origin": [8.93554, 8, -17.69331],
							"size": [0.6, 1, 1],
							"pivot": [0, 0, 0],
							"rotation": [0, 10, 0],
							"uv": {
								"north": {"uv": [16, 16], "uv_size": [0.6, 1]},
								"east": {"uv": [19, 16], "uv_size": [1, 1]},
								"south": {"uv": [16, 16], "uv_size": [0.6, 1]},
								"west": {"uv": [19, 16], "uv_size": [1, 1]},
								"up": {"uv": [16.6, 18], "uv_size": [-0.6, -1]},
								"down": {"uv": [16.6, 18], "uv_size": [-0.6, -1]}
							}
						},
						{
							"origin": [8.93554, 14, -17.69331],
							"size": [0.6, 1, 1],
							"pivot": [0, 0, 0],
							"rotation": [0, 10, 0],
							"uv": {
								"north": {"uv": [16, 25], "uv_size": [0.6, 1]},
								"east": {"uv": [19, 25], "uv_size": [1, 1]},
								"south": {"uv": [16, 25], "uv_size": [0.6, 1]},
								"west": {"uv": [19, 25], "uv_size": [1, 1]},
								"up": {"uv": [16.6, 18], "uv_size": [-0.6, -1]},
								"down": {"uv": [16.6, 18], "uv_size": [-0.6, -1]}
							}
						},
						{
							"origin": [-8, 1, -5],
							"size": [1, 4, 10],
							"pivot": [0, 0, 0],
							"rotation": [0, 90, 0],
							"uv": {
								"north": {"uv": [31, 17], "uv_size": [1, 4]},
								"east": {"uv": [19, 17], "uv_size": [10, 4]},
								"south": {"uv": [31, 17], "uv_size": [1, 4]},
								"west": {"uv": [19, 17], "uv_size": [10, 4]},
								"up": {"uv": [32, 26], "uv_size": [-1, -10]},
								"down": {"uv": [32, 26], "uv_size": [-1, -10]}
							}
						},
						{
							"origin": [-7.5, 5, -5],
							"size": [0.5, 1, 1],
							"pivot": [0, 0, 0],
							"rotation": [0, 90, 0],
							"uv": {
								"north": {"uv": [15, 18], "uv_size": [0.5, 1]},
								"east": {"uv": [3, 18], "uv_size": [1, 1]},
								"south": {"uv": [15, 18], "uv_size": [0.5, 1]},
								"west": {"uv": [3, 18], "uv_size": [1, 1]},
								"up": {"uv": [15.5, 17], "uv_size": [-0.5, -1]},
								"down": {"uv": [15.5, 17], "uv_size": [-0.5, -1]}
							}
						},
						{
							"origin": [-7.5, 9, -5],
							"size": [0.5, 1, 1],
							"pivot": [0, 0, 0],
							"rotation": [0, 90, 0],
							"uv": {
								"north": {"uv": [15, 22], "uv_size": [0.5, 1]},
								"east": {"uv": [3, 22], "uv_size": [1, 1]},
								"south": {"uv": [15, 22], "uv_size": [0.5, 1]},
								"west": {"uv": [3, 22], "uv_size": [1, 1]},
								"up": {"uv": [15.5, 17], "uv_size": [-0.5, -1]},
								"down": {"uv": [15.5, 17], "uv_size": [-0.5, -1]}
							}
						},
						{
							"origin": [-7.5, 13, -5],
							"size": [0.5, 1, 1],
							"pivot": [0, 0, 0],
							"rotation": [0, 90, 0],
							"uv": {
								"north": {"uv": [15, 13], "uv_size": [0.5, 1]},
								"east": {"uv": [3, 13], "uv_size": [1, 1]},
								"south": {"uv": [15, 13], "uv_size": [0.5, 1]},
								"west": {"uv": [3, 13], "uv_size": [1, 1]},
								"up": {"uv": [15.5, 4], "uv_size": [-0.5, -1]},
								"down": {"uv": [15.5, 4], "uv_size": [-0.5, -1]}
							}
						},
						{
							"origin": [-7.5, 7, 4],
							"size": [0.5, 1, 1],
							"pivot": [0, 0, 0],
							"rotation": [0, 90, 0],
							"uv": {
								"north": {"uv": [15, 20], "uv_size": [0.5, 1]},
								"east": {"uv": [12, 20], "uv_size": [1, 1]},
								"south": {"uv": [15, 20], "uv_size": [0.5, 1]},
								"west": {"uv": [12, 20], "uv_size": [1, 1]},
								"up": {"uv": [15.5, 26], "uv_size": [-0.5, -1]},
								"down": {"uv": [15.5, 26], "uv_size": [-0.5, -1]}
							}
						},
						{
							"origin": [-7.5, 11, 4],
							"size": [0.5, 1, 1],
							"pivot": [0, 0, 0],
							"rotation": [0, 90, 0],
							"uv": {
								"north": {"uv": [15, 24], "uv_size": [0.5, 1]},
								"east": {"uv": [12, 24], "uv_size": [1, 1]},
								"south": {"uv": [15, 24], "uv_size": [0.5, 1]},
								"west": {"uv": [12, 24], "uv_size": [1, 1]},
								"up": {"uv": [15.5, 26], "uv_size": [-0.5, -1]},
								"down": {"uv": [15.5, 26], "uv_size": [-0.5, -1]}
							}
						},
						{
							"origin": [-7.5, 6, -5],
							"size": [0.5, 1, 10],
							"pivot": [0, 0, 0],
							"rotation": [0, 90, 0],
							"uv": {
								"north": {"uv": [15, 19], "uv_size": [0.5, 1]},
								"east": {"uv": [3, 19], "uv_size": [10, 1]},
								"south": {"uv": [15, 19], "uv_size": [0.5, 1]},
								"west": {"uv": [3, 19], "uv_size": [10, 1]},
								"up": {"uv": [15.5, 26], "uv_size": [-0.5, -10]},
								"down": {"uv": [15.5, 26], "uv_size": [-0.5, -10]}
							}
						},
						{
							"origin": [-7.5, 8, -5],
							"size": [0.5, 1, 10],
							"pivot": [0, 0, 0],
							"rotation": [0, 90, 0],
							"uv": {
								"north": {"uv": [15, 21], "uv_size": [0.5, 1]},
								"east": {"uv": [3, 21], "uv_size": [10, 1]},
								"south": {"uv": [15, 21], "uv_size": [0.5, 1]},
								"west": {"uv": [3, 21], "uv_size": [10, 1]},
								"up": {"uv": [15.5, 26], "uv_size": [-0.5, -10]},
								"down": {"uv": [15.5, 26], "uv_size": [-0.5, -10]}
							}
						},
						{
							"origin": [-7.5, 10, -5],
							"size": [0.5, 1, 10],
							"pivot": [0, 0, 0],
							"rotation": [0, 90, 0],
							"uv": {
								"north": {"uv": [15, 23], "uv_size": [0.5, 1]},
								"east": {"uv": [3, 23], "uv_size": [10, 1]},
								"south": {"uv": [15, 23], "uv_size": [0.5, 1]},
								"west": {"uv": [3, 23], "uv_size": [10, 1]},
								"up": {"uv": [15.5, 26], "uv_size": [-0.5, -10]},
								"down": {"uv": [15.5, 26], "uv_size": [-0.5, -10]}
							}
						},
						{
							"origin": [-7.5, 12, -5],
							"size": [0.5, 1, 10],
							"pivot": [0, 0, 0],
							"rotation": [0, 90, 0],
							"uv": {
								"north": {"uv": [15, 25], "uv_size": [0.5, 1]},
								"east": {"uv": [3, 25], "uv_size": [10, 1]},
								"south": {"uv": [15, 25], "uv_size": [0.5, 1]},
								"west": {"uv": [3, 25], "uv_size": [10, 1]},
								"up": {"uv": [15.5, 26], "uv_size": [-0.5, -10]},
								"down": {"uv": [15.5, 26], "uv_size": [-0.5, -10]}
							}
						},
						{
							"origin": [-7.5, 14, -5],
							"size": [0.5, 1, 10],
							"pivot": [0, 0, 0],
							"rotation": [0, 90, 0],
							"uv": {
								"north": {"uv": [15, 27], "uv_size": [0.5, 1]},
								"east": {"uv": [3, 27], "uv_size": [10, 1]},
								"south": {"uv": [15, 27], "uv_size": [0.5, 1]},
								"west": {"uv": [3, 27], "uv_size": [10, 1]},
								"up": {"uv": [15.5, 26], "uv_size": [-0.5, -10]},
								"down": {"uv": [15.5, 26], "uv_size": [-0.5, -10]}
							}
						},
						{
							"origin": [7.53554, 0, -18.69331],
							"size": [1.4, 15.8, 14],
							"pivot": [0, 0, 0],
							"rotation": [0, 10, 0],
							"uv": {
								"north": {"uv": [0, 0], "uv_size": [1.7, 15.8]},
								"east": {"uv": [0, 0], "uv_size": [14, 15.8]},
								"south": {"uv": [0, 0], "uv_size": [1.7, 15.8]},
								"west": {"uv": [0, 0], "uv_size": [14, 15.8]},
								"up": {"uv": [1.7, 14], "uv_size": [-1.7, -14]},
								"down": {"uv": [1.7, 14], "uv_size": [-1.7, -14]}
							}
						},
						{
							"origin": [5, 0.2, -6.8],
							"size": [1.8, 0.8, 13.6],
							"pivot": [0, 0, 0],
							"rotation": [0, 90, 0],
							"uv": {
								"north": {"uv": [16, 16.2], "uv_size": [1.8, 15.8]},
								"east": {"uv": [16, 16.2], "uv_size": [13.6, 15.8]},
								"south": {"uv": [16, 16.2], "uv_size": [1.8, 15.8]},
								"west": {"uv": [16, 16.2], "uv_size": [13.6, 15.8]},
								"up": {"uv": [17.8, 29.8], "uv_size": [-1.8, -13.6]},
								"down": {"uv": [17.8, 29.8], "uv_size": [-1.8, -13.6]}
							}
						},
						{
							"origin": [5, 15.2, -6.8],
							"size": [1.8, 0.8, 13.6],
							"pivot": [0, 0, 0],
							"rotation": [0, 90, 0],
							"uv": {
								"north": {"uv": [16, 16.2], "uv_size": [1.8, 15.8]},
								"east": {"uv": [16, 16.2], "uv_size": [13.6, 15.8]},
								"south": {"uv": [16, 16.2], "uv_size": [1.8, 15.8]},
								"west": {"uv": [16, 16.2], "uv_size": [13.6, 15.8]},
								"up": {"uv": [17.8, 29.8], "uv_size": [-1.8, -13.6]},
								"down": {"uv": [17.8, 29.8], "uv_size": [-1.8, -13.6]}
							}
						},
						{
							"origin": [5, 0.2, -6.8],
							"size": [1.8, 15.8, 0.6],
							"pivot": [0, 0, 0],
							"rotation": [0, 90, 0],
							"uv": {
								"north": {"uv": [16, 16.2], "uv_size": [1.8, 15.8]},
								"east": {"uv": [16, 16.2], "uv_size": [13.6, 15.8]},
								"south": {"uv": [16, 16.2], "uv_size": [1.8, 15.8]},
								"west": {"uv": [16, 16.2], "uv_size": [13.6, 15.8]},
								"up": {"uv": [17.8, 29.8], "uv_size": [-1.8, -13.6]},
								"down": {"uv": [17.8, 29.8], "uv_size": [-1.8, -13.6]}
							}
						},
						{
							"origin": [5, 5.2, -6.8],
							"size": [1.8, 0.8, 13.6],
							"pivot": [0, 0, 0],
							"rotation": [0, 90, 0],
							"uv": {
								"north": {"uv": [16, 16.2], "uv_size": [1.8, 15.8]},
								"east": {"uv": [16, 16.2], "uv_size": [13.6, 15.8]},
								"south": {"uv": [16, 16.2], "uv_size": [1.8, 15.8]},
								"west": {"uv": [16, 16.2], "uv_size": [13.6, 15.8]},
								"up": {"uv": [17.8, 29.8], "uv_size": [-1.8, -13.6]},
								"down": {"uv": [17.8, 29.8], "uv_size": [-1.8, -13.6]}
							}
						},
						{
							"origin": [5, 10.2, -6.8],
							"size": [1.8, 0.8, 13.6],
							"pivot": [0, 0, 0],
							"rotation": [0, 90, 0],
							"uv": {
								"north": {"uv": [16, 16.2], "uv_size": [1.8, 15.8]},
								"east": {"uv": [16, 16.2], "uv_size": [13.6, 15.8]},
								"south": {"uv": [16, 16.2], "uv_size": [1.8, 15.8]},
								"west": {"uv": [16, 16.2], "uv_size": [13.6, 15.8]},
								"up": {"uv": [17.8, 29.8], "uv_size": [-1.8, -13.6]},
								"down": {"uv": [17.8, 29.8], "uv_size": [-1.8, -13.6]}
							}
						},
						{
							"origin": [5, 0.2, 6.2],
							"size": [1.8, 15.8, 0.6],
							"pivot": [0, 0, 0],
							"rotation": [0, 90, 0],
							"uv": {
								"north": {"uv": [16, 16.2], "uv_size": [1.8, 15.8]},
								"east": {"uv": [16, 16.2], "uv_size": [13.6, 15.8]},
								"south": {"uv": [16, 16.2], "uv_size": [1.8, 15.8]},
								"west": {"uv": [16, 16.2], "uv_size": [13.6, 15.8]},
								"up": {"uv": [17.8, 29.8], "uv_size": [-1.8, -13.6]},
								"down": {"uv": [17.8, 29.8], "uv_size": [-1.8, -13.6]}
							}
						},
						{
							"origin": [-7.5, 15, 4],
							"size": [0.5, 1, 1],
							"pivot": [0, 0, 0],
							"rotation": [0, 90, 0],
							"uv": {
								"north": {"uv": [15, 26], "uv_size": [0.5, 1]},
								"east": {"uv": [3, 26], "uv_size": [1, 1]},
								"south": {"uv": [15, 26], "uv_size": [0.5, 1]},
								"west": {"uv": [3, 26], "uv_size": [1, 1]},
								"up": {"uv": [15.5, 17], "uv_size": [-0.5, -1]},
								"down": {"uv": [15.5, 17], "uv_size": [-0.5, -1]}
							}
						},
						{
							"origin": [-7, 0, -7],
							"size": [12, 16, 1],
							"pivot": [0, 0, 0],
							"rotation": [0, 90, 0],
							"uv": {
								"north": {"uv": [0, 0], "uv_size": [12, 16]},
								"east": {"uv": [0, 0], "uv_size": [14, 16]},
								"south": {"uv": [0, 0], "uv_size": [12, 16]},
								"west": {"uv": [0, 0], "uv_size": [14, 16]},
								"up": {"uv": [12, 14], "uv_size": [-12, -14]},
								"down": {"uv": [12, 14], "uv_size": [-12, -14]}
							}
						},
						{
							"origin": [-7, 0, 6],
							"size": [12, 16, 1],
							"pivot": [0, 0, 0],
							"rotation": [0, 90, 0],
							"uv": {
								"north": {"uv": [0, 0], "uv_size": [12, 16]},
								"east": {"uv": [0, 0], "uv_size": [14, 16]},
								"south": {"uv": [0, 0], "uv_size": [12, 16]},
								"west": {"uv": [0, 0], "uv_size": [14, 16]},
								"up": {"uv": [12, 14], "uv_size": [-12, -14]},
								"down": {"uv": [12, 14], "uv_size": [-12, -14]}
							}
						},
						{
							"origin": [-7, 0, -6],
							"size": [1, 16, 12],
							"pivot": [0, 0, 0],
							"rotation": [0, 90, 0],
							"uv": {
								"north": {"uv": [0, 0], "uv_size": [12, 16]},
								"east": {"uv": [0, 0], "uv_size": [14, 16]},
								"south": {"uv": [0, 0], "uv_size": [12, 16]},
								"west": {"uv": [0, 0], "uv_size": [14, 16]},
								"up": {"uv": [12, 14], "uv_size": [-12, -14]},
								"down": {"uv": [12, 14], "uv_size": [-12, -14]}
							}
						},
						{
							"origin": [-6, 10, -6],
							"size": [11, 1, 12],
							"pivot": [0, 0, 0],
							"rotation": [0, 90, 0],
							"uv": {
								"north": {"uv": [0, 0], "uv_size": [12, 16]},
								"east": {"uv": [0, 0], "uv_size": [14, 16]},
								"south": {"uv": [0, 0], "uv_size": [12, 16]},
								"west": {"uv": [0, 0], "uv_size": [14, 16]},
								"up": {"uv": [12, 14], "uv_size": [-12, -14]},
								"down": {"uv": [12, 14], "uv_size": [-12, -14]}
							}
						},
						{
							"origin": [-6, 5, -6],
							"size": [11, 1, 12],
							"pivot": [0, 0, 0],
							"rotation": [0, 90, 0],
							"uv": {
								"north": {"uv": [0, 0], "uv_size": [12, 16]},
								"east": {"uv": [0, 0], "uv_size": [14, 16]},
								"south": {"uv": [0, 0], "uv_size": [12, 16]},
								"west": {"uv": [0, 0], "uv_size": [14, 16]},
								"up": {"uv": [12, 14], "uv_size": [-12, -14]},
								"down": {"uv": [12, 14], "uv_size": [-12, -14]}
							}
						},
						{
							"origin": [-6, 0, -6],
							"size": [11, 1, 12],
							"pivot": [0, 0, 0],
							"rotation": [0, 90, 0],
							"uv": {
								"north": {"uv": [0, 0], "uv_size": [12, 16]},
								"east": {"uv": [0, 0], "uv_size": [14, 16]},
								"south": {"uv": [0, 0], "uv_size": [12, 16]},
								"west": {"uv": [0, 0], "uv_size": [14, 16]},
								"up": {"uv": [12, 14], "uv_size": [-12, -14]},
								"down": {"uv": [12, 14], "uv_size": [-12, -14]}
							}
						},
						{
							"origin": [-7, 16, -7],
							"size": [12, 14, 14],
							"pivot": [0, 0, 0],
							"rotation": [0, 90, 0],
							"uv": {
								"north": {"uv": [0, 0], "uv_size": [12, 16]},
								"east": {"uv": [0, 0], "uv_size": [14, 16]},
								"south": {"uv": [0, 0], "uv_size": [12, 16]},
								"west": {"uv": [0, 0], "uv_size": [14, 16]},
								"up": {"uv": [12, 14], "uv_size": [-12, -14]},
								"down": {"uv": [12, 14], "uv_size": [-12, -14]}
							}
						},
						{
							"origin": [5, 16, -6.8],
							"size": [1.8, 13.8, 13.6],
							"pivot": [0, 0, 0],
							"rotation": [0, 90, 0],
							"uv": {
								"north": {"uv": [16, 16.2], "uv_size": [1.8, 15.8]},
								"east": {"uv": [16, 16.2], "uv_size": [13.6, 15.8]},
								"south": {"uv": [16, 16.2], "uv_size": [1.8, 15.8]},
								"west": {"uv": [16, 16.2], "uv_size": [13.6, 15.8]},
								"up": {"uv": [17.8, 29.8], "uv_size": [-1.8, -13.6]},
								"down": {"uv": [17.8, 29.8], "uv_size": [-1.8, -13.6]}
							}
						},
						{
							"origin": [5.6, 16.2, -7],
							"size": [1.4, 13.8, 14],
							"pivot": [0, 0, 0],
							"rotation": [0, 90, 0],
							"uv": {
								"north": {"uv": [0, 0], "uv_size": [1.7, 15.8]},
								"east": {"uv": [0, 0], "uv_size": [14, 15.8]},
								"south": {"uv": [0, 0], "uv_size": [1.7, 15.8]},
								"west": {"uv": [0, 0], "uv_size": [14, 15.8]},
								"up": {"uv": [1.7, 14], "uv_size": [-1.7, -14]},
								"down": {"uv": [1.7, 14], "uv_size": [-1.7, -14]}
							}
						},
						{
							"origin": [7, 17, -6],
							"size": [0.6, 1, 1],
							"pivot": [0, 0, 0],
							"rotation": [0, 90, 0],
							"uv": {
								"north": {"uv": [16, 25], "uv_size": [0.6, 1]},
								"east": {"uv": [19, 25], "uv_size": [1, 1]},
								"south": {"uv": [16, 25], "uv_size": [0.6, 1]},
								"west": {"uv": [19, 25], "uv_size": [1, 1]},
								"up": {"uv": [16.6, 18], "uv_size": [-0.6, -1]},
								"down": {"uv": [16.6, 18], "uv_size": [-0.6, -1]}
							}
						},
						{
							"origin": [7, 24, -6],
							"size": [0.6, 1, 1],
							"pivot": [0, 0, 0],
							"rotation": [0, 90, 0],
							"uv": {
								"north": {"uv": [16, 25], "uv_size": [0.6, 1]},
								"east": {"uv": [19, 25], "uv_size": [1, 1]},
								"south": {"uv": [16, 25], "uv_size": [0.6, 1]},
								"west": {"uv": [19, 25], "uv_size": [1, 1]},
								"up": {"uv": [16.6, 18], "uv_size": [-0.6, -1]},
								"down": {"uv": [16.6, 18], "uv_size": [-0.6, -1]}
							}
						},
						{
							"origin": [7.6, 17, -6],
							"size": [0.8, 8, 1],
							"pivot": [0, 0, 0],
							"rotation": [0, 90, 0],
							"uv": {
								"north": {"uv": [16, 16], "uv_size": [0.8, 10]},
								"east": {"uv": [18, 16], "uv_size": [1, 10]},
								"south": {"uv": [16, 16], "uv_size": [0.8, 10]},
								"west": {"uv": [18, 16], "uv_size": [1, 10]},
								"up": {"uv": [16.8, 17], "uv_size": [-0.8, -1]},
								"down": {"uv": [16.8, 17], "uv_size": [-0.8, -1]}
							}
						},
						{
							"origin": [-7.5, 16, -5],
							"size": [0.5, 1, 10],
							"pivot": [0, 0, 0],
							"rotation": [0, 90, 0],
							"uv": {
								"north": {"uv": [15, 27], "uv_size": [0.5, 1]},
								"east": {"uv": [3, 27], "uv_size": [10, 1]},
								"south": {"uv": [15, 27], "uv_size": [0.5, 1]},
								"west": {"uv": [3, 27], "uv_size": [10, 1]},
								"up": {"uv": [15.5, 26], "uv_size": [-0.5, -10]},
								"down": {"uv": [15.5, 26], "uv_size": [-0.5, -10]}
							}
						},
						{
							"origin": [-7.5, 18, -5],
							"size": [0.5, 1, 10],
							"pivot": [0, 0, 0],
							"rotation": [0, 90, 0],
							"uv": {
								"north": {"uv": [15, 27], "uv_size": [0.5, 1]},
								"east": {"uv": [3, 27], "uv_size": [10, 1]},
								"south": {"uv": [15, 27], "uv_size": [0.5, 1]},
								"west": {"uv": [3, 27], "uv_size": [10, 1]},
								"up": {"uv": [15.5, 26], "uv_size": [-0.5, -10]},
								"down": {"uv": [15.5, 26], "uv_size": [-0.5, -10]}
							}
						},
						{
							"origin": [-7.5, 20, -5],
							"size": [0.5, 1, 10],
							"pivot": [0, 0, 0],
							"rotation": [0, 90, 0],
							"uv": {
								"north": {"uv": [15, 27], "uv_size": [0.5, 1]},
								"east": {"uv": [3, 27], "uv_size": [10, 1]},
								"south": {"uv": [15, 27], "uv_size": [0.5, 1]},
								"west": {"uv": [3, 27], "uv_size": [10, 1]},
								"up": {"uv": [15.5, 26], "uv_size": [-0.5, -10]},
								"down": {"uv": [15.5, 26], "uv_size": [-0.5, -10]}
							}
						},
						{
							"origin": [-7.5, 22, -5],
							"size": [0.5, 1, 10],
							"pivot": [0, 0, 0],
							"rotation": [0, 90, 0],
							"uv": {
								"north": {"uv": [15, 27], "uv_size": [0.5, 1]},
								"east": {"uv": [3, 27], "uv_size": [10, 1]},
								"south": {"uv": [15, 27], "uv_size": [0.5, 1]},
								"west": {"uv": [3, 27], "uv_size": [10, 1]},
								"up": {"uv": [15.5, 26], "uv_size": [-0.5, -10]},
								"down": {"uv": [15.5, 26], "uv_size": [-0.5, -10]}
							}
						},
						{
							"origin": [-7.5, 24, -5],
							"size": [0.5, 1, 10],
							"pivot": [0, 0, 0],
							"rotation": [0, 90, 0],
							"uv": {
								"north": {"uv": [15, 27], "uv_size": [0.5, 1]},
								"east": {"uv": [3, 27], "uv_size": [10, 1]},
								"south": {"uv": [15, 27], "uv_size": [0.5, 1]},
								"west": {"uv": [3, 27], "uv_size": [10, 1]},
								"up": {"uv": [15.5, 26], "uv_size": [-0.5, -10]},
								"down": {"uv": [15.5, 26], "uv_size": [-0.5, -10]}
							}
						},
						{
							"origin": [-7.5, 26, -5],
							"size": [0.5, 1, 10],
							"pivot": [0, 0, 0],
							"rotation": [0, 90, 0],
							"uv": {
								"north": {"uv": [15, 27], "uv_size": [0.5, 1]},
								"east": {"uv": [3, 27], "uv_size": [10, 1]},
								"south": {"uv": [15, 27], "uv_size": [0.5, 1]},
								"west": {"uv": [3, 27], "uv_size": [10, 1]},
								"up": {"uv": [15.5, 26], "uv_size": [-0.5, -10]},
								"down": {"uv": [15.5, 26], "uv_size": [-0.5, -10]}
							}
						},
						{
							"origin": [-7.5, 28, -5],
							"size": [0.5, 1, 10],
							"pivot": [0, 0, 0],
							"rotation": [0, 90, 0],
							"uv": {
								"north": {"uv": [15, 27], "uv_size": [0.5, 1]},
								"east": {"uv": [3, 27], "uv_size": [10, 1]},
								"south": {"uv": [15, 27], "uv_size": [0.5, 1]},
								"west": {"uv": [3, 27], "uv_size": [10, 1]},
								"up": {"uv": [15.5, 26], "uv_size": [-0.5, -10]},
								"down": {"uv": [15.5, 26], "uv_size": [-0.5, -10]}
							}
						},
						{
							"origin": [-7.5, 19, 4],
							"size": [0.5, 1, 1],
							"pivot": [0, 0, 0],
							"rotation": [0, 90, 0],
							"uv": {
								"north": {"uv": [15, 26], "uv_size": [0.5, 1]},
								"east": {"uv": [3, 26], "uv_size": [1, 1]},
								"south": {"uv": [15, 26], "uv_size": [0.5, 1]},
								"west": {"uv": [3, 26], "uv_size": [1, 1]},
								"up": {"uv": [15.5, 17], "uv_size": [-0.5, -1]},
								"down": {"uv": [15.5, 17], "uv_size": [-0.5, -1]}
							}
						},
						{
							"origin": [-7.5, 23, 4],
							"size": [0.5, 1, 1],
							"pivot": [0, 0, 0],
							"rotation": [0, 90, 0],
							"uv": {
								"north": {"uv": [15, 26], "uv_size": [0.5, 1]},
								"east": {"uv": [3, 26], "uv_size": [1, 1]},
								"south": {"uv": [15, 26], "uv_size": [0.5, 1]},
								"west": {"uv": [3, 26], "uv_size": [1, 1]},
								"up": {"uv": [15.5, 17], "uv_size": [-0.5, -1]},
								"down": {"uv": [15.5, 17], "uv_size": [-0.5, -1]}
							}
						},
						{
							"origin": [-7.5, 27, 4],
							"size": [0.5, 1, 1],
							"pivot": [0, 0, 0],
							"rotation": [0, 90, 0],
							"uv": {
								"north": {"uv": [15, 26], "uv_size": [0.5, 1]},
								"east": {"uv": [3, 26], "uv_size": [1, 1]},
								"south": {"uv": [15, 26], "uv_size": [0.5, 1]},
								"west": {"uv": [3, 26], "uv_size": [1, 1]},
								"up": {"uv": [15.5, 17], "uv_size": [-0.5, -1]},
								"down": {"uv": [15.5, 17], "uv_size": [-0.5, -1]}
							}
						},
						{
							"origin": [-7.5, 17, -5],
							"size": [0.5, 1, 1],
							"pivot": [0, 0, 0],
							"rotation": [0, 90, 0],
							"uv": {
								"north": {"uv": [15, 26], "uv_size": [0.5, 1]},
								"east": {"uv": [3, 26], "uv_size": [1, 1]},
								"south": {"uv": [15, 26], "uv_size": [0.5, 1]},
								"west": {"uv": [3, 26], "uv_size": [1, 1]},
								"up": {"uv": [15.5, 17], "uv_size": [-0.5, -1]},
								"down": {"uv": [15.5, 17], "uv_size": [-0.5, -1]}
							}
						},
						{
							"origin": [-7.5, 21, -5],
							"size": [0.5, 1, 1],
							"pivot": [0, 0, 0],
							"rotation": [0, 90, 0],
							"uv": {
								"north": {"uv": [15, 26], "uv_size": [0.5, 1]},
								"east": {"uv": [3, 26], "uv_size": [1, 1]},
								"south": {"uv": [15, 26], "uv_size": [0.5, 1]},
								"west": {"uv": [3, 26], "uv_size": [1, 1]},
								"up": {"uv": [15.5, 17], "uv_size": [-0.5, -1]},
								"down": {"uv": [15.5, 17], "uv_size": [-0.5, -1]}
							}
						},
						{
							"origin": [-7.5, 25, -5],
							"size": [0.5, 1, 1],
							"pivot": [0, 0, 0],
							"rotation": [0, 90, 0],
							"uv": {
								"north": {"uv": [15, 26], "uv_size": [0.5, 1]},
								"east": {"uv": [3, 26], "uv_size": [1, 1]},
								"south": {"uv": [15, 26], "uv_size": [0.5, 1]},
								"west": {"uv": [3, 26], "uv_size": [1, 1]},
								"up": {"uv": [15.5, 17], "uv_size": [-0.5, -1]},
								"down": {"uv": [15.5, 17], "uv_size": [-0.5, -1]}
							}
						}
					]
				}
			]
		}
	]
}