{
	"format_version": "1.12.0",
	"minecraft:geometry": [
		{
			"description": {
				"identifier": "geometry.grand_chair",
				"texture_width": 32,
				"texture_height": 32,
				"visible_bounds_width": 2,
				"visible_bounds_height": 3.5,
				"visible_bounds_offset": [0, 1.25, 0]
			},
			"bones": [
				{
					"name": "bb_main",
					"pivot": [0, 0, 0],
					"cubes": [
						{
							"origin": [4, 0, -6],
							"size": [2, 5, 2],
							"pivot": [0, 0, 0],
							"rotation": [0, 180, 0],
							"uv": {
								"north": {"uv": [0, 3], "uv_size": [2, 5]},
								"east": {"uv": [0, 3], "uv_size": [2, 5]},
								"south": {"uv": [0, 3], "uv_size": [2, 5]},
								"west": {"uv": [0, 3], "uv_size": [2, 5]},
								"down": {"uv": [2, 2], "uv_size": [-2, -2]}
							}
						},
						{
							"origin": [-6, 0, -6],
							"size": [2, 5, 2],
							"pivot": [0, 0, 0],
							"rotation": [0, 180, 0],
							"uv": {
								"north": {"uv": [0, 3], "uv_size": [2, 5]},
								"east": {"uv": [0, 3], "uv_size": [2, 5]},
								"south": {"uv": [0, 3], "uv_size": [2, 5]},
								"west": {"uv": [0, 3], "uv_size": [2, 5]},
								"down": {"uv": [2, 2], "uv_size": [-2, -2]}
							}
						},
						{
							"origin": [-6, 0, 4],
							"size": [2, 5, 2],
							"pivot": [0, 0, 0],
							"rotation": [0, 180, 0],
							"uv": {
								"north": {"uv": [0, 3], "uv_size": [2, 5]},
								"east": {"uv": [0, 3], "uv_size": [2, 5]},
								"south": {"uv": [0, 3], "uv_size": [2, 5]},
								"west": {"uv": [0, 3], "uv_size": [2, 5]},
								"down": {"uv": [2, 2], "uv_size": [-2, -2]}
							}
						},
						{
							"origin": [4, 0, 4],
							"size": [2, 5, 2],
							"pivot": [0, 0, 0],
							"rotation": [0, 180, 0],
							"uv": {
								"north": {"uv": [0, 3], "uv_size": [2, 5]},
								"east": {"uv": [0, 3], "uv_size": [2, 5]},
								"south": {"uv": [0, 3], "uv_size": [2, 5]},
								"west": {"uv": [0, 3], "uv_size": [2, 5]},
								"down": {"uv": [2, 2], "uv_size": [-2, -2]}
							}
						},
						{
							"origin": [-6, 7, -7],
							"size": [12, 1, 14],
							"pivot": [0, 0, 0],
							"rotation": [0, 180, 0],
							"uv": {
								"south": {"uv": [16, 16], "uv_size": [12, 1]},
								"up": {"uv": [28, 30], "uv_size": [-12, -14]}
							}
						},
						{
							"origin": [-6, 7, -7],
							"size": [12, 16, 1],
							"pivot": [0, 0, 0],
							"rotation": [0, 180, 0],
							"uv": {
								"south": {"uv": [16, 16], "uv_size": [12, 16]},
								"up": {"uv": [28, 17], "uv_size": [-12, -1]}
							}
						},
						{
							"origin": [6, 6, -7],
							"size": [2, 6, 14],
							"pivot": [0, 0, 0],
							"rotation": [0, 180, 0],
							"uv": {
								"north": {"uv": [0, 0], "uv_size": [2, 6]},
								"east": {"uv": [0, 0], "uv_size": [14, 6]},
								"south": {"uv": [0, 0], "uv_size": [2, 6]},
								"west": {"uv": [0, 0], "uv_size": [14, 6]},
								"up": {"uv": [2, 14], "uv_size": [-2, -14]},
								"down": {"uv": [2, 14], "uv_size": [-2, -14]}
							}
						},
						{
							"origin": [-8, 6, -7],
							"size": [2, 6, 14],
							"pivot": [0, 0, 0],
							"rotation": [0, 180, 0],
							"uv": {
								"north": {"uv": [0, 0], "uv_size": [2, 6]},
								"east": {"uv": [0, 0], "uv_size": [14, 6]},
								"south": {"uv": [0, 0], "uv_size": [2, 6]},
								"west": {"uv": [0, 0], "uv_size": [14, 6]},
								"up": {"uv": [2, 14], "uv_size": [-2, -14]},
								"down": {"uv": [2, 14], "uv_size": [-2, -14]}
							}
						},
						{
							"origin": [6, 12, -7],
							"size": [2, 8, 4],
							"pivot": [0, 0, 0],
							"rotation": [0, 180, 0],
							"uv": {
								"north": {"uv": [0, 0], "uv_size": [2, 8]},
								"east": {"uv": [0, 0], "uv_size": [4, 8]},
								"south": {"uv": [0, 0], "uv_size": [2, 8]},
								"west": {"uv": [0, 0], "uv_size": [4, 8]}
							}
						},
						{
							"origin": [6, 20, -7],
							"size": [2, 8, 5],
							"pivot": [0, 0, 0],
							"rotation": [0, 180, 0],
							"uv": {
								"north": {"uv": [0, 0], "uv_size": [2, 8]},
								"east": {"uv": [0, 0], "uv_size": [5, 8]},
								"south": {"uv": [0, 0], "uv_size": [2, 8]},
								"west": {"uv": [0, 0], "uv_size": [5, 8]},
								"up": {"uv": [2, 5], "uv_size": [-2, -5]},
								"down": {"uv": [2, 5], "uv_size": [-2, -5]}
							}
						},
						{
							"origin": [-8, 20, -7],
							"size": [2, 8, 5],
							"pivot": [0, 0, 0],
							"rotation": [0, 180, 0],
							"uv": {
								"north": {"uv": [0, 0], "uv_size": [2, 8]},
								"east": {"uv": [0, 0], "uv_size": [5, 8]},
								"south": {"uv": [0, 0], "uv_size": [2, 8]},
								"west": {"uv": [0, 0], "uv_size": [5, 8]},
								"up": {"uv": [2, 5], "uv_size": [-2, -5]},
								"down": {"uv": [2, 5], "uv_size": [-2, -5]}
							}
						},
						{
							"origin": [-8, 12, -7],
							"size": [2, 8, 4],
							"pivot": [0, 0, 0],
							"rotation": [0, 180, 0],
							"uv": {
								"north": {"uv": [0, 0], "uv_size": [2, 8]},
								"east": {"uv": [0, 0], "uv_size": [4, 8]},
								"south": {"uv": [0, 0], "uv_size": [2, 8]},
								"west": {"uv": [0, 0], "uv_size": [4, 8]}
							}
						},
						{
							"origin": [-7, 5, -7],
							"size": [14, 2, 14],
							"pivot": [0, 0, 0],
							"rotation": [0, 180, 0],
							"uv": {
								"north": {"uv": [0, 0], "uv_size": [14, 2]},
								"east": {"uv": [0, 0], "uv_size": [14, 2]},
								"south": {"uv": [0, 0], "uv_size": [14, 2]},
								"west": {"uv": [0, 0], "uv_size": [14, 2]},
								"down": {"uv": [14, 14], "uv_size": [-14, -14]}
							}
						},
						{
							"origin": [-6, 7, -8],
							"size": [12, 16, 1],
							"pivot": [0, 0, 0],
							"rotation": [0, 180, 0],
							"uv": {
								"north": {"uv": [0, 0], "uv_size": [12, 16]},
								"east": {"uv": [0, 0], "uv_size": [1, 16]},
								"west": {"uv": [0, 0], "uv_size": [1, 16]},
								"up": {"uv": [12, 1], "uv_size": [-12, -1]},
								"down": {"uv": [12, 1], "uv_size": [-12, -1]}
							}
						},
						{
							"origin": [-6, 6, 6.5],
							"size": [12, 1.5, 1],
							"pivot": [0, 0, 0],
							"rotation": [0, 180, 0],
							"uv": {
								"east": {"uv": [16, 16], "uv_size": [1, 1.5]},
								"south": {"uv": [16, 19], "uv_size": [12, 1.5]},
								"west": {"uv": [16, 16], "uv_size": [1, 1.5]},
								"up": {"uv": [28, 17], "uv_size": [-12, -1]},
								"down": {"uv": [28, 17], "uv_size": [-12, -1]}
							}
						},
						{
							"origin": [-6, 23, -7],
							"size": [12, 5, 1],
							"pivot": [0, 0, 0],
							"rotation": [0, 180, 0],
							"uv": {
								"south": {"uv": [16, 21], "uv_size": [12, 5]},
								"up": {"uv": [28, 17], "uv_size": [-12, -1]}
							}
						},
						{
							"origin": [-6, 23, -8],
							"size": [12, 5, 1],
							"pivot": [0, 0, 0],
							"rotation": [0, 180, 0],
							"uv": {
								"north": {"uv": [0, 11], "uv_size": [12, 5]},
								"east": {"uv": [0, 0], "uv_size": [1, 5]},
								"west": {"uv": [0, 0], "uv_size": [1, 5]},
								"up": {"uv": [12, 1], "uv_size": [-12, -1]},
								"down": {"uv": [12, 1], "uv_size": [-12, -1]}
							}
						}
					]
				}
			]
		}
	]
}