{
	"format_version": "1.12.0",
	"minecraft:geometry": [
		{
			"description": {
				"identifier": "geometry.grill",
				"texture_width": 128,
				"texture_height": 128,
				"visible_bounds_width": 2,
				"visible_bounds_height": 2.5,
				"visible_bounds_offset": [0, 0.75, 0]
			},
			"bones": [
				{
					"name": "bb_main",
					"pivot": [0, 0, 0],
					"cubes": [
						{
							"origin": [-6, 5, -5],
							"size": [12, 0, 10],
							"uv": {
								"up": {"uv": [63, 47], "uv_size": [-31, -31]}
							}
						},
						{
							"origin": [-7.5, 14, -3],
							"size": [0.5, 1, 1],
							"uv": {
								"north": {"uv": [33, 1], "uv_size": [1, 1]},
								"east": {"uv": [33, 1], "uv_size": [1, 1]},
								"south": {"uv": [33, 1], "uv_size": [1, 1]},
								"west": {"uv": [33, 1], "uv_size": [1, 1]},
								"up": {"uv": [34, 2], "uv_size": [-1, -1]},
								"down": {"uv": [34, 2], "uv_size": [-1, -1]}
							}
						},
						{
							"origin": [-7.5, 14, 2],
							"size": [0.5, 1, 1],
							"uv": {
								"north": {"uv": [33, 1], "uv_size": [1, 1]},
								"east": {"uv": [33, 1], "uv_size": [1, 1]},
								"south": {"uv": [33, 1], "uv_size": [1, 1]},
								"west": {"uv": [33, 1], "uv_size": [1, 1]},
								"up": {"uv": [34, 2], "uv_size": [-1, -1]},
								"down": {"uv": [34, 2], "uv_size": [-1, -1]}
							}
						},
						{
							"origin": [-8, 14, -3],
							"size": [0.5, 1, 6],
							"uv": {
								"north": {"uv": [16, 1], "uv_size": [0.5, 1]},
								"east": {"uv": [16, 1], "uv_size": [6, 1]},
								"south": {"uv": [16, 1], "uv_size": [0.5, 1]},
								"west": {"uv": [16, 1], "uv_size": [6, 1]},
								"up": {"uv": [16.5, 7], "uv_size": [-0.5, -6]},
								"down": {"uv": [16.5, 7], "uv_size": [-0.5, -6]}
							}
						},
						{
							"origin": [-6.5, 0, -5.5],
							"size": [1.5, 12, 1.5],
							"uv": {
								"north": {"uv": [32, 1], "uv_size": [1.5, 12]},
								"east": {"uv": [32, 1], "uv_size": [1.5, 12]},
								"south": {"uv": [32, 1], "uv_size": [1.5, 12]},
								"west": {"uv": [32, 1], "uv_size": [1.5, 12]},
								"down": {"uv": [33.5, 2.5], "uv_size": [-1.5, -1.5]}
							}
						},
						{
							"origin": [5, 0, -5.5],
							"size": [1.5, 12, 1.5],
							"uv": {
								"north": {"uv": [32, 1], "uv_size": [1.5, 12]},
								"east": {"uv": [32, 1], "uv_size": [1.5, 12]},
								"south": {"uv": [32, 1], "uv_size": [1.5, 12]},
								"west": {"uv": [32, 1], "uv_size": [1.5, 12]},
								"down": {"uv": [33.5, 2.5], "uv_size": [-1.5, -1.5]}
							}
						},
						{
							"origin": [-6.5, 0, 4],
							"size": [1.5, 12, 1.5],
							"uv": {
								"north": {"uv": [32, 1], "uv_size": [1.5, 12]},
								"east": {"uv": [32, 1], "uv_size": [1.5, 12]},
								"south": {"uv": [32, 1], "uv_size": [1.5, 12]},
								"west": {"uv": [32, 1], "uv_size": [1.5, 12]},
								"down": {"uv": [33.5, 2.5], "uv_size": [-1.5, -1.5]}
							}
						},
						{
							"origin": [5, 0, 4],
							"size": [1.5, 12, 1.5],
							"uv": {
								"north": {"uv": [32, 1], "uv_size": [1.5, 12]},
								"east": {"uv": [32, 1], "uv_size": [1.5, 12]},
								"south": {"uv": [32, 1], "uv_size": [1.5, 12]},
								"west": {"uv": [32, 1], "uv_size": [1.5, 12]},
								"down": {"uv": [33.5, 2.5], "uv_size": [-1.5, -1.5]}
							}
						},
						{
							"origin": [-7, 12, -6],
							"size": [14, 1, 12],
							"uv": {
								"north": {"uv": [0, 0], "uv_size": [14, 1]},
								"east": {"uv": [0, 0], "uv_size": [12, 1]},
								"south": {"uv": [0, 0], "uv_size": [14, 1]},
								"west": {"uv": [0, 0], "uv_size": [12, 1]},
								"up": {"uv": [14, 12], "uv_size": [-14, -12]},
								"down": {"uv": [14, 12], "uv_size": [-14, -12]}
							}
						},
						{
							"origin": [-6, 14.5, -5],
							"size": [12, 1, 10],
							"uv": {
								"up": {"uv": [31, 47], "uv_size": [-31, -31]}
							}
						},
						{
							"origin": [-6, 13, -6],
							"size": [12, 3, 1],
							"uv": {
								"north": {"uv": [0, 0], "uv_size": [12, 3]},
								"east": {"uv": [0, 0], "uv_size": [1, 3]},
								"south": {"uv": [32, 1], "uv_size": [12, 3]},
								"west": {"uv": [0, 0], "uv_size": [1, 3]},
								"up": {"uv": [12, 1], "uv_size": [-12, -1]},
								"down": {"uv": [12, 1], "uv_size": [-12, -1]}
							}
						},
						{
							"origin": [-7, 13, -6],
							"size": [1, 3, 12],
							"uv": {
								"north": {"uv": [0, 0], "uv_size": [1, 3]},
								"east": {"uv": [0, 0], "uv_size": [12, 3]},
								"south": {"uv": [0, 0], "uv_size": [1, 3]},
								"west": {"uv": [32, 1], "uv_size": [12, 3]},
								"up": {"uv": [1, 12], "uv_size": [-1, -12]},
								"down": {"uv": [1, 12], "uv_size": [-1, -12]}
							}
						},
						{
							"origin": [-6, 13, 5],
							"size": [12, 3, 1],
							"uv": {
								"north": {"uv": [32, 1], "uv_size": [12, 3]},
								"east": {"uv": [0, 0], "uv_size": [1, 3]},
								"south": {"uv": [0, 0], "uv_size": [12, 3]},
								"west": {"uv": [0, 0], "uv_size": [1, 3]},
								"up": {"uv": [12, 1], "uv_size": [-12, -1]},
								"down": {"uv": [12, 1], "uv_size": [-12, -1]}
							}
						},
						{
							"origin": [6, 13, -6],
							"size": [1, 3, 12],
							"uv": {
								"north": {"uv": [0, 0], "uv_size": [1, 3]},
								"east": {"uv": [32, 1], "uv_size": [12, 3]},
								"south": {"uv": [0, 0], "uv_size": [1, 3]},
								"west": {"uv": [0, 0], "uv_size": [12, 3]},
								"up": {"uv": [1, 12], "uv_size": [-1, -12]},
								"down": {"uv": [1, 12], "uv_size": [-1, -12]}
							}
						},
						{
							"origin": [7, 14, -3],
							"size": [0.5, 1, 1],
							"uv": {
								"north": {"uv": [33, 0], "uv_size": [1, 1]},
								"east": {"uv": [33, 0], "uv_size": [1, 1]},
								"south": {"uv": [33, 0], "uv_size": [1, 1]},
								"west": {"uv": [33, 0], "uv_size": [1, 1]},
								"up": {"uv": [34, 1], "uv_size": [-1, -1]},
								"down": {"uv": [34, 1], "uv_size": [-1, -1]}
							}
						},
						{
							"origin": [7, 14, 2],
							"size": [0.5, 1, 1],
							"uv": {
								"north": {"uv": [33, 0], "uv_size": [1, 1]},
								"east": {"uv": [33, 0], "uv_size": [1, 1]},
								"south": {"uv": [33, 0], "uv_size": [1, 1]},
								"west": {"uv": [33, 0], "uv_size": [1, 1]},
								"up": {"uv": [34, 1], "uv_size": [-1, -1]},
								"down": {"uv": [34, 1], "uv_size": [-1, -1]}
							}
						},
						{
							"origin": [7.5, 14, -3],
							"size": [0.5, 1, 6],
							"uv": {
								"north": {"uv": [18, 1], "uv_size": [-0.5, 1]},
								"east": {"uv": [16, 0], "uv_size": [6, 1]},
								"south": {"uv": [16, 0], "uv_size": [0.5, 1]},
								"west": {"uv": [16, 0], "uv_size": [6, 1]},
								"up": {"uv": [16.5, 6], "uv_size": [-0.5, -6]},
								"down": {"uv": [16.5, 6], "uv_size": [-0.5, -6]}
							}
						}
					]
				},
				{
					"name": "charcoal1",
					"pivot": [-3, 14, -0.2],
					"rotation": [0, -90, -70],
					"cubes": [
						{
							"origin": [-3.525, 15.875, -0.35],
							"size": [2.25, 0.375, 0.35],
							"uv": {
								"north": {"uv": [5, 114], "uv_size": [6, 1]},
								"east": {"uv": [7, 113], "uv_size": [1, 1]},
								"south": {"uv": [5, 114], "uv_size": [6, 1]},
								"west": {"uv": [7, 113], "uv_size": [1, 1]},
								"up": {"uv": [11, 115], "uv_size": [-6, -1]},
								"down": {"uv": [1.125, 1], "uv_size": [-1.125, -1]}
							}
						},
						{
							"origin": [-3.15, 16.25, -0.35],
							"size": [1.125, 0.375, 0.35],
							"uv": {
								"north": {"uv": [7, 113], "uv_size": [3, 1]},
								"east": {"uv": [7, 113], "uv_size": [1, 1]},
								"south": {"uv": [7, 113], "uv_size": [3, 1]},
								"west": {"uv": [7, 113], "uv_size": [1, 1]},
								"up": {"uv": [10, 114], "uv_size": [-3, -1]},
								"down": {"uv": [1.125, 1], "uv_size": [-1.125, -1]}
							}
						},
						{
							"origin": [-3.9, 15.5, -0.35],
							"size": [3, 0.375, 0.35],
							"uv": {
								"north": {"uv": [4, 115], "uv_size": [8, 1]},
								"east": {"uv": [7, 113], "uv_size": [1, 1]},
								"south": {"uv": [4, 115], "uv_size": [8, 1]},
								"west": {"uv": [7, 113], "uv_size": [1, 1]},
								"up": {"uv": [12, 116], "uv_size": [-8, -1]},
								"down": {"uv": [1.125, 1], "uv_size": [-1.125, -1]}
							}
						},
						{
							"origin": [-4.275, 15.125, -0.35],
							"size": [3.75, 0.375, 0.35],
							"uv": {
								"north": {"uv": [3, 116], "uv_size": [10, 1]},
								"east": {"uv": [7, 113], "uv_size": [1, 1]},
								"south": {"uv": [3, 116], "uv_size": [10, 1]},
								"west": {"uv": [7, 113], "uv_size": [1, 1]},
								"up": {"uv": [13, 117], "uv_size": [-10, -1]},
								"down": {"uv": [1.125, 1], "uv_size": [-1.125, -1]}
							}
						},
						{
							"origin": [-4.65, 14.75, -0.35],
							"size": [4.125, 0.375, 0.35],
							"uv": {
								"north": {"uv": [3, 117], "uv_size": [11, 1]},
								"east": {"uv": [7, 113], "uv_size": [1, 1]},
								"south": {"uv": [3, 117], "uv_size": [11, 1]},
								"west": {"uv": [7, 113], "uv_size": [1, 1]},
								"up": {"uv": [14, 118], "uv_size": [-11, -1]},
								"down": {"uv": [1.125, 1], "uv_size": [-1.125, -1]}
							}
						},
						{
							"origin": [-5.025, 14.375, -0.35],
							"size": [4.5, 0.375, 0.35],
							"uv": {
								"north": {"uv": [3, 118], "uv_size": [12, 1]},
								"east": {"uv": [7, 113], "uv_size": [1, 1]},
								"south": {"uv": [3, 118], "uv_size": [12, 1]},
								"west": {"uv": [7, 113], "uv_size": [1, 1]},
								"up": {"uv": [15, 119], "uv_size": [-12, -1]},
								"down": {"uv": [1.125, 1], "uv_size": [-1.125, -1]}
							}
						},
						{
							"origin": [-5.025, 14, -0.35],
							"size": [4.875, 0.375, 0.35],
							"uv": {
								"north": {"uv": [2, 119], "uv_size": [13, 1]},
								"east": {"uv": [7, 113], "uv_size": [1, 1]},
								"south": {"uv": [2, 119], "uv_size": [13, 1]},
								"west": {"uv": [7, 113], "uv_size": [1, 1]},
								"up": {"uv": [15, 120], "uv_size": [-13, -1]},
								"down": {"uv": [1.125, 1], "uv_size": [-1.125, -1]}
							}
						},
						{
							"origin": [-5.025, 13.625, -0.35],
							"size": [4.875, 0.375, 0.35],
							"uv": {
								"north": {"uv": [2, 120], "uv_size": [13, 1]},
								"east": {"uv": [7, 113], "uv_size": [1, 1]},
								"south": {"uv": [2, 120], "uv_size": [13, 1]},
								"west": {"uv": [7, 113], "uv_size": [1, 1]},
								"up": {"uv": [15, 121], "uv_size": [-13, -1]},
								"down": {"uv": [1.125, 1], "uv_size": [-1.125, -1]}
							}
						},
						{
							"origin": [-5.025, 13.25, -0.35],
							"size": [4.875, 0.375, 0.35],
							"uv": {
								"north": {"uv": [2, 121], "uv_size": [13, 1]},
								"east": {"uv": [7, 113], "uv_size": [1, 1]},
								"south": {"uv": [2, 121], "uv_size": [13, 1]},
								"west": {"uv": [7, 113], "uv_size": [1, 1]},
								"up": {"uv": [15, 122], "uv_size": [-13, -1]},
								"down": {"uv": [1.125, 1], "uv_size": [-1.125, -1]}
							}
						},
						{
							"origin": [-5.025, 12.875, -0.35],
							"size": [4.875, 0.375, 0.35],
							"uv": {
								"north": {"uv": [2, 122], "uv_size": [13, 1]},
								"east": {"uv": [7, 113], "uv_size": [1, 1]},
								"south": {"uv": [2, 122], "uv_size": [13, 1]},
								"west": {"uv": [7, 113], "uv_size": [1, 1]},
								"up": {"uv": [15, 123], "uv_size": [-13, -1]},
								"down": {"uv": [1.125, 1], "uv_size": [-1.125, -1]}
							}
						},
						{
							"origin": [-5.025, 12.5, -0.35],
							"size": [4.875, 0.375, 0.35],
							"uv": {
								"north": {"uv": [2, 123], "uv_size": [13, 1]},
								"east": {"uv": [7, 113], "uv_size": [1, 1]},
								"south": {"uv": [2, 123], "uv_size": [13, 1]},
								"west": {"uv": [7, 113], "uv_size": [1, 1]},
								"up": {"uv": [15, 124], "uv_size": [-13, -1]},
								"down": {"uv": [1.125, 1], "uv_size": [-1.125, -1]}
							}
						},
						{
							"origin": [-4.65, 12.125, -0.35],
							"size": [4.125, 0.375, 0.35],
							"uv": {
								"north": {"uv": [3, 124], "uv_size": [11, 1]},
								"east": {"uv": [7, 113], "uv_size": [1, 1]},
								"south": {"uv": [3, 124], "uv_size": [11, 1]},
								"west": {"uv": [7, 113], "uv_size": [1, 1]},
								"up": {"uv": [14, 125], "uv_size": [-11, -1]},
								"down": {"uv": [1.125, 1], "uv_size": [-1.125, -1]}
							}
						},
						{
							"origin": [-4.275, 11.75, -0.35],
							"size": [3.375, 0.375, 0.35],
							"uv": {
								"north": {"uv": [4, 125], "uv_size": [9, 1]},
								"east": {"uv": [7, 113], "uv_size": [1, 1]},
								"south": {"uv": [4, 125], "uv_size": [9, 1]},
								"west": {"uv": [7, 113], "uv_size": [1, 1]},
								"up": {"uv": [13, 126], "uv_size": [-9, -1]},
								"down": {"uv": [1.125, 1], "uv_size": [-1.125, -1]}
							}
						},
						{
							"origin": [-2.775, 11.375, -0.35],
							"size": [1.5, 0.375, 0.35],
							"uv": {
								"north": {"uv": [5, 126], "uv_size": [4, 1]},
								"east": {"uv": [7, 113], "uv_size": [1, 1]},
								"south": {"uv": [5, 126], "uv_size": [4, 1]},
								"west": {"uv": [7, 113], "uv_size": [1, 1]},
								"up": {"uv": [9, 127], "uv_size": [-4, -1]},
								"down": {"uv": [1.125, 1], "uv_size": [-1.125, -1]}
							}
						}
					]
				},
				{
					"name": "charcoal2",
					"pivot": [0, 14, -0.2],
					"rotation": [0, -90, -70],
					"cubes": [
						{
							"origin": [-0.525, 15.875, -0.35],
							"size": [2.25, 0.375, 0.35],
							"uv": {
								"north": {"uv": [5, 114], "uv_size": [6, 1]},
								"east": {"uv": [7, 113], "uv_size": [1, 1]},
								"south": {"uv": [5, 114], "uv_size": [6, 1]},
								"west": {"uv": [7, 113], "uv_size": [1, 1]},
								"up": {"uv": [11, 115], "uv_size": [-6, -1]},
								"down": {"uv": [1.125, 1], "uv_size": [-1.125, -1]}
							}
						},
						{
							"origin": [-0.15, 16.25, -0.35],
							"size": [1.125, 0.375, 0.35],
							"uv": {
								"north": {"uv": [7, 113], "uv_size": [3, 1]},
								"east": {"uv": [7, 113], "uv_size": [1, 1]},
								"south": {"uv": [7, 113], "uv_size": [3, 1]},
								"west": {"uv": [7, 113], "uv_size": [1, 1]},
								"up": {"uv": [10, 114], "uv_size": [-3, -1]},
								"down": {"uv": [1.125, 1], "uv_size": [-1.125, -1]}
							}
						},
						{
							"origin": [-0.9, 15.5, -0.35],
							"size": [3, 0.375, 0.35],
							"uv": {
								"north": {"uv": [4, 115], "uv_size": [8, 1]},
								"east": {"uv": [7, 113], "uv_size": [1, 1]},
								"south": {"uv": [4, 115], "uv_size": [8, 1]},
								"west": {"uv": [7, 113], "uv_size": [1, 1]},
								"up": {"uv": [12, 116], "uv_size": [-8, -1]},
								"down": {"uv": [1.125, 1], "uv_size": [-1.125, -1]}
							}
						},
						{
							"origin": [-1.275, 15.125, -0.35],
							"size": [3.75, 0.375, 0.35],
							"uv": {
								"north": {"uv": [3, 116], "uv_size": [10, 1]},
								"east": {"uv": [7, 113], "uv_size": [1, 1]},
								"south": {"uv": [3, 116], "uv_size": [10, 1]},
								"west": {"uv": [7, 113], "uv_size": [1, 1]},
								"up": {"uv": [13, 117], "uv_size": [-10, -1]},
								"down": {"uv": [1.125, 1], "uv_size": [-1.125, -1]}
							}
						},
						{
							"origin": [-1.65, 14.75, -0.35],
							"size": [4.125, 0.375, 0.35],
							"uv": {
								"north": {"uv": [3, 117], "uv_size": [11, 1]},
								"east": {"uv": [7, 113], "uv_size": [1, 1]},
								"south": {"uv": [3, 117], "uv_size": [11, 1]},
								"west": {"uv": [7, 113], "uv_size": [1, 1]},
								"up": {"uv": [14, 118], "uv_size": [-11, -1]},
								"down": {"uv": [1.125, 1], "uv_size": [-1.125, -1]}
							}
						},
						{
							"origin": [-2.025, 14.375, -0.35],
							"size": [4.5, 0.375, 0.35],
							"uv": {
								"north": {"uv": [3, 118], "uv_size": [12, 1]},
								"east": {"uv": [7, 113], "uv_size": [1, 1]},
								"south": {"uv": [3, 118], "uv_size": [12, 1]},
								"west": {"uv": [7, 113], "uv_size": [1, 1]},
								"up": {"uv": [15, 119], "uv_size": [-12, -1]},
								"down": {"uv": [1.125, 1], "uv_size": [-1.125, -1]}
							}
						},
						{
							"origin": [-2.025, 14, -0.35],
							"size": [4.875, 0.375, 0.35],
							"uv": {
								"north": {"uv": [2, 119], "uv_size": [13, 1]},
								"east": {"uv": [7, 113], "uv_size": [1, 1]},
								"south": {"uv": [2, 119], "uv_size": [13, 1]},
								"west": {"uv": [7, 113], "uv_size": [1, 1]},
								"up": {"uv": [15, 120], "uv_size": [-13, -1]},
								"down": {"uv": [1.125, 1], "uv_size": [-1.125, -1]}
							}
						},
						{
							"origin": [-2.025, 13.625, -0.35],
							"size": [4.875, 0.375, 0.35],
							"uv": {
								"north": {"uv": [2, 120], "uv_size": [13, 1]},
								"east": {"uv": [7, 113], "uv_size": [1, 1]},
								"south": {"uv": [2, 120], "uv_size": [13, 1]},
								"west": {"uv": [7, 113], "uv_size": [1, 1]},
								"up": {"uv": [15, 121], "uv_size": [-13, -1]},
								"down": {"uv": [1.125, 1], "uv_size": [-1.125, -1]}
							}
						},
						{
							"origin": [-2.025, 13.25, -0.35],
							"size": [4.875, 0.375, 0.35],
							"uv": {
								"north": {"uv": [2, 121], "uv_size": [13, 1]},
								"east": {"uv": [7, 113], "uv_size": [1, 1]},
								"south": {"uv": [2, 121], "uv_size": [13, 1]},
								"west": {"uv": [7, 113], "uv_size": [1, 1]},
								"up": {"uv": [15, 122], "uv_size": [-13, -1]},
								"down": {"uv": [1.125, 1], "uv_size": [-1.125, -1]}
							}
						},
						{
							"origin": [-2.025, 12.875, -0.35],
							"size": [4.875, 0.375, 0.35],
							"uv": {
								"north": {"uv": [2, 122], "uv_size": [13, 1]},
								"east": {"uv": [7, 113], "uv_size": [1, 1]},
								"south": {"uv": [2, 122], "uv_size": [13, 1]},
								"west": {"uv": [7, 113], "uv_size": [1, 1]},
								"up": {"uv": [15, 123], "uv_size": [-13, -1]},
								"down": {"uv": [1.125, 1], "uv_size": [-1.125, -1]}
							}
						},
						{
							"origin": [-2.025, 12.5, -0.35],
							"size": [4.875, 0.375, 0.35],
							"uv": {
								"north": {"uv": [2, 123], "uv_size": [13, 1]},
								"east": {"uv": [7, 113], "uv_size": [1, 1]},
								"south": {"uv": [2, 123], "uv_size": [13, 1]},
								"west": {"uv": [7, 113], "uv_size": [1, 1]},
								"up": {"uv": [15, 124], "uv_size": [-13, -1]},
								"down": {"uv": [1.125, 1], "uv_size": [-1.125, -1]}
							}
						},
						{
							"origin": [-1.65, 12.125, -0.35],
							"size": [4.125, 0.375, 0.35],
							"uv": {
								"north": {"uv": [3, 124], "uv_size": [11, 1]},
								"east": {"uv": [7, 113], "uv_size": [1, 1]},
								"south": {"uv": [3, 124], "uv_size": [11, 1]},
								"west": {"uv": [7, 113], "uv_size": [1, 1]},
								"up": {"uv": [14, 125], "uv_size": [-11, -1]},
								"down": {"uv": [1.125, 1], "uv_size": [-1.125, -1]}
							}
						},
						{
							"origin": [-1.275, 11.75, -0.35],
							"size": [3.375, 0.375, 0.35],
							"uv": {
								"north": {"uv": [4, 125], "uv_size": [9, 1]},
								"east": {"uv": [7, 113], "uv_size": [1, 1]},
								"south": {"uv": [4, 125], "uv_size": [9, 1]},
								"west": {"uv": [7, 113], "uv_size": [1, 1]},
								"up": {"uv": [13, 126], "uv_size": [-9, -1]},
								"down": {"uv": [1.125, 1], "uv_size": [-1.125, -1]}
							}
						},
						{
							"origin": [0.225, 11.375, -0.35],
							"size": [1.5, 0.375, 0.35],
							"uv": {
								"north": {"uv": [5, 126], "uv_size": [4, 1]},
								"east": {"uv": [7, 113], "uv_size": [1, 1]},
								"south": {"uv": [5, 126], "uv_size": [4, 1]},
								"west": {"uv": [7, 113], "uv_size": [1, 1]},
								"up": {"uv": [9, 127], "uv_size": [-4, -1]},
								"down": {"uv": [1.125, 1], "uv_size": [-1.125, -1]}
							}
						}
					]
				},
				{
					"name": "charcoal3",
					"pivot": [3, 14, -0.2],
					"rotation": [0, -90, -70],
					"cubes": [
						{
							"origin": [2.475, 15.875, -0.35],
							"size": [2.25, 0.375, 0.35],
							"uv": {
								"north": {"uv": [5, 114], "uv_size": [6, 1]},
								"east": {"uv": [7, 113], "uv_size": [1, 1]},
								"south": {"uv": [5, 114], "uv_size": [6, 1]},
								"west": {"uv": [7, 113], "uv_size": [1, 1]},
								"up": {"uv": [11, 115], "uv_size": [-6, -1]},
								"down": {"uv": [1.125, 1], "uv_size": [-1.125, -1]}
							}
						},
						{
							"origin": [2.85, 16.25, -0.35],
							"size": [1.125, 0.375, 0.35],
							"uv": {
								"north": {"uv": [7, 113], "uv_size": [3, 1]},
								"east": {"uv": [7, 113], "uv_size": [1, 1]},
								"south": {"uv": [7, 113], "uv_size": [3, 1]},
								"west": {"uv": [7, 113], "uv_size": [1, 1]},
								"up": {"uv": [10, 114], "uv_size": [-3, -1]},
								"down": {"uv": [1.125, 1], "uv_size": [-1.125, -1]}
							}
						},
						{
							"origin": [2.1, 15.5, -0.35],
							"size": [3, 0.375, 0.35],
							"uv": {
								"north": {"uv": [4, 115], "uv_size": [8, 1]},
								"east": {"uv": [7, 113], "uv_size": [1, 1]},
								"south": {"uv": [4, 115], "uv_size": [8, 1]},
								"west": {"uv": [7, 113], "uv_size": [1, 1]},
								"up": {"uv": [12, 116], "uv_size": [-8, -1]},
								"down": {"uv": [1.125, 1], "uv_size": [-1.125, -1]}
							}
						},
						{
							"origin": [1.725, 15.125, -0.35],
							"size": [3.75, 0.375, 0.35],
							"uv": {
								"north": {"uv": [3, 116], "uv_size": [10, 1]},
								"east": {"uv": [7, 113], "uv_size": [1, 1]},
								"south": {"uv": [3, 116], "uv_size": [10, 1]},
								"west": {"uv": [7, 113], "uv_size": [1, 1]},
								"up": {"uv": [13, 117], "uv_size": [-10, -1]},
								"down": {"uv": [1.125, 1], "uv_size": [-1.125, -1]}
							}
						},
						{
							"origin": [1.35, 14.75, -0.35],
							"size": [4.125, 0.375, 0.35],
							"uv": {
								"north": {"uv": [3, 117], "uv_size": [11, 1]},
								"east": {"uv": [7, 113], "uv_size": [1, 1]},
								"south": {"uv": [3, 117], "uv_size": [11, 1]},
								"west": {"uv": [7, 113], "uv_size": [1, 1]},
								"up": {"uv": [14, 118], "uv_size": [-11, -1]},
								"down": {"uv": [1.125, 1], "uv_size": [-1.125, -1]}
							}
						},
						{
							"origin": [0.975, 14.375, -0.35],
							"size": [4.5, 0.375, 0.35],
							"uv": {
								"north": {"uv": [3, 118], "uv_size": [12, 1]},
								"east": {"uv": [7, 113], "uv_size": [1, 1]},
								"south": {"uv": [3, 118], "uv_size": [12, 1]},
								"west": {"uv": [7, 113], "uv_size": [1, 1]},
								"up": {"uv": [15, 119], "uv_size": [-12, -1]},
								"down": {"uv": [1.125, 1], "uv_size": [-1.125, -1]}
							}
						},
						{
							"origin": [0.975, 14, -0.35],
							"size": [4.875, 0.375, 0.35],
							"uv": {
								"north": {"uv": [2, 119], "uv_size": [13, 1]},
								"east": {"uv": [7, 113], "uv_size": [1, 1]},
								"south": {"uv": [2, 119], "uv_size": [13, 1]},
								"west": {"uv": [7, 113], "uv_size": [1, 1]},
								"up": {"uv": [15, 120], "uv_size": [-13, -1]},
								"down": {"uv": [1.125, 1], "uv_size": [-1.125, -1]}
							}
						},
						{
							"origin": [0.975, 13.625, -0.35],
							"size": [4.875, 0.375, 0.35],
							"uv": {
								"north": {"uv": [2, 120], "uv_size": [13, 1]},
								"east": {"uv": [7, 113], "uv_size": [1, 1]},
								"south": {"uv": [2, 120], "uv_size": [13, 1]},
								"west": {"uv": [7, 113], "uv_size": [1, 1]},
								"up": {"uv": [15, 121], "uv_size": [-13, -1]},
								"down": {"uv": [1.125, 1], "uv_size": [-1.125, -1]}
							}
						},
						{
							"origin": [0.975, 13.25, -0.35],
							"size": [4.875, 0.375, 0.35],
							"uv": {
								"north": {"uv": [2, 121], "uv_size": [13, 1]},
								"east": {"uv": [7, 113], "uv_size": [1, 1]},
								"south": {"uv": [2, 121], "uv_size": [13, 1]},
								"west": {"uv": [7, 113], "uv_size": [1, 1]},
								"up": {"uv": [15, 122], "uv_size": [-13, -1]},
								"down": {"uv": [1.125, 1], "uv_size": [-1.125, -1]}
							}
						},
						{
							"origin": [0.975, 12.875, -0.35],
							"size": [4.875, 0.375, 0.35],
							"uv": {
								"north": {"uv": [2, 122], "uv_size": [13, 1]},
								"east": {"uv": [7, 113], "uv_size": [1, 1]},
								"south": {"uv": [2, 122], "uv_size": [13, 1]},
								"west": {"uv": [7, 113], "uv_size": [1, 1]},
								"up": {"uv": [15, 123], "uv_size": [-13, -1]},
								"down": {"uv": [1.125, 1], "uv_size": [-1.125, -1]}
							}
						},
						{
							"origin": [0.975, 12.5, -0.35],
							"size": [4.875, 0.375, 0.35],
							"uv": {
								"north": {"uv": [2, 123], "uv_size": [13, 1]},
								"east": {"uv": [7, 113], "uv_size": [1, 1]},
								"south": {"uv": [2, 123], "uv_size": [13, 1]},
								"west": {"uv": [7, 113], "uv_size": [1, 1]},
								"up": {"uv": [15, 124], "uv_size": [-13, -1]},
								"down": {"uv": [1.125, 1], "uv_size": [-1.125, -1]}
							}
						},
						{
							"origin": [1.35, 12.125, -0.35],
							"size": [4.125, 0.375, 0.35],
							"uv": {
								"north": {"uv": [3, 124], "uv_size": [11, 1]},
								"east": {"uv": [7, 113], "uv_size": [1, 1]},
								"south": {"uv": [3, 124], "uv_size": [11, 1]},
								"west": {"uv": [7, 113], "uv_size": [1, 1]},
								"up": {"uv": [14, 125], "uv_size": [-11, -1]},
								"down": {"uv": [1.125, 1], "uv_size": [-1.125, -1]}
							}
						},
						{
							"origin": [1.725, 11.75, -0.35],
							"size": [3.375, 0.375, 0.35],
							"uv": {
								"north": {"uv": [4, 125], "uv_size": [9, 1]},
								"east": {"uv": [7, 113], "uv_size": [1, 1]},
								"south": {"uv": [4, 125], "uv_size": [9, 1]},
								"west": {"uv": [7, 113], "uv_size": [1, 1]},
								"up": {"uv": [13, 126], "uv_size": [-9, -1]},
								"down": {"uv": [1.125, 1], "uv_size": [-1.125, -1]}
							}
						},
						{
							"origin": [3.225, 11.375, -0.35],
							"size": [1.5, 0.375, 0.35],
							"uv": {
								"north": {"uv": [5, 126], "uv_size": [4, 1]},
								"east": {"uv": [7, 113], "uv_size": [1, 1]},
								"south": {"uv": [5, 126], "uv_size": [4, 1]},
								"west": {"uv": [7, 113], "uv_size": [1, 1]},
								"up": {"uv": [9, 127], "uv_size": [-4, -1]},
								"down": {"uv": [1.125, 1], "uv_size": [-1.125, -1]}
							}
						}
					]
				},
				{
					"name": "sausage",
					"pivot": [0, 0, 0],
					"rotation": [0, 180, 0],
					"cubes": [
						{
							"origin": [-3, 15.575, -3],
							"size": [6, 0.25, 6],
							"uv": {
								"up": {"uv": [15, 66], "uv_size": [-13, 13]},
								"down": {"uv": [15, 79], "uv_size": [-13, -13]}
							}
						},
						{
							"origin": [-3, 15.7, -3],
							"size": [6, 0.25, 6],
							"uv": {
								"up": {"uv": [15, 66], "uv_size": [-13, 13]},
								"down": {"uv": [15, 79], "uv_size": [-13, -13]}
							}
						}
					]
				},
				{
					"name": "cooked_sausage",
					"pivot": [0, 0, 0],
					"rotation": [0, 180, 0],
					"cubes": [
						{
							"origin": [-3, 15.575, -3],
							"size": [6, 0.25, 6],
							"uv": {
								"up": {"uv": [31, 66], "uv_size": [-13, 13]},
								"down": {"uv": [31, 79], "uv_size": [-13, -13]}
							}
						},
						{
							"origin": [-3, 15.7, -3],
							"size": [6, 0.25, 6],
							"uv": {
								"up": {"uv": [31, 66], "uv_size": [-13, 13]},
								"down": {"uv": [31, 79], "uv_size": [-13, -13]}
							}
						}
					]
				},
				{
					"name": "beef",
					"pivot": [0, 0, 0],
					"rotation": [0, 180, 0],
					"cubes": [
						{
							"origin": [-3, 15.7, -3],
							"size": [6, 0.25, 6],
							"uv": {
								"up": {"uv": [15, 99], "uv_size": [-13, 12]},
								"down": {"uv": [15, 111], "uv_size": [-13, -12]}
							}
						},
						{
							"origin": [-3, 15.575, -3],
							"size": [6, 0.25, 6],
							"uv": {
								"up": {"uv": [15, 99], "uv_size": [-13, 12]},
								"down": {"uv": [15, 111], "uv_size": [-13, -12]}
							}
						}
					]
				},
				{
					"name": "cooked_beef",
					"pivot": [0, 0, 0],
					"rotation": [0, 180, 0],
					"cubes": [
						{
							"origin": [-3, 15.7, -3],
							"size": [6, 0.25, 6],
							"uv": {
								"up": {"uv": [31, 99], "uv_size": [-13, 12]},
								"down": {"uv": [31, 111], "uv_size": [-13, -12]}
							}
						},
						{
							"origin": [-3, 15.575, -3],
							"size": [6, 0.25, 6],
							"uv": {
								"up": {"uv": [31, 99], "uv_size": [-13, 12]},
								"down": {"uv": [31, 111], "uv_size": [-13, -12]}
							}
						}
					]
				},
				{
					"name": "raw_kebab",
					"pivot": [0, 0, 0],
					"rotation": [0, 180, 0],
					"cubes": [
						{
							"origin": [-3, 15.575, -3],
							"size": [6, 0.25, 6],
							"uv": {
								"up": {"uv": [15, 81], "uv_size": [-14, 14]},
								"down": {"uv": [15, 95], "uv_size": [-14, -14]}
							}
						},
						{
							"origin": [-3, 15.7, -3],
							"size": [6, 0.25, 6],
							"uv": {
								"up": {"uv": [15, 81], "uv_size": [-14, 14]},
								"down": {"uv": [15, 95], "uv_size": [-14, -14]}
							}
						}
					]
				},
				{
					"name": "cooked_kebab",
					"pivot": [0, 0, 0],
					"rotation": [0, 180, 0],
					"cubes": [
						{
							"origin": [-3, 15.575, -3],
							"size": [6, 0.25, 6],
							"uv": {
								"up": {"uv": [31, 81], "uv_size": [-14, 14]},
								"down": {"uv": [31, 95], "uv_size": [-14, -14]}
							}
						},
						{
							"origin": [-3, 15.7, -3],
							"size": [6, 0.25, 6],
							"uv": {
								"up": {"uv": [31, 81], "uv_size": [-14, 14]},
								"down": {"uv": [31, 95], "uv_size": [-14, -14]}
							}
						}
					]
				}
			]
		}
	]
}