{
	"format_version": "1.12.0",
	"minecraft:geometry": [
		{
			"description": {
				"identifier": "geometry.lamp",
				"texture_width": 32,
				"texture_height": 32,
				"visible_bounds_width": 2,
				"visible_bounds_height": 2.5,
				"visible_bounds_offset": [0, 0.75, 0]
			},
			"bones": [
				{
					"name": "bb_main",
					"pivot": [0, 0, 0],
					"cubes": [
						{
							"origin": [-0.8, 1, -0.8],
							"size": [1.6, 8.6, 1.6],
							"uv": {
								"north": {"uv": [13, 17], "uv_size": [1, 8]},
								"east": {"uv": [12, 17], "uv_size": [1, 8]},
								"south": {"uv": [15, 17], "uv_size": [1, 8]},
								"west": {"uv": [14, 17], "uv_size": [1, 8]},
								"up": {"uv": [13, 16], "uv_size": [1, 1]},
								"down": {"uv": [14, 17], "uv_size": [1, -1]}
							}
						},
						{
							"origin": [-3, 0, -4],
							"size": [6, 5, 8],
							"uv": {
								"north": {"uv": [26, 27], "uv_size": [6, 5]},
								"east": {"uv": [18, 27], "uv_size": [8, 5]},
								"south": {"uv": [18, 27], "uv_size": [6, 5]},
								"west": {"uv": [18, 27], "uv_size": [8, 5]},
								"up": {"uv": [26, 19], "uv_size": [6, 8]},
								"down": {"uv": [18, 27], "uv_size": [6, -8]}
							}
						},
						{
							"origin": [-0.5, 8.5, -6],
							"size": [1, 1, 12],
							"pivot": [0, 8, 0],
							"rotation": [0, 45, 0],
							"uv": {
								"north": {"uv": [12, 31], "uv_size": [1, 1]},
								"east": {"uv": [0, 31], "uv_size": [12, 1]},
								"south": {"uv": [0, 31], "uv_size": [1, 1]},
								"west": {"uv": [0, 31], "uv_size": [12, 1]},
								"up": {"uv": [12, 19], "uv_size": [1, 12]},
								"down": {"uv": [0, 31], "uv_size": [1, -12]}
							}
						},
						{
							"origin": [-0.5, 8.5, -6],
							"size": [1, 1, 12],
							"pivot": [0, 8, 0],
							"rotation": [0, -45, 0],
							"uv": {
								"north": {"uv": [12, 31], "uv_size": [1, 1]},
								"east": {"uv": [0, 31], "uv_size": [12, 1]},
								"south": {"uv": [0, 31], "uv_size": [1, 1]},
								"west": {"uv": [0, 31], "uv_size": [12, 1]},
								"up": {"uv": [12, 19], "uv_size": [1, 12]},
								"down": {"uv": [0, 31], "uv_size": [1, -12]}
							}
						},
						{
							"origin": [-4, 0, -3],
							"size": [8, 5, 6],
							"uv": {
								"north": {"uv": [26, 27], "uv_size": [6, 5]},
								"east": {"uv": [18, 27], "uv_size": [8, 5]},
								"south": {"uv": [18, 27], "uv_size": [6, 5]},
								"west": {"uv": [18, 27], "uv_size": [8, 5]},
								"up": {"uv": [26, 19], "uv_size": [6, 8]},
								"down": {"uv": [18, 27], "uv_size": [6, -8]}
							}
						},
						{
							"origin": [-4.4, 0, -4],
							"size": [1.4, 5, 9.9],
							"pivot": [-3, 5, -4],
							"rotation": [0, 45, 0],
							"uv": {
								"north": {"uv": [19, 27], "uv_size": [9, 5]},
								"east": {"uv": [18, 27], "uv_size": [1, 5]},
								"south": {"uv": [18, 27], "uv_size": [9, 5]},
								"west": {"uv": [18, 27], "uv_size": [1, 5]},
								"up": {"uv": [19, 26], "uv_size": [9, 1]},
								"down": {"uv": [18, 27], "uv_size": [9, -1]}
							}
						},
						{
							"origin": [-5.9, 0, -4.4],
							"size": [9.9, 5, 1.4],
							"pivot": [4, 5, -3],
							"rotation": [0, 45, 0],
							"uv": {
								"north": {"uv": [19, 27], "uv_size": [9, 5]},
								"east": {"uv": [18, 27], "uv_size": [1, 5]},
								"south": {"uv": [18, 27], "uv_size": [9, 5]},
								"west": {"uv": [18, 27], "uv_size": [1, 5]},
								"up": {"uv": [19, 26], "uv_size": [9, 1]},
								"down": {"uv": [18, 27], "uv_size": [9, -1]}
							}
						},
						{
							"origin": [-2.7, 8, -6.5],
							"size": [5.4, 7, 1],
							"pivot": [0, 8, 0],
							"rotation": [0, 45, 0],
							"uv": {
								"north": {"uv": [1, 1], "uv_size": [5, 7]},
								"east": {"uv": [0, 1], "uv_size": [1, 7]},
								"south": {"uv": [7, 1], "uv_size": [5, 7]},
								"west": {"uv": [6, 1], "uv_size": [1, 7]},
								"up": {"uv": [1, 0], "uv_size": [5, 1]},
								"down": {"uv": [6, 1], "uv_size": [5, -1]}
							}
						},
						{
							"origin": [-2.7, 8, -6.5],
							"size": [5.4, 7, 1],
							"uv": {
								"north": {"uv": [1, 1], "uv_size": [5, 7]},
								"east": {"uv": [0, 1], "uv_size": [1, 7]},
								"south": {"uv": [7, 1], "uv_size": [5, 7]},
								"west": {"uv": [6, 1], "uv_size": [1, 7]},
								"up": {"uv": [1, 0], "uv_size": [5, 1]},
								"down": {"uv": [6, 1], "uv_size": [5, -1]}
							}
						},
						{
							"origin": [-2.7, 8, -6.5],
							"size": [5.4, 7, 1],
							"pivot": [0, 8, 0],
							"rotation": [0, -45, 0],
							"uv": {
								"north": {"uv": [1, 1], "uv_size": [5, 7]},
								"east": {"uv": [0, 1], "uv_size": [1, 7]},
								"south": {"uv": [7, 1], "uv_size": [5, 7]},
								"west": {"uv": [6, 1], "uv_size": [1, 7]},
								"up": {"uv": [1, 0], "uv_size": [5, 1]},
								"down": {"uv": [6, 1], "uv_size": [5, -1]}
							}
						},
						{
							"origin": [-6.5, 8, -2.7],
							"size": [1, 7, 5.4],
							"uv": {
								"north": {"uv": [5, 5], "uv_size": [1, 7]},
								"east": {"uv": [0, 5], "uv_size": [5, 7]},
								"south": {"uv": [11, 5], "uv_size": [1, 7]},
								"west": {"uv": [6, 5], "uv_size": [5, 7]},
								"up": {"uv": [5, 0], "uv_size": [1, 5]},
								"down": {"uv": [6, 5], "uv_size": [1, -5]}
							}
						},
						{
							"origin": [-1, 9.5, -1],
							"size": [2, 3, 2],
							"uv": {
								"north": {"uv": [16, 13], "uv_size": [2, 3]},
								"east": {"uv": [16, 13], "uv_size": [2, 3]},
								"south": {"uv": [16, 13], "uv_size": [2, 3]},
								"west": {"uv": [16, 13], "uv_size": [2, 3]},
								"up": {"uv": [16, 13], "uv_size": [2, 2]},
								"down": {"uv": [16, 15], "uv_size": [2, -2]}
							}
						},
						{
							"origin": [-2.7, 8, 5.5],
							"size": [5.4, 7, 1],
							"pivot": [0, 8, 0],
							"rotation": [0, -45, 0],
							"uv": {
								"north": {"uv": [1, 1], "uv_size": [5, 7]},
								"east": {"uv": [0, 1], "uv_size": [1, 7]},
								"south": {"uv": [7, 1], "uv_size": [5, 7]},
								"west": {"uv": [6, 1], "uv_size": [1, 7]},
								"up": {"uv": [1, 0], "uv_size": [5, 1]},
								"down": {"uv": [6, 1], "uv_size": [5, -1]}
							}
						},
						{
							"origin": [5.5, 8, -2.7],
							"size": [1, 7, 5.4],
							"uv": {
								"north": {"uv": [5, 5], "uv_size": [1, 7]},
								"east": {"uv": [0, 5], "uv_size": [5, 7]},
								"south": {"uv": [11, 5], "uv_size": [1, 7]},
								"west": {"uv": [6, 5], "uv_size": [5, 7]},
								"up": {"uv": [5, 0], "uv_size": [1, 5]},
								"down": {"uv": [6, 5], "uv_size": [1, -5]}
							}
						},
						{
							"origin": [-2.7, 8, 5.5],
							"size": [5.4, 7, 1],
							"pivot": [0, 8, 0],
							"rotation": [0, 45, 0],
							"uv": {
								"north": {"uv": [1, 1], "uv_size": [5, 7]},
								"east": {"uv": [0, 1], "uv_size": [1, 7]},
								"south": {"uv": [7, 1], "uv_size": [5, 7]},
								"west": {"uv": [6, 1], "uv_size": [1, 7]},
								"up": {"uv": [1, 0], "uv_size": [5, 1]},
								"down": {"uv": [6, 1], "uv_size": [5, -1]}
							}
						},
						{
							"origin": [-2.7, 8, 5.5],
							"size": [5.4, 7, 1],
							"uv": {
								"north": {"uv": [1, 1], "uv_size": [5, 7]},
								"east": {"uv": [0, 1], "uv_size": [1, 7]},
								"south": {"uv": [7, 1], "uv_size": [5, 7]},
								"west": {"uv": [6, 1], "uv_size": [1, 7]},
								"up": {"uv": [1, 0], "uv_size": [5, 1]},
								"down": {"uv": [6, 1], "uv_size": [5, -1]}
							}
						}
					]
				}
			]
		}
	]
}