{
	"format_version": "1.12.0",
	"minecraft:geometry": [
		{
			"description": {
				"identifier": "geometry.mail_box",
				"texture_width": 32,
				"texture_height": 32,
				"visible_bounds_width": 2,
				"visible_bounds_height": 2.5,
				"visible_bounds_offset": [0, 0.75, 0]
			},
			"bones": [
				{
					"name": "bb_main2",
					"pivot": [0, 0, 0],
					"cubes": [
						{
							"origin": [-1.5, 0, -1.5],
							"size": [3, 13, 3],
							"uv": {
								"north": {"uv": [18, 15], "uv_size": [3, 13]},
								"east": {"uv": [18, 15], "uv_size": [3, 13]},
								"south": {"uv": [18, 15], "uv_size": [3, 13]},
								"west": {"uv": [18, 15], "uv_size": [3, 13]},
								"down": {"uv": [21, 18], "uv_size": [-3, -3]}
							}
						},
						{
							"origin": [-2, 14, -5],
							"size": [4, 4, 1],
							"uv": {
								"north": {"uv": [24, 7], "uv_size": [4, 4]},
								"south": {"uv": [24, 7], "uv_size": [4, 4]}
							}
						},
						{
							"origin": [-3, 13, -5],
							"size": [3, 0, 10],
							"uv": {
								"up": {"uv": [26, 10], "uv_size": [-3, -10]},
								"down": {"uv": [22, 12], "uv_size": [-3, -10]}
							}
						},
						{
							"origin": [0, 13, -5],
							"size": [3, 0, 10],
							"uv": {
								"up": {"uv": [26, 10], "uv_size": [-3, -10]},
								"down": {"uv": [22, 12], "uv_size": [-3, -10]}
							}
						},
						{
							"origin": [-3, 13, -5],
							"size": [6, 1, 10],
							"uv": {
								"north": {"uv": [23, 3], "uv_size": [6, 1]},
								"east": {"uv": [21, 3], "uv_size": [10, 1]},
								"south": {"uv": [23, 3], "uv_size": [6, 1]},
								"west": {"uv": [21, 3], "uv_size": [10, 1]},
								"up": {"uv": [29, 10], "uv_size": [-6, -10]}
							}
						},
						{
							"origin": [-3, 14, -5],
							"size": [1, 4, 10],
							"uv": {
								"north": {"uv": [21, 7], "uv_size": [1, 4]},
								"east": {"uv": [21, 7], "uv_size": [10, 4]},
								"south": {"uv": [29, 7], "uv_size": [1, 4]},
								"west": {"uv": [21, 7], "uv_size": [10, 4]}
							}
						},
						{
							"origin": [-2, 14, 4],
							"size": [4, 3, 1],
							"uv": {
								"north": {"uv": [24, 0], "uv_size": [4, 3]},
								"south": {"uv": [24, 0], "uv_size": [4, 3]},
								"up": {"uv": [28, 1], "uv_size": [-4, -1]}
							}
						},
						{
							"origin": [2, 14, -5],
							"size": [1, 4, 10],
							"uv": {
								"north": {"uv": [21, 7], "uv_size": [1, 4]},
								"east": {"uv": [21, 7], "uv_size": [10, 4]},
								"south": {"uv": [29, 7], "uv_size": [1, 4]},
								"west": {"uv": [21, 7], "uv_size": [10, 4]}
							}
						},
						{
							"origin": [-3, 18, -5],
							"size": [6, 1, 10],
							"uv": {
								"north": {"uv": [23, 0], "uv_size": [6, 1]},
								"south": {"uv": [23, 0], "uv_size": [6, 1]},
								"up": {"uv": [29, 10], "uv_size": [-6, -10]},
								"down": {"uv": [30, 10], "uv_size": [-6, -10]}
							}
						},
						{
							"origin": [-2, 19, -5],
							"size": [4, 1, 10],
							"uv": {
								"north": {"uv": [24, 0], "uv_size": [4, 1]},
								"south": {"uv": [24, 0], "uv_size": [4, 1]}
							}
						},
						{
							"origin": [0, 16, -6],
							"size": [1, 5, 12],
							"pivot": [0, 22, 0],
							"rotation": [0, 0, 45],
							"uv": {
								"north": {"uv": [31, 16], "uv_size": [1, 6]},
								"east": {"uv": [20, 16], "uv_size": [12, 5]},
								"south": {"uv": [20, 16], "uv_size": [1, 6]},
								"west": {"uv": [20, 16], "uv_size": [12, 5]},
								"up": {"uv": [21, 28], "uv_size": [-1, -12]},
								"down": {"uv": [19, 28], "uv_size": [-1, -12]}
							}
						},
						{
							"origin": [-1, 20, -5],
							"size": [2, 1, 10],
							"uv": {
								"north": {"uv": [24, 0], "uv_size": [2, 1]},
								"south": {"uv": [24, 0], "uv_size": [2, 1]}
							}
						},
						{
							"origin": [-1, 16, -6],
							"size": [1, 6, 12],
							"pivot": [0, 22, 0],
							"rotation": [0, 0, -45],
							"uv": {
								"north": {"uv": [31, 16], "uv_size": [1, 6]},
								"east": {"uv": [20, 16], "uv_size": [12, 6]},
								"south": {"uv": [20, 16], "uv_size": [1, 6]},
								"west": {"uv": [20, 16], "uv_size": [12, 6]},
								"up": {"uv": [28, 32], "uv_size": [-1, -12]},
								"down": {"uv": [28, 32], "uv_size": [-1, -12]}
							}
						}
					]
				}
			]
		}
	]
}