{
	"format_version": "1.12.0",
	"minecraft:geometry": [
		{
			"description": {
				"identifier": "geometry.mantel_piece",
				"texture_width": 32,
				"texture_height": 32,
				"visible_bounds_width": 3,
				"visible_bounds_height": 2.5,
				"visible_bounds_offset": [0, 0.75, 0]
			},
			"bones": [
				{
					"name": "bb_main",
					"pivot": [0, 0, 0],
					"cubes": [
						{
							"origin": [7, 0, -8],
							"size": [3, 16, 4],
							"pivot": [0, 0, 0],
							"rotation": [0, 180, 0],
							"uv": {
								"north": {"uv": [16, 16], "uv_size": [3, 16]},
								"east": {"uv": [17, 16], "uv_size": [4, 16]},
								"south": {"uv": [16, 16], "uv_size": [3, 16]},
								"up": {"uv": [19, 20], "uv_size": [-3, -4]},
								"down": {"uv": [19, 20], "uv_size": [-3, -4]}
							}
						},
						{
							"origin": [-10, 0, -8],
							"size": [3, 16, 4],
							"pivot": [0, 0, 0],
							"rotation": [0, 180, 0],
							"uv": {
								"north": {"uv": [16, 16], "uv_size": [3, 16]},
								"south": {"uv": [16, 16], "uv_size": [3, 16]},
								"west": {"uv": [16, 16], "uv_size": [4, 16]},
								"up": {"uv": [19, 20], "uv_size": [-3, -4]},
								"down": {"uv": [19, 20], "uv_size": [-3, -4]}
							}
						},
						{
							"origin": [10, 0, -8],
							"size": [4, 16, 5],
							"pivot": [0, 0, 0],
							"rotation": [0, 180, 0],
							"uv": {
								"north": {"uv": [3, 0], "uv_size": [4, 16]},
								"east": {"uv": [0, 0], "uv_size": [5, 16]},
								"south": {"uv": [7, 0], "uv_size": [4, 16]},
								"west": {"uv": [1, 0], "uv_size": [5, 16]},
								"up": {"uv": [4, 5], "uv_size": [-4, -5]},
								"down": {"uv": [4, 5], "uv_size": [-4, -5]}
							}
						},
						{
							"origin": [-14, 0, -8],
							"size": [4, 16, 5],
							"pivot": [0, 0, 0],
							"rotation": [0, 180, 0],
							"uv": {
								"north": {"uv": [0, 0], "uv_size": [4, 16]},
								"east": {"uv": [1, 0], "uv_size": [5, 16]},
								"south": {"uv": [4, 0], "uv_size": [4, 16]},
								"west": {"uv": [4, 0], "uv_size": [5, 16]},
								"up": {"uv": [4, 5], "uv_size": [-4, -5]},
								"down": {"uv": [4, 5], "uv_size": [-4, -5]}
							}
						},
						{
							"origin": [-6, 16, -8],
							"size": [16, 3, 4],
							"pivot": [0, 0, 0],
							"rotation": [0, 180, 0],
							"uv": {
								"north": {"uv": [16, 16], "uv_size": [16, 3]},
								"east": {"uv": [16, 16], "uv_size": [4, 3]},
								"south": {"uv": [16, 16], "uv_size": [16, 3]},
								"west": {"uv": [16, 16], "uv_size": [4, 3]},
								"up": {"uv": [32, 20], "uv_size": [-16, -4]},
								"down": {"uv": [32, 20], "uv_size": [-16, -4]}
							}
						},
						{
							"origin": [-10, 16, -8],
							"size": [4, 3, 4],
							"pivot": [0, 0, 0],
							"rotation": [0, 180, 0],
							"uv": {
								"north": {"uv": [16, 16], "uv_size": [4, 3]},
								"east": {"uv": [16, 16], "uv_size": [4, 3]},
								"south": {"uv": [16, 16], "uv_size": [4, 3]},
								"west": {"uv": [16, 16], "uv_size": [4, 3]},
								"up": {"uv": [20, 20], "uv_size": [-4, -4]},
								"down": {"uv": [20, 20], "uv_size": [-4, -4]}
							}
						},
						{
							"origin": [10, 16, -8],
							"size": [4, 4, 5],
							"pivot": [0, 0, 0],
							"rotation": [0, 180, 0],
							"uv": {
								"north": {"uv": [0, 4], "uv_size": [4, 4]},
								"east": {"uv": [0, 4], "uv_size": [5, 4]},
								"south": {"uv": [7, 4], "uv_size": [4, 4]},
								"west": {"uv": [2, 4], "uv_size": [5, 4]},
								"up": {"uv": [4, 5], "uv_size": [-4, -5]},
								"down": {"uv": [4, 5], "uv_size": [-4, -5]}
							}
						},
						{
							"origin": [-14, 16, -8],
							"size": [4, 3, 5],
							"pivot": [0, 0, 0],
							"rotation": [0, 180, 0],
							"uv": {
								"north": {"uv": [0, 5], "uv_size": [4, 3]},
								"east": {"uv": [1, 5], "uv_size": [5, 3]},
								"south": {"uv": [4, 5], "uv_size": [4, 3]},
								"west": {"uv": [3, 5], "uv_size": [4, 3]},
								"up": {"uv": [4, 5], "uv_size": [-4, -5]},
								"down": {"uv": [4, 5], "uv_size": [-4, -5]}
							}
						},
						{
							"origin": [-15, 19, -8],
							"size": [14, 3, 6],
							"pivot": [0, 0, 0],
							"rotation": [0, 180, 0],
							"uv": {
								"north": {"uv": [0, 3], "uv_size": [14, 3]},
								"east": {"uv": [0, 3], "uv_size": [6, 3]},
								"south": {"uv": [0, 7], "uv_size": [14, 3]},
								"west": {"uv": [0, 3], "uv_size": [6, 3]},
								"up": {"uv": [14, 8], "uv_size": [-14, -6]},
								"down": {"uv": [14, 6], "uv_size": [-14, -6]}
							}
						},
						{
							"origin": [-1, 19, -8],
							"size": [16, 3, 6],
							"pivot": [0, 0, 0],
							"rotation": [0, 180, 0],
							"uv": {
								"north": {"uv": [0, 3], "uv_size": [16, 3]},
								"east": {"uv": [0, 3], "uv_size": [6, 3]},
								"south": {"uv": [0, 7], "uv_size": [16, 3]},
								"west": {"uv": [0, 3], "uv_size": [6, 3]},
								"up": {"uv": [16, 8], "uv_size": [-16, -6]},
								"down": {"uv": [16, 6], "uv_size": [-16, -6]}
							}
						}
					]
				}
			]
		}
	]
}