{
	"format_version": "1.12.0",
	"minecraft:geometry": [
		{
			"description": {
				"identifier": "geometry.modern_couch",
				"texture_width": 32,
				"texture_height": 32,
				"visible_bounds_width": 3,
				"visible_bounds_height": 2.5,
				"visible_bounds_offset": [0, 0.75, 0]
			},
			"bones": [
				{
					"name": "a",
					"pivot": [0, 0, 0],
					"cubes": [
						{
							"origin": [8, 11, -8],
							"size": [2, 2, 14],
							"uv": {
								"north": {"uv": [18, 18], "uv_size": [2, 2]},
								"east": {"uv": [18, 18], "uv_size": [14, 2]},
								"south": {"uv": [18, 18], "uv_size": [2, 2]},
								"west": {"uv": [18, 18], "uv_size": [14, 2]},
								"up": {"uv": [20, 32], "uv_size": [-2, -14]},
								"down": {"uv": [20, 32], "uv_size": [-2, -14]}
							}
						},
						{
							"origin": [8, 2, -8],
							"size": [2, 9, 2],
							"uv": {
								"north": {"uv": [18, 19], "uv_size": [2, 9]},
								"east": {"uv": [18, 19], "uv_size": [2, 9]},
								"south": {"uv": [18, 19], "uv_size": [2, 9]},
								"west": {"uv": [18, 19], "uv_size": [2, 9]}
							}
						},
						{
							"origin": [8, 0, -8],
							"size": [2, 2, 14],
							"uv": {
								"north": {"uv": [18, 18], "uv_size": [2, 2]},
								"east": {"uv": [18, 18], "uv_size": [14, 2]},
								"south": {"uv": [18, 18], "uv_size": [2, 2]},
								"west": {"uv": [18, 18], "uv_size": [14, 2]},
								"up": {"uv": [20, 32], "uv_size": [-2, -14]},
								"down": {"uv": [20, 32], "uv_size": [-2, -14]}
							}
						},
						{
							"origin": [8, 2, 4],
							"size": [2, 9, 2],
							"uv": {
								"north": {"uv": [18, 19], "uv_size": [2, 9]},
								"east": {"uv": [18, 19], "uv_size": [2, 9]},
								"south": {"uv": [18, 19], "uv_size": [2, 9]},
								"west": {"uv": [18, 19], "uv_size": [2, 9]}
							}
						}
					]
				},
				{
					"name": "1",
					"pivot": [0, 0, 0],
					"cubes": [
						{
							"origin": [-8, 5, -7],
							"size": [16, 4, 13],
							"uv": {
								"east": {"uv": [19, 0], "uv_size": [13, 4]},
								"south": {"uv": [19, 0], "uv_size": [12, 4]},
								"west": {"uv": [19, 0], "uv_size": [13, 4]},
								"up": {"uv": [31, 13], "uv_size": [-12, -13]},
								"down": {"uv": [31, 13], "uv_size": [-12, -13]}
							}
						},
						{
							"origin": [-8, 3, -8],
							"size": [16, 2, 14],
							"uv": {
								"north": {"uv": [0, 3], "uv_size": [12, 2]},
								"east": {"uv": [0, 0], "uv_size": [14, 2]},
								"south": {"uv": [0, 0], "uv_size": [12, 2]},
								"west": {"uv": [0, 0], "uv_size": [14, 2]},
								"down": {"uv": [12, 14], "uv_size": [-12, -14]}
							}
						},
						{
							"origin": [-8, 9, -7],
							"size": [16, 10, 3],
							"uv": {
								"east": {"uv": [19, 0], "uv_size": [3, 10]},
								"south": {"uv": [19, 0], "uv_size": [12, 10]},
								"west": {"uv": [19, 0], "uv_size": [3, 10]},
								"up": {"uv": [31, 3], "uv_size": [-12, -3]}
							}
						},
						{
							"origin": [-8, 5, -8],
							"size": [16, 14, 1],
							"uv": {
								"north": {"uv": [0, 1], "uv_size": [12, 14]},
								"east": {"uv": [0, 1], "uv_size": [1, 14]},
								"west": {"uv": [0, 1], "uv_size": [1, 14]},
								"up": {"uv": [12, 1], "uv_size": [-12, -1]}
							}
						}
					]
				},
				{
					"name": "b",
					"pivot": [0, 0, 0],
					"cubes": [
						{
							"origin": [-10, 2, 4],
							"size": [2, 9, 2],
							"uv": {
								"north": {"uv": [18, 19], "uv_size": [2, 9]},
								"east": {"uv": [18, 19], "uv_size": [2, 9]},
								"south": {"uv": [18, 19], "uv_size": [2, 9]},
								"west": {"uv": [18, 19], "uv_size": [2, 9]}
							}
						},
						{
							"origin": [-10, 11, -8],
							"size": [2, 2, 14],
							"uv": {
								"north": {"uv": [18, 18], "uv_size": [2, 2]},
								"east": {"uv": [18, 18], "uv_size": [14, 2]},
								"south": {"uv": [18, 18], "uv_size": [2, 2]},
								"west": {"uv": [18, 18], "uv_size": [14, 2]},
								"up": {"uv": [20, 32], "uv_size": [-2, -14]},
								"down": {"uv": [20, 32], "uv_size": [-2, -14]}
							}
						},
						{
							"origin": [-10, 2, -8],
							"size": [2, 9, 2],
							"uv": {
								"north": {"uv": [18, 19], "uv_size": [2, 9]},
								"east": {"uv": [18, 19], "uv_size": [2, 9]},
								"south": {"uv": [18, 19], "uv_size": [2, 9]},
								"west": {"uv": [18, 19], "uv_size": [2, 9]}
							}
						},
						{
							"origin": [-10, 0, -8],
							"size": [2, 2, 14],
							"uv": {
								"north": {"uv": [18, 18], "uv_size": [2, 2]},
								"east": {"uv": [18, 18], "uv_size": [14, 2]},
								"south": {"uv": [18, 18], "uv_size": [2, 2]},
								"west": {"uv": [18, 18], "uv_size": [14, 2]},
								"up": {"uv": [20, 32], "uv_size": [-2, -14]},
								"down": {"uv": [20, 32], "uv_size": [-2, -14]}
							}
						}
					]
				}
			]
		}
	]
}