{
	"format_version": "1.12.0",
	"minecraft:geometry": [
		{
			"description": {
				"identifier": "geometry.modern_chair",
				"texture_width": 32,
				"texture_height": 32,
				"visible_bounds_width": 2,
				"visible_bounds_height": 2.5,
				"visible_bounds_offset": [0, 0.75, 0]
			},
			"bones": [
				{
					"name": "bb_main",
					"pivot": [0, 0, 0],
					"cubes": [
						{
							"origin": [4.5, 0, -6],
							"size": [1.5, 8, 1.5],
							"pivot": [0, 0, 0],
							"rotation": [0, -90, 0],
							"uv": {
								"north": {"uv": [17.6, 16], "uv_size": [1.5, 8]},
								"east": {"uv": [17.6, 16], "uv_size": [1.5, 8]},
								"south": {"uv": [17.6, 16], "uv_size": [1.5, 8]},
								"west": {"uv": [17.6, 16], "uv_size": [1.5, 8]},
								"up": {"uv": [19.1, 19.1], "uv_size": [-1.5, -1.5]},
								"down": {"uv": [19.1, 19.1], "uv_size": [-1.5, -1.5]}
							}
						},
						{
							"origin": [-4.5, 0, 4.5],
							"size": [9, 1.5, 1.5],
							"pivot": [0, 0, 0],
							"rotation": [0, -90, 0],
							"uv": {
								"north": {"uv": [16, 16], "uv_size": [9, 1.5]},
								"east": {"uv": [28.8, 16], "uv_size": [1.5, 1.5]},
								"south": {"uv": [16, 16], "uv_size": [9, 1.5]},
								"west": {"uv": [28.8, 16], "uv_size": [1.5, 1.5]},
								"up": {"uv": [25, 30.3], "uv_size": [-9, -1.5]},
								"down": {"uv": [25, 30.3], "uv_size": [-9, -1.5]}
							}
						},
						{
							"origin": [-6, 0, -6],
							"size": [1.5, 1.5, 12],
							"pivot": [0, 0, 0],
							"rotation": [0, -90, 0],
							"uv": {
								"north": {"uv": [16, 16], "uv_size": [1.5, 1.5]},
								"east": {"uv": [16, 16], "uv_size": [12, 1.5]},
								"south": {"uv": [16, 16], "uv_size": [1.5, 1.5]},
								"west": {"uv": [16, 16], "uv_size": [12, 1.5]},
								"up": {"uv": [17.5, 28], "uv_size": [-1.5, -12]},
								"down": {"uv": [17.5, 28], "uv_size": [-1.5, -12]}
							}
						},
						{
							"origin": [-4.5, 0, -6],
							"size": [9, 1.5, 1.5],
							"pivot": [0, 0, 0],
							"rotation": [0, -90, 0],
							"uv": {
								"north": {"uv": [16, 16], "uv_size": [9, 1.5]},
								"east": {"uv": [17.6, 16], "uv_size": [1.5, 1.5]},
								"south": {"uv": [16, 16], "uv_size": [9, 1.5]},
								"west": {"uv": [17.6, 16], "uv_size": [1.5, 1.5]},
								"up": {"uv": [25, 19.1], "uv_size": [-9, -1.5]},
								"down": {"uv": [25, 19.1], "uv_size": [-9, -1.5]}
							}
						},
						{
							"origin": [4.5, 0, 4.5],
							"size": [1.5, 8, 1.5],
							"pivot": [0, 0, 0],
							"rotation": [0, -90, 0],
							"uv": {
								"north": {"uv": [17.6, 16], "uv_size": [1.5, 8]},
								"east": {"uv": [28.8, 16], "uv_size": [1.5, 8]},
								"south": {"uv": [17.6, 16], "uv_size": [1.5, 8]},
								"west": {"uv": [28.8, 16], "uv_size": [1.5, 8]},
								"up": {"uv": [19.1, 30.3], "uv_size": [-1.5, -1.5]},
								"down": {"uv": [19.1, 30.3], "uv_size": [-1.5, -1.5]}
							}
						},
						{
							"origin": [-3.5, 6.5, -6],
							"size": [8, 1.5, 1.5],
							"pivot": [0, 0, 0],
							"rotation": [0, -90, 0],
							"uv": {
								"north": {"uv": [16, 16], "uv_size": [8, 1.5]},
								"east": {"uv": [16, 16], "uv_size": [1.5, 1.5]},
								"south": {"uv": [16, 16], "uv_size": [8, 1.5]},
								"west": {"uv": [16, 16], "uv_size": [1.5, 1.5]},
								"up": {"uv": [24, 17.5], "uv_size": [-8, -1.5]},
								"down": {"uv": [24, 17.5], "uv_size": [-8, -1.5]}
							}
						},
						{
							"origin": [-3.5, 6.5, 4.5],
							"size": [8, 1.5, 1.5],
							"pivot": [0, 0, 0],
							"rotation": [0, -90, 0],
							"uv": {
								"north": {"uv": [16, 16], "uv_size": [8, 1.5]},
								"east": {"uv": [16, 16], "uv_size": [1.5, 1.5]},
								"south": {"uv": [16, 16], "uv_size": [8, 1.5]},
								"west": {"uv": [16, 16], "uv_size": [1.5, 1.5]},
								"up": {"uv": [24, 17.5], "uv_size": [-8, -1.5]},
								"down": {"uv": [24, 17.5], "uv_size": [-8, -1.5]}
							}
						},
						{
							"origin": [-5, 6.5, -6],
							"size": [1.5, 1.5, 12],
							"pivot": [0, 0, 0],
							"rotation": [0, -90, 0],
							"uv": {
								"north": {"uv": [16, 16], "uv_size": [1.5, 1.5]},
								"east": {"uv": [16, 16], "uv_size": [12, 1.5]},
								"south": {"uv": [16, 16], "uv_size": [1.5, 1.5]},
								"west": {"uv": [16, 16], "uv_size": [12, 1.5]},
								"up": {"uv": [17.5, 28], "uv_size": [-1.5, -12]},
								"down": {"uv": [17.5, 28], "uv_size": [-1.5, -12]}
							}
						},
						{
							"origin": [4.5, 7, -4.5],
							"size": [1.5, 1, 9],
							"pivot": [0, 0, 0],
							"rotation": [0, -90, 0],
							"uv": {
								"north": {"uv": [16, 16], "uv_size": [1.5, 1]},
								"east": {"uv": [16, 16], "uv_size": [9, 1]},
								"south": {"uv": [16, 16], "uv_size": [1.5, 1]},
								"west": {"uv": [16, 16], "uv_size": [9, 1]},
								"up": {"uv": [17.5, 25], "uv_size": [-1.5, -9]},
								"down": {"uv": [17.5, 25], "uv_size": [-1.5, -9]}
							}
						},
						{
							"origin": [5, 8, -5.9],
							"size": [1, 0.5, 11.8],
							"pivot": [0, 0, 0],
							"rotation": [0, -90, 0],
							"uv": {
								"north": {"uv": [0, 0], "uv_size": [1, 0.5]},
								"south": {"uv": [0, 0], "uv_size": [1, 0.5]},
								"west": {"uv": [0, 0], "uv_size": [11.8, 0.5]},
								"up": {"uv": [1, 11.8], "uv_size": [-1, -11.8]}
							}
						},
						{
							"origin": [-3.18198, 9.25305, -5.9],
							"size": [1.4, 1, 11.8],
							"pivot": [0, 0, 0],
							"rotation": [-90, -45, 90],
							"uv": {
								"north": {"uv": [0, 0], "uv_size": [1.4, 1]},
								"south": {"uv": [0, 0], "uv_size": [1.4, 1]},
								"west": {"uv": [0, 0], "uv_size": [11.8, 1]},
								"up": {"uv": [1.4, 11.8], "uv_size": [-1.4, -11.8]}
							}
						},
						{
							"origin": [-5, 8, -5.9],
							"size": [10, 1.5, 11.8],
							"pivot": [0, 0, 0],
							"rotation": [0, -90, 0],
							"uv": {
								"north": {"uv": [1.6, 8], "uv_size": [10, 1.5]},
								"east": {"uv": [1.6, 8], "uv_size": [11.8, 1.5]},
								"south": {"uv": [1.6, 8], "uv_size": [10, 1.5]},
								"west": {"uv": [1.6, 8], "uv_size": [11.8, 1.5]},
								"up": {"uv": [11.6, 13.4], "uv_size": [-10, -11.8]},
								"down": {"uv": [11.6, 13.4], "uv_size": [-10, -11.8]}
							}
						},
						{
							"origin": [-5, 9.5, -5.9],
							"size": [1.5, 9, 11.8],
							"pivot": [0, 0, 0],
							"rotation": [0, -90, 0],
							"uv": {
								"north": {"uv": [12.8, 6.4], "uv_size": [1.5, 9]},
								"east": {"uv": [1.6, 6.4], "uv_size": [11.8, 9]},
								"south": {"uv": [12.8, 6.4], "uv_size": [1.5, 9]},
								"west": {"uv": [1.6, 6.4], "uv_size": [11.8, 9]},
								"up": {"uv": [14.3, 13.4], "uv_size": [-1.5, -11.8]},
								"down": {"uv": [14.3, 13.4], "uv_size": [-1.5, -11.8]}
							}
						},
						{
							"origin": [-5, 16.25341, -10.32376],
							"size": [1.5, 1, 1.4],
							"pivot": [0, 0, 0],
							"rotation": [0, -90, -45],
							"uv": {
								"north": {"uv": [12.8, 6.4], "uv_size": [1.5, 1]},
								"east": {"uv": [1.6, 6.4], "uv_size": [1.4, 1]},
								"south": {"uv": [12.8, 6.4], "uv_size": [1.5, 1]},
								"west": {"uv": [1.6, 6.4], "uv_size": [1.4, 1]},
								"up": {"uv": [14.3, 3], "uv_size": [-1.5, -1.4]},
								"down": {"uv": [14.3, 3], "uv_size": [-1.5, -1.4]}
							}
						},
						{
							"origin": [-5, 18.5, -4.9],
							"size": [1.5, 1, 9.8],
							"pivot": [0, 0, 0],
							"rotation": [0, -90, 0],
							"uv": {
								"north": {"uv": [12.8, 6.4], "uv_size": [1.5, 1]},
								"east": {"uv": [1.6, 6.4], "uv_size": [9.8, 1]},
								"south": {"uv": [12.8, 6.4], "uv_size": [1.5, 1]},
								"west": {"uv": [1.6, 6.4], "uv_size": [9.8, 1]},
								"up": {"uv": [14.3, 11.4], "uv_size": [-1.5, -9.8]},
								"down": {"uv": [14.3, 11.4], "uv_size": [-1.5, -9.8]}
							}
						},
						{
							"origin": [-5, 16.25341, 8.92376],
							"size": [1.5, 1, 1.4],
							"pivot": [0, 0, 0],
							"rotation": [0, -90, 45],
							"uv": {
								"north": {"uv": [12.8, 6.4], "uv_size": [1.5, 1]},
								"east": {"uv": [1.6, 6.4], "uv_size": [1.4, 1]},
								"south": {"uv": [12.8, 6.4], "uv_size": [1.5, 1]},
								"west": {"uv": [1.6, 6.4], "uv_size": [1.4, 1]},
								"up": {"uv": [14.3, 3], "uv_size": [-1.5, -1.4]},
								"down": {"uv": [14.3, 3], "uv_size": [-1.5, -1.4]}
							}
						}
					]
				}
			]
		}
	]
}