{
	"format_version": "1.12.0",
	"minecraft:geometry": [
		{
			"description": {
				"identifier": "geometry.modern_table4",
				"texture_width": 32,
				"texture_height": 32,
				"visible_bounds_width": 2,
				"visible_bounds_height": 2.5,
				"visible_bounds_offset": [0, 0.75, 0]
			},
			"bones": [
				{
					"name": "bb_main",
					"pivot": [0, 0, 0],
					"cubes": [
						{
							"origin": [-7, 14, -8],
							"size": [14, 2, 16],
							"pivot": [0, 0, 0],
							"rotation": [0, 0, 0],
							"uv": {
								"south": {"uv": [0, 0], "uv_size": [14, 2]},
								"up": {"uv": [14, 16], "uv_size": [-14, -16]},
								"down": {"uv": [14, 16], "uv_size": [-14, -16]}
							}
						},
						{
							"origin": [7, 14, -8],
							"size": [1, 2, 16],
							"pivot": [0, 0, 0],
							"rotation": [0, 0, 0],
							"uv": {
								"south": {"uv": [0, 0], "uv_size": [1, 2]},
								"west": {"uv": [0, 0], "uv_size": [15, 2]},
								"up": {"uv": [1, 15], "uv_size": [-1, -15]},
								"down": {"uv": [1, 15], "uv_size": [-1, -15]}
							}
						},
						{
							"origin": [-8, 14, -8],
							"size": [1, 2, 16],
							"pivot": [0, 0, 0],
							"rotation": [0, 0, 0],
							"uv": {
								"east": {"uv": [0, 0], "uv_size": [15, 2]},
								"south": {"uv": [0, 0], "uv_size": [1, 2]},
								"up": {"uv": [1, 15], "uv_size": [-1, -15]},
								"down": {"uv": [1, 15], "uv_size": [-1, -15]}
							}
						}
					]
				}
			]
		}
	]
}