{
	"format_version": "1.12.0",
	"minecraft:geometry": [
		{
			"description": {
				"identifier": "geometry.modern_stair",
				"texture_width": 32,
				"texture_height": 32,
				"visible_bounds_width": 3,
				"visible_bounds_height": 2.5,
				"visible_bounds_offset": [0, 0.75, 0]
			},
			"bones": [
				{
					"name": "bb_main",
					"pivot": [0, 0, 0],
					"cubes": [
						{
							"origin": [-1.5, 1.8, -13.2],
							"size": [3, 3, 22.7],
							"pivot": [0, 0, 0],
							"rotation": [-45, 0, 0],
							"uv": {
								"north": {"uv": [29, 29], "uv_size": [3, 3]},
								"east": {"uv": [16.3, 29], "uv_size": [15.7, 3]},
								"south": {"uv": [29, 29], "uv_size": [3, 3]},
								"west": {"uv": [16.3, 29], "uv_size": [15.7, 3]},
								"up": {"uv": [32, 32], "uv_size": [-3, -15.7]},
								"down": {"uv": [32, 32], "uv_size": [-3, -15.7]}
							}
						},
						{
							"origin": [-1.4, 0, 2.5],
							"size": [2.8, 6, 3],
							"uv": {
								"north": {"uv": [16, 16], "uv_size": [3, 6]},
								"east": {"uv": [16, 16], "uv_size": [3, 6]},
								"south": {"uv": [16, 16], "uv_size": [3, 6]},
								"west": {"uv": [16, 16], "uv_size": [3, 6]},
								"down": {"uv": [19, 19], "uv_size": [-3, -3]}
							}
						},
						{
							"origin": [-1.4, 8, -5.5],
							"size": [2.8, 6, 3],
							"uv": {
								"north": {"uv": [16, 16], "uv_size": [3, 6]},
								"east": {"uv": [16, 16], "uv_size": [3, 6]},
								"south": {"uv": [16, 16], "uv_size": [3, 6]},
								"west": {"uv": [16, 16], "uv_size": [3, 6]}
							}
						},
						{
							"origin": [-8, 6, 0],
							"size": [16, 2, 8],
							"uv": {
								"north": {"uv": [0, 0], "uv_size": [16, 2]},
								"east": {"uv": [0, 0], "uv_size": [8, 2]},
								"south": {"uv": [0, 0], "uv_size": [16, 2]},
								"west": {"uv": [0, 0], "uv_size": [8, 2]},
								"up": {"uv": [16, 8], "uv_size": [-16, -8]},
								"down": {"uv": [16, 8], "uv_size": [-16, -8]}
							}
						},
						{
							"origin": [-8, 14, -8],
							"size": [16, 2, 8],
							"uv": {
								"north": {"uv": [0, 0], "uv_size": [16, 2]},
								"east": {"uv": [0, 0], "uv_size": [8, 2]},
								"south": {"uv": [0, 0], "uv_size": [16, 2]},
								"west": {"uv": [0, 0], "uv_size": [7, 2]},
								"up": {"uv": [16, 8], "uv_size": [-16, -8]},
								"down": {"uv": [16, 8], "uv_size": [-16, -8]}
							}
						}
					]
				}
			]
		}
	]
}