{
	"format_version": "1.12.0",
	"minecraft:geometry": [
		{
			"description": {
				"identifier": "geometry.modern_table7",
				"texture_width": 32,
				"texture_height": 32,
				"visible_bounds_width": 2,
				"visible_bounds_height": 2.5,
				"visible_bounds_offset": [0, 0.75, 0]
			},
			"bones": [
				{
					"name": "bb_main",
					"pivot": [0, 0, 0],
					"cubes": [
						{
							"origin": [-7, 0, -7],
							"size": [1.5, 14, 1.5],
							"pivot": [0, 0, 0],
							"rotation": [0, 90, 0],
							"uv": {
								"north": {"uv": [16, 16], "uv_size": [1.5, 14]},
								"east": {"uv": [16, 16], "uv_size": [1.5, 14]},
								"south": {"uv": [16, 16], "uv_size": [1.5, 14]},
								"west": {"uv": [16, 16], "uv_size": [1.5, 14]},
								"down": {"uv": [17.5, 17.5], "uv_size": [-1.5, -1.5]}
							}
						},
						{
							"origin": [-7, 14, -8],
							"size": [15, 2, 16],
							"uv": {
								"south": {"uv": [0, 0], "uv_size": [15, 2]},
								"up": {"uv": [15, 16], "uv_size": [-15, -16]},
								"down": {"uv": [15, 16], "uv_size": [-15, -16]}
							}
						},
						{
							"origin": [-8, 14, -8],
							"size": [1, 2, 15],
							"uv": {
								"east": {"uv": [0, 0], "uv_size": [15, 2]},
								"south": {"uv": [0, 0], "uv_size": [1, 2]},
								"up": {"uv": [1, 15], "uv_size": [-1, -15]},
								"down": {"uv": [1, 15], "uv_size": [-1, -15]}
							}
						},
						{
							"origin": [-8.4, 14, 7],
							"size": [1.4, 2, 1],
							"pivot": [-7, 15, 8],
							"rotation": [0, -45, 0],
							"uv": {
								"north": {"uv": [0, 0], "uv_size": [1.4, 2]},
								"east": {"uv": [0, 0], "uv_size": [1, 2]},
								"south": {"uv": [0, 0], "uv_size": [1.4, 2]},
								"west": {"uv": [0, 0], "uv_size": [1, 2]},
								"up": {"uv": [1.4, 1], "uv_size": [-1.4, -1]},
								"down": {"uv": [1.4, 1], "uv_size": [-1.4, -1]}
							}
						}
					]
				}
			]
		}
	]
}