{
	"format_version": "1.12.0",
	"minecraft:geometry": [
		{
			"description": {
				"identifier": "geometry.modern_tv",
				"texture_width": 32,
				"texture_height": 32,
				"visible_bounds_width": 3,
				"visible_bounds_height": 2.5,
				"visible_bounds_offset": [0, 0.75, 0]
			},
			"bones": [
				{
					"name": "bb_main",
					"pivot": [0, 0, 0],
					"cubes": [
						{
							"origin": [-2.5, 5, -1.3],
							"size": [5, 2, 0.6],
							"pivot": [0, 0, 0],
							"rotation": [-180, 0, 180],
							"uv": {
								"north": {"uv": [0, 0], "uv_size": [5, 2]},
								"east": {"uv": [0, 0], "uv_size": [0.6, 2]},
								"south": {"uv": [0, 0], "uv_size": [5, 2]},
								"west": {"uv": [0, 0], "uv_size": [0.6, 2]},
								"up": {"uv": [5, 0.6], "uv_size": [-5, -0.6]},
								"down": {"uv": [5, 0.6], "uv_size": [-5, -0.6]}
							}
						},
						{
							"origin": [-5, 4, -1.5],
							"size": [16, 12, 1],
							"pivot": [0, 0, 0],
							"rotation": [-180, 0, 180],
							"uv": {
								"north": {"uv": [0, 0], "uv_size": [16, 12]},
								"east": {"uv": [0, 0], "uv_size": [1, 12]},
								"south": {"uv": [0, 0], "uv_size": [16, 12]},
								"west": {"uv": [0, 0], "uv_size": [1, 12]},
								"up": {"uv": [16, 1], "uv_size": [-16, -1]},
								"down": {"uv": [16, 1], "uv_size": [-16, -1]}
							}
						},
						{
							"origin": [-11, 4, -1.5],
							"size": [6, 12, 1],
							"pivot": [0, 0, 0],
							"rotation": [-180, 0, 180],
							"uv": {
								"north": {"uv": [9, 0], "uv_size": [6, 12]},
								"east": {"uv": [0, 0], "uv_size": [1, 12]},
								"south": {"uv": [0, 0], "uv_size": [6, 12]},
								"west": {"uv": [0, 0], "uv_size": [1, 12]},
								"up": {"uv": [6, 1], "uv_size": [-6, -1]},
								"down": {"uv": [6, 1], "uv_size": [-6, -1]}
							}
						},
						{
							"origin": [-2, 10.25305, -12.37437],
							"size": [13, 1.4, 1],
							"pivot": [0, 0, 0],
							"rotation": [135, 0, -180],
							"uv": {
								"north": {"uv": [0, 0], "uv_size": [13, 1.4]},
								"east": {"uv": [0, 0], "uv_size": [1, 1.4]},
								"south": {"uv": [0, 0], "uv_size": [13, 1.4]},
								"west": {"uv": [6, 4.4], "uv_size": [1, 1.4]},
								"up": {"uv": [13, 1], "uv_size": [-13, -1]},
								"down": {"uv": [13, 1], "uv_size": [-13, -1]}
							}
						},
						{
							"origin": [-11, 10.25305, -12.37437],
							"size": [9, 1.4, 1],
							"pivot": [0, 0, 0],
							"rotation": [135, 0, -180],
							"uv": {
								"north": {"uv": [0, 0], "uv_size": [9, 1.4]},
								"east": {"uv": [4, 12.7], "uv_size": [1, 0.7]},
								"south": {"uv": [0, 0], "uv_size": [9, 1.4]},
								"west": {"uv": [0, 0], "uv_size": [1, 1.4]},
								"up": {"uv": [9, 1], "uv_size": [-9, -1]},
								"down": {"uv": [9, 1], "uv_size": [-9, -1]}
							}
						},
						{
							"origin": [-2, 2.48909, 1.76777],
							"size": [13, 1.4, 1],
							"pivot": [0, 0, 0],
							"rotation": [-135, 0, 180],
							"uv": {
								"north": {"uv": [0, 0], "uv_size": [13, 1.4]},
								"east": {"uv": [0, 0], "uv_size": [1, 1.4]},
								"south": {"uv": [0, 0], "uv_size": [13, 1.4]},
								"west": {"uv": [0, 11], "uv_size": [1, 1.4]},
								"up": {"uv": [13, 1], "uv_size": [-13, -1]},
								"down": {"uv": [13, 1], "uv_size": [-13, -1]}
							}
						},
						{
							"origin": [-11, 2.48909, 1.76777],
							"size": [9, 1.4, 1],
							"pivot": [0, 0, 0],
							"rotation": [-135, 0, 180],
							"uv": {
								"north": {"uv": [0, 0], "uv_size": [9, 1.4]},
								"east": {"uv": [0, 11], "uv_size": [1, 1.4]},
								"south": {"uv": [0, 0], "uv_size": [9, 1.4]},
								"west": {"uv": [0, 0], "uv_size": [1, 1.4]},
								"up": {"uv": [9, 1], "uv_size": [-9, -1]},
								"down": {"uv": [9, 1], "uv_size": [-9, -1]}
							}
						},
						{
							"origin": [-2, 1, -1.2],
							"size": [4, 3, 1.5],
							"pivot": [0, 0, 0],
							"rotation": [-180, 0, 180],
							"uv": {
								"north": {"uv": [28, 29], "uv_size": [4, 3]},
								"east": {"uv": [28, 29], "uv_size": [1.5, 3]},
								"south": {"uv": [28, 29], "uv_size": [4, 3]},
								"west": {"uv": [28, 29], "uv_size": [1.5, 3]},
								"up": {"uv": [32, 30.5], "uv_size": [-4, -1.5]}
							}
						},
						{
							"origin": [-12, 3, -0.5],
							"size": [8, 1, 1],
							"pivot": [0, 0, 0],
							"rotation": [-180, 0, 180],
							"uv": {
								"north": {"uv": [0, 0], "uv_size": [8, 1]},
								"east": {"uv": [0, 0], "uv_size": [1, 1]},
								"south": {"uv": [5, 5], "uv_size": [8, 1]},
								"west": {"uv": [0, 0], "uv_size": [1, 1]},
								"up": {"uv": [8, 1], "uv_size": [-8, -1]},
								"down": {"uv": [8, 1], "uv_size": [-8, -1]}
							}
						},
						{
							"origin": [-4, 3, -0.5],
							"size": [16, 1, 1],
							"pivot": [0, 0, 0],
							"rotation": [-180, 0, 180],
							"uv": {
								"north": {"uv": [0, 0], "uv_size": [16, 1]},
								"east": {"uv": [0, 0], "uv_size": [1, 1]},
								"south": {"uv": [0, 0], "uv_size": [16, 1]},
								"west": {"uv": [0, 0], "uv_size": [1, 1]},
								"up": {"uv": [16, 1], "uv_size": [-16, -1]},
								"down": {"uv": [16, 1], "uv_size": [-16, -1]}
							}
						},
						{
							"origin": [-12, 4, -0.5],
							"size": [1, 12, 1],
							"pivot": [0, 0, 0],
							"rotation": [-180, 0, 180],
							"uv": {
								"north": {"uv": [0, 2], "uv_size": [1, 12]},
								"east": {"uv": [0, 2], "uv_size": [1, 12]},
								"south": {"uv": [0, 2], "uv_size": [1, 12]},
								"west": {"uv": [0, 2], "uv_size": [1, 12]}
							}
						},
						{
							"origin": [-11, 4, -0.5],
							"size": [6, 12, 0.8],
							"pivot": [0, 0, 0],
							"rotation": [-180, 0, 180],
							"uv": {
								"north": {"uv": [16, 0], "uv_size": [6, 12]},
								"east": {"uv": [16, 0], "uv_size": [0.8, 12]},
								"south": {"uv": [16, 0], "uv_size": [1, 1]},
								"west": {"uv": [16, 0], "uv_size": [0.8, 12]},
								"up": {"uv": [22, 0.8], "uv_size": [-6, -0.8]},
								"down": {"uv": [22, 0.8], "uv_size": [-6, -0.8]}
							}
						},
						{
							"origin": [-5, 4, -0.5],
							"size": [16, 12, 0.8],
							"pivot": [0, 0, 0],
							"rotation": [-180, 0, 180],
							"uv": {
								"north": {"uv": [16, 0], "uv_size": [16, 12]},
								"east": {"uv": [16, 0], "uv_size": [0.8, 12]},
								"south": {"uv": [16, 0], "uv_size": [1, 1]},
								"west": {"uv": [16, 0], "uv_size": [0.8, 12]},
								"up": {"uv": [32, 0.8], "uv_size": [-16, -0.8]},
								"down": {"uv": [32, 0.8], "uv_size": [-16, -0.8]}
							}
						},
						{
							"origin": [11, 4, -0.5],
							"size": [1, 12, 1],
							"pivot": [0, 0, 0],
							"rotation": [-180, 0, 180],
							"uv": {
								"north": {"uv": [0, 2], "uv_size": [1, 12]},
								"east": {"uv": [0, 2], "uv_size": [1, 12]},
								"south": {"uv": [5, 0], "uv_size": [1, 12]},
								"west": {"uv": [0, 2], "uv_size": [1, 12]}
							}
						},
						{
							"origin": [-12, 16, -0.5],
							"size": [8, 1, 1],
							"pivot": [0, 0, 0],
							"rotation": [-180, 0, 180],
							"uv": {
								"north": {"uv": [0, 0], "uv_size": [8, 1]},
								"east": {"uv": [0, 0], "uv_size": [1, 1]},
								"south": {"uv": [6, 5], "uv_size": [8, 1]},
								"west": {"uv": [0, 0], "uv_size": [1, 1]},
								"up": {"uv": [8, 1], "uv_size": [-8, -1]},
								"down": {"uv": [8, 1], "uv_size": [-8, -1]}
							}
						},
						{
							"origin": [-4, 16, -0.5],
							"size": [16, 1, 1],
							"pivot": [0, 0, 0],
							"rotation": [-180, 0, 180],
							"uv": {
								"north": {"uv": [0, 0], "uv_size": [16, 1]},
								"east": {"uv": [0, 0], "uv_size": [1, 1]},
								"south": {"uv": [0, 0], "uv_size": [16, 1]},
								"west": {"uv": [0, 0], "uv_size": [1, 1]},
								"up": {"uv": [16, 1], "uv_size": [-16, -1]},
								"down": {"uv": [16, 1], "uv_size": [-16, -1]}
							}
						},
						{
							"origin": [-6, 0, -3],
							"size": [12, 1, 6],
							"pivot": [0, 0, 0],
							"rotation": [-180, 0, 180],
							"uv": {
								"north": {"uv": [0, 0], "uv_size": [12, 1]},
								"east": {"uv": [0, 0], "uv_size": [6, 1]},
								"south": {"uv": [0, 0], "uv_size": [12, 1]},
								"west": {"uv": [0, 0], "uv_size": [6, 1]},
								"up": {"uv": [12, 6], "uv_size": [-12, -6]},
								"down": {"uv": [12, 6], "uv_size": [-12, -6]}
							}
						}
					]
				}
			]
		}
	]
}