{
	"format_version": "1.12.0",
	"minecraft:geometry": [
		{
			"description": {
				"identifier": "geometry.oven",
				"texture_width": 32,
				"texture_height": 32,
				"visible_bounds_width": 3,
				"visible_bounds_height": 2.5,
				"visible_bounds_offset": [0, 0.75, 0]
			},
			"bones": [
				{
					"name": "bb_main",
					"pivot": [0, 0, 0],
					"cubes": [
						{
							"origin": [-7, 0, -7.1],
							"size": [2, 16, 14.1],
							"pivot": [0, 0, 0],
							"rotation": [0, -90, 0],
							"uv": {
								"north": {"uv": [3, 16], "uv_size": [2, 16]},
								"east": {"uv": [3, 16], "uv_size": [13.1, 16]},
								"south": {"uv": [3, 16], "uv_size": [2, 16]},
								"west": {"uv": [3, 16], "uv_size": [13.1, 16]},
								"up": {"uv": [5, 30.1], "uv_size": [-2, -14.1]},
								"down": {"uv": [3, 30.1], "uv_size": [2, -14.1]}
							}
						},
						{
							"origin": [-5, 0, -7],
							"size": [12, 16, 14],
							"pivot": [0, 0, 0],
							"rotation": [0, -90, 0],
							"uv": {
								"north": {"uv": [2, 0], "uv_size": [13, 16]},
								"east": {"uv": [1, 0], "uv_size": [2, 16]},
								"south": {"uv": [2, 0], "uv_size": [13, 16]},
								"west": {"uv": [1, 0], "uv_size": [2, 16]},
								"up": {"uv": [15, 3], "uv_size": [-13, -2]},
								"down": {"uv": [15, 3], "uv_size": [-13, -2]}
							}
						},
						{
							"origin": [6.5, 3, -4],
							"size": [1, 8, 8],
							"pivot": [0, 0, 0],
							"rotation": [0, -90, 0],
							"uv": {
								"west": {"uv": [4, 4], "uv_size": [8, 8]}
							}
						},
						{
							"origin": [7, 1, -6],
							"size": [1, 2, 12],
							"pivot": [0, 0, 0],
							"rotation": [0, -90, 0],
							"uv": {
								"north": {"uv": [0, 20], "uv_size": [1, 2]},
								"south": {"uv": [0, 20], "uv_size": [1, 2]},
								"west": {"uv": [0, 20], "uv_size": [12, 2]},
								"up": {"uv": [1, 32], "uv_size": [-1, -12]},
								"down": {"uv": [1, 32], "uv_size": [-1, -12]}
							}
						},
						{
							"origin": [7, 3, 4],
							"size": [1, 8, 2],
							"pivot": [0, 0, 0],
							"rotation": [0, -90, 0],
							"uv": {
								"north": {"uv": [0, 20], "uv_size": [1, 8]},
								"south": {"uv": [0, 20], "uv_size": [1, 8]},
								"west": {"uv": [0, 20], "uv_size": [2, 8]}
							}
						},
						{
							"origin": [7, 3, -6],
							"size": [1, 8, 2],
							"pivot": [0, 0, 0],
							"rotation": [0, -90, 0],
							"uv": {
								"north": {"uv": [0, 20], "uv_size": [1, 8]},
								"south": {"uv": [0, 20], "uv_size": [1, 8]},
								"west": {"uv": [0, 20], "uv_size": [2, 8]}
							}
						},
						{
							"origin": [7, 11, -6],
							"size": [1, 2, 12],
							"pivot": [0, 0, 0],
							"rotation": [0, -90, 0],
							"uv": {
								"north": {"uv": [0, 20], "uv_size": [1, 2]},
								"south": {"uv": [0, 20], "uv_size": [1, 2]},
								"west": {"uv": [0, 20], "uv_size": [12, 2]},
								"up": {"uv": [1, 32], "uv_size": [-1, -12]},
								"down": {"uv": [2, 23], "uv_size": [-2, -3]}
							}
						},
						{
							"origin": [7.5, 11.5, -2],
							"size": [1, 1, 4],
							"pivot": [0, 0, 0],
							"rotation": [0, -90, 0],
							"uv": {
								"north": {"uv": [16, 0], "uv_size": [1, 1]},
								"east": {"uv": [16, 0], "uv_size": [4, 1]},
								"south": {"uv": [16, 0], "uv_size": [1, 1]},
								"west": {"uv": [16, 0], "uv_size": [4, 1]},
								"up": {"uv": [17, 6], "uv_size": [-1, -6]},
								"down": {"uv": [17, 4], "uv_size": [-1, -4]}
							}
						},
						{
							"origin": [7, 14, 5],
							"size": [1, 1, 1],
							"pivot": [0, 0, 0],
							"rotation": [0, -90, 0],
							"uv": {
								"north": {"uv": [18, 8], "uv_size": [1, 1]},
								"east": {"uv": [30, 8], "uv_size": [1, 1]},
								"south": {"uv": [18, 8], "uv_size": [1, 1]},
								"west": {"uv": [30, 8], "uv_size": [-2, 1]},
								"up": {"uv": [19, 8], "uv_size": [-1, -1]},
								"down": {"uv": [19, 8], "uv_size": [-1, -1]}
							}
						},
						{
							"origin": [7, 14, 3],
							"size": [1, 1, 1],
							"pivot": [0, 0, 0],
							"rotation": [0, -90, 0],
							"uv": {
								"north": {"uv": [18, 8], "uv_size": [1, 1]},
								"east": {"uv": [28, 8], "uv_size": [1, 1]},
								"south": {"uv": [18, 8], "uv_size": [1, 1]},
								"west": {"uv": [28, 8], "uv_size": [1, 1]},
								"up": {"uv": [19, 6], "uv_size": [-1, -1]},
								"down": {"uv": [19, 6], "uv_size": [-1, -1]}
							}
						},
						{
							"origin": [7, 14, 1],
							"size": [1, 1, 1],
							"pivot": [0, 0, 0],
							"rotation": [0, -90, 0],
							"uv": {
								"north": {"uv": [18, 8], "uv_size": [1, 1]},
								"east": {"uv": [30, 8], "uv_size": [1, 1]},
								"south": {"uv": [18, 8], "uv_size": [1, 1]},
								"west": {"uv": [30, 8], "uv_size": [-2, 1]},
								"up": {"uv": [19, 8], "uv_size": [-1, -1]},
								"down": {"uv": [19, 8], "uv_size": [-1, -1]}
							}
						},
						{
							"origin": [7, 14, -1],
							"size": [1, 1, 1],
							"pivot": [0, 0, 0],
							"rotation": [0, -90, 0],
							"uv": {
								"north": {"uv": [18, 8], "uv_size": [1, 1]},
								"east": {"uv": [30, 8], "uv_size": [1, 1]},
								"south": {"uv": [18, 8], "uv_size": [1, 1]},
								"west": {"uv": [30, 8], "uv_size": [-2, 1]},
								"up": {"uv": [19, 8], "uv_size": [-1, -1]},
								"down": {"uv": [19, 8], "uv_size": [-1, -1]}
							}
						},
						{
							"origin": [7, 14, -6],
							"size": [1, 1, 1],
							"pivot": [0, 0, 0],
							"rotation": [0, -90, 0],
							"uv": {
								"north": {"uv": [1, 18], "uv_size": [1, 1]},
								"east": {"uv": [2, 18], "uv_size": [1, 1]},
								"south": {"uv": [1, 18], "uv_size": [1, 1]},
								"west": {"uv": [2, 18], "uv_size": [1, 1]},
								"up": {"uv": [2, 17], "uv_size": [-1, -1]},
								"down": {"uv": [2, 7], "uv_size": [-1, -1]}
							}
						},
						{
							"origin": [-7, 16, -7.1],
							"size": [2, 2, 14.1],
							"pivot": [0, 0, 0],
							"rotation": [0, -90, 0],
							"uv": {
								"north": {"uv": [2, 19], "uv_size": [2, 2]},
								"east": {"uv": [2, 29], "uv_size": [14.1, 2]},
								"south": {"uv": [2, 19], "uv_size": [2, 2]},
								"west": {"uv": [2, 19], "uv_size": [14.1, 2]},
								"up": {"uv": [5, 30.1], "uv_size": [-2, -14.1]},
								"down": {"uv": [3, 30.1], "uv_size": [2, -14.1]}
							}
						},
						{
							"origin": [-4, 15.5, 1],
							"size": [4, 1, 4],
							"pivot": [0, 0, 0],
							"rotation": [0, -90, 0],
							"uv": {
								"north": {"uv": [16, 16], "uv_size": [4, 1]},
								"east": {"uv": [16, 16], "uv_size": [4, 1]},
								"south": {"uv": [16, 16], "uv_size": [4, 1]},
								"west": {"uv": [16, 16], "uv_size": [4, 1]},
								"up": {"uv": [21, 22], "uv_size": [-4, -4]}
							}
						},
						{
							"origin": [-4, 15.5, -5],
							"size": [4, 1, 4],
							"pivot": [0, 0, 0],
							"rotation": [0, -90, 0],
							"uv": {
								"north": {"uv": [16, 16], "uv_size": [4, 1]},
								"east": {"uv": [16, 16], "uv_size": [4, 1]},
								"south": {"uv": [16, 16], "uv_size": [4, 1]},
								"west": {"uv": [16, 16], "uv_size": [4, 1]},
								"up": {"uv": [21, 22], "uv_size": [-4, -4]}
							}
						},
						{
							"origin": [2, 15.5, 1],
							"size": [4, 1, 4],
							"pivot": [0, 0, 0],
							"rotation": [0, -90, 0],
							"uv": {
								"north": {"uv": [16, 16], "uv_size": [4, 1]},
								"east": {"uv": [16, 16], "uv_size": [4, 1]},
								"south": {"uv": [16, 16], "uv_size": [4, 1]},
								"west": {"uv": [16, 16], "uv_size": [4, 1]},
								"up": {"uv": [21, 22], "uv_size": [-4, -4]}
							}
						},
						{
							"origin": [2, 15.5, -5],
							"size": [4, 1, 4],
							"pivot": [0, 0, 0],
							"rotation": [0, -90, 0],
							"uv": {
								"north": {"uv": [16, 16], "uv_size": [4, 1]},
								"east": {"uv": [16, 16], "uv_size": [4, 1]},
								"south": {"uv": [16, 16], "uv_size": [4, 1]},
								"west": {"uv": [16, 16], "uv_size": [4, 1]},
								"up": {"uv": [20, 22], "uv_size": [-4, -4]}
							}
						}
					]
				}
			]
		}
	]
}