{
	"format_version": "1.12.0",
	"minecraft:geometry": [
		{
			"description": {
				"identifier": "geometry.park_bench",
				"texture_width": 32,
				"texture_height": 32,
				"visible_bounds_width": 2,
				"visible_bounds_height": 2.5,
				"visible_bounds_offset": [0, 0.75, 0]
			},
			"bones": [
				{
					"name": "1",
					"pivot": [0, 9, -3],
					"cubes": [
						{
							"origin": [-8, 8.3, 3],
							"size": [16, 1, 4],
							"uv": {
								"north": {"uv": [16, 19], "uv_size": [16, 1]},
								"east": {"uv": [25, 27], "uv_size": [5, 1]},
								"south": {"uv": [16, 19], "uv_size": [16, 1]},
								"up": {"uv": [32, 24], "uv_size": [-16, -5]},
								"down": {"uv": [32, 28], "uv_size": [-16, -5]}
							}
						},
						{
							"origin": [8, 8.3, -23],
							"size": [0, 1, 4],
							"pivot": [8, 0, -8],
							"rotation": [0, 180, 0],
							"uv": {
								"north": {"uv": [16, 19], "uv_size": [16, 1]},
								"east": {"uv": [25, 27], "uv_size": [5, 1]},
								"south": {"uv": [16, 19], "uv_size": [16, 1]},
								"up": {"uv": [32, 24], "uv_size": [-16, -5]},
								"down": {"uv": [32, 28], "uv_size": [-16, -5]}
							}
						},
						{
							"origin": [8, 8.3, -18],
							"size": [0, 1, 4],
							"pivot": [8, 0, -8],
							"rotation": [0, 180, 0],
							"uv": {
								"north": {"uv": [16, 19], "uv_size": [16, 1]},
								"east": {"uv": [25, 27], "uv_size": [5, 1]},
								"south": {"uv": [16, 19], "uv_size": [16, 1]},
								"up": {"uv": [32, 24], "uv_size": [-16, -5]},
								"down": {"uv": [32, 28], "uv_size": [-16, -5]}
							}
						},
						{
							"origin": [-8, 8.3, -2],
							"size": [16, 1, 4],
							"uv": {
								"north": {"uv": [16, 19], "uv_size": [16, 1]},
								"east": {"uv": [25, 27], "uv_size": [5, 1]},
								"south": {"uv": [16, 19], "uv_size": [16, 1]},
								"up": {"uv": [32, 28], "uv_size": [-16, -5]},
								"down": {"uv": [32, 28], "uv_size": [-16, -5]}
							}
						},
						{
							"origin": [-8, 9.5, -3],
							"size": [16, 4, 1],
							"pivot": [0, 9, -3],
							"rotation": [22.5, 0, 0],
							"uv": {
								"north": {"uv": [16, 19], "uv_size": [16, 5]},
								"east": {"uv": [31, 27], "uv_size": [1, 5]},
								"south": {"uv": [16, 19], "uv_size": [16, 5]},
								"up": {"uv": [32, 20], "uv_size": [-16, -1]},
								"down": {"uv": [32, 20], "uv_size": [-16, -1]}
							}
						},
						{
							"origin": [-8, 4.5, -3],
							"size": [0, 4, 1],
							"pivot": [0, 9, -3],
							"rotation": [-22.5, 0, -180],
							"uv": {
								"north": {"uv": [16, 19], "uv_size": [16, 5]},
								"east": {"uv": [31, 27], "uv_size": [1, 5]},
								"south": {"uv": [16, 19], "uv_size": [16, 5]},
								"up": {"uv": [32, 20], "uv_size": [-16, -1]},
								"down": {"uv": [32, 20], "uv_size": [-16, -1]}
							}
						},
						{
							"origin": [-8, -0.5, -3],
							"size": [0, 4, 1],
							"pivot": [0, 9, -3],
							"rotation": [-22.5, 0, -180],
							"uv": {
								"north": {"uv": [16, 19], "uv_size": [16, 5]},
								"east": {"uv": [31, 27], "uv_size": [1, 5]},
								"south": {"uv": [16, 19], "uv_size": [16, 5]},
								"up": {"uv": [32, 20], "uv_size": [-16, -1]},
								"down": {"uv": [32, 20], "uv_size": [-16, -1]}
							}
						},
						{
							"origin": [-8, 14.5, -3],
							"size": [16, 4, 1],
							"pivot": [0, 9, -3],
							"rotation": [22.5, 0, 0],
							"uv": {
								"north": {"uv": [16, 19], "uv_size": [16, 5]},
								"east": {"uv": [16, 19], "uv_size": [1, 5]},
								"south": {"uv": [16, 19], "uv_size": [16, 5]},
								"up": {"uv": [32, 20], "uv_size": [-16, -1]},
								"down": {"uv": [32, 20], "uv_size": [-16, -1]}
							}
						}
					]
				},
				{
					"name": "b",
					"pivot": [0, 9, -3],
					"cubes": [
						{
							"origin": [-7, 6.3, -3],
							"size": [2, 2, 10],
							"uv": {
								"east": {"uv": [20, 2], "uv_size": [10, 2]},
								"south": {"uv": [20, 2], "uv_size": [2, 2]},
								"west": {"uv": [20, 2], "uv_size": [10, 2]},
								"up": {"uv": [22, 12], "uv_size": [-2, -10]},
								"down": {"uv": [22, 12], "uv_size": [-2, -10]}
							}
						},
						{
							"origin": [-7, 0, -5],
							"size": [2, 9, 2],
							"uv": {
								"north": {"uv": [16, 0], "uv_size": [2, 9]},
								"east": {"uv": [16, 0], "uv_size": [2, 9]},
								"south": {"uv": [16, 0], "uv_size": [2, 9]},
								"west": {"uv": [16, 0], "uv_size": [2, 9]},
								"up": {"uv": [18, 2], "uv_size": [-2, -2]},
								"down": {"uv": [18, 2], "uv_size": [-2, -2]}
							}
						},
						{
							"origin": [-6.99, 9, -5],
							"size": [1.98, 9, 2],
							"pivot": [0, 9, -3],
							"rotation": [22.5, 0, 0],
							"uv": {
								"north": {"uv": [16, 0], "uv_size": [1.98, 9]},
								"east": {"uv": [16, 0], "uv_size": [2, 9]},
								"south": {"uv": [16, 0], "uv_size": [1.98, 9]},
								"west": {"uv": [16, 0], "uv_size": [2, 9]},
								"up": {"uv": [17.98, 2], "uv_size": [-1.98, -2]},
								"down": {"uv": [17.98, 2], "uv_size": [-1.98, -2]}
							}
						},
						{
							"origin": [-6.5, 9.3, 4.5],
							"size": [1, 0.3, 1],
							"uv": {
								"north": {"uv": [0, 0], "uv_size": [1, 0.3]},
								"east": {"uv": [0, 0], "uv_size": [1, 0.3]},
								"south": {"uv": [0, 0], "uv_size": [1, 0.3]},
								"west": {"uv": [0, 0], "uv_size": [1, 0.3]},
								"up": {"uv": [1, 1], "uv_size": [-1, -1]}
							}
						},
						{
							"origin": [-6.5, 9.3, -0.5],
							"size": [1, 0.3, 1],
							"uv": {
								"north": {"uv": [0, 0], "uv_size": [1, 0.3]},
								"east": {"uv": [0, 0], "uv_size": [1, 0.3]},
								"south": {"uv": [0, 0], "uv_size": [1, 0.3]},
								"west": {"uv": [0, 0], "uv_size": [1, 0.3]},
								"up": {"uv": [1, 1], "uv_size": [-1, -1]}
							}
						},
						{
							"origin": [-6.5, 11, -2],
							"size": [1, 1, 0.3],
							"pivot": [0, 9, -3],
							"rotation": [22.5, 0, 0],
							"uv": {
								"north": {"uv": [0, 0], "uv_size": [1, 1]},
								"east": {"uv": [0, 0], "uv_size": [0.3, 1]},
								"south": {"uv": [1, 13], "uv_size": [1, 1]},
								"west": {"uv": [0, 0], "uv_size": [0.3, 1]},
								"up": {"uv": [1, 0.3], "uv_size": [-1, -0.3]},
								"down": {"uv": [1, 0.3], "uv_size": [-1, -0.3]}
							}
						},
						{
							"origin": [-6.5, 16, -2],
							"size": [1, 1, 0.3],
							"pivot": [0, 9, -3],
							"rotation": [22.5, 0, 0],
							"uv": {
								"north": {"uv": [0, 0], "uv_size": [1, 1]},
								"east": {"uv": [0, 0], "uv_size": [0.3, 1]},
								"south": {"uv": [1, 13], "uv_size": [1, 1]},
								"west": {"uv": [0, 0], "uv_size": [0.3, 1]},
								"up": {"uv": [1, 0.3], "uv_size": [-1, -0.3]},
								"down": {"uv": [1, 0.3], "uv_size": [-1, -0.3]}
							}
						},
						{
							"origin": [-7, 0, 4],
							"size": [2, 6.3, 2],
							"uv": {
								"north": {"uv": [16, 0], "uv_size": [2, 6.3]},
								"east": {"uv": [16, 0], "uv_size": [2, 6.3]},
								"south": {"uv": [16, 0], "uv_size": [2, 6.3]},
								"west": {"uv": [16, 0], "uv_size": [2, 6.3]},
								"down": {"uv": [18, 2], "uv_size": [-2, -2]}
							}
						}
					]
				},
				{
					"name": "a",
					"pivot": [12, 9, -3],
					"cubes": [
						{
							"origin": [5, 6.3, -3],
							"size": [2, 2, 10],
							"uv": {
								"east": {"uv": [20, 2], "uv_size": [10, 2]},
								"south": {"uv": [20, 2], "uv_size": [2, 2]},
								"west": {"uv": [20, 2], "uv_size": [10, 2]},
								"up": {"uv": [22, 12], "uv_size": [-2, -10]},
								"down": {"uv": [22, 12], "uv_size": [-2, -10]}
							}
						},
						{
							"origin": [5, 0, -5],
							"size": [2, 9, 2],
							"uv": {
								"north": {"uv": [16, 0], "uv_size": [2, 9]},
								"east": {"uv": [16, 0], "uv_size": [2, 9]},
								"south": {"uv": [16, 0], "uv_size": [2, 9]},
								"west": {"uv": [16, 0], "uv_size": [2, 9]},
								"up": {"uv": [18, 2], "uv_size": [-2, -2]},
								"down": {"uv": [18, 2], "uv_size": [-2, -2]}
							}
						},
						{
							"origin": [5.01, 9, -5],
							"size": [1.98, 9, 2],
							"pivot": [12, 9, -3],
							"rotation": [22.5, 0, 0],
							"uv": {
								"north": {"uv": [16, 0], "uv_size": [1.98, 9]},
								"east": {"uv": [16, 0], "uv_size": [2, 9]},
								"south": {"uv": [16, 0], "uv_size": [1.98, 9]},
								"west": {"uv": [16, 0], "uv_size": [2, 9]},
								"up": {"uv": [17.98, 2], "uv_size": [-1.98, -2]},
								"down": {"uv": [17.98, 2], "uv_size": [-1.98, -2]}
							}
						},
						{
							"origin": [5, 0, 4],
							"size": [2, 6.3, 2],
							"uv": {
								"north": {"uv": [16, 0], "uv_size": [2, 6.3]},
								"east": {"uv": [16, 0], "uv_size": [2, 6.3]},
								"south": {"uv": [16, 0], "uv_size": [2, 6.3]},
								"west": {"uv": [16, 0], "uv_size": [2, 6.3]},
								"down": {"uv": [18, 2], "uv_size": [-2, -2]}
							}
						},
						{
							"origin": [5.5, 9.3, -0.5],
							"size": [1, 0.3, 1],
							"uv": {
								"north": {"uv": [0, 0], "uv_size": [1, 0.3]},
								"east": {"uv": [0, 0], "uv_size": [1, 0.3]},
								"south": {"uv": [0, 0], "uv_size": [1, 0.3]},
								"west": {"uv": [0, 0], "uv_size": [1, 0.3]},
								"up": {"uv": [1, 1], "uv_size": [-1, -1]}
							}
						},
						{
							"origin": [5.5, 11, -2],
							"size": [1, 1, 0.3],
							"pivot": [12, 9, -3],
							"rotation": [22.5, 0, 0],
							"uv": {
								"north": {"uv": [0, 0], "uv_size": [1, 1]},
								"east": {"uv": [0, 0], "uv_size": [0.3, 1]},
								"south": {"uv": [1, 13], "uv_size": [1, 1]},
								"west": {"uv": [0, 0], "uv_size": [0.3, 1]},
								"up": {"uv": [1, 0.3], "uv_size": [-1, -0.3]},
								"down": {"uv": [1, 0.3], "uv_size": [-1, -0.3]}
							}
						},
						{
							"origin": [5.5, 16, -2],
							"size": [1, 1, 0.3],
							"pivot": [12, 9, -3],
							"rotation": [22.5, 0, 0],
							"uv": {
								"north": {"uv": [0, 0], "uv_size": [1, 1]},
								"east": {"uv": [0, 0], "uv_size": [0.3, 1]},
								"south": {"uv": [1, 13], "uv_size": [1, 1]},
								"west": {"uv": [0, 0], "uv_size": [0.3, 1]},
								"up": {"uv": [1, 0.3], "uv_size": [-1, -0.3]},
								"down": {"uv": [1, 0.3], "uv_size": [-1, -0.3]}
							}
						},
						{
							"origin": [5.5, 9.3, 4.5],
							"size": [1, 0.3, 1],
							"uv": {
								"north": {"uv": [0, 0], "uv_size": [1, 0.3]},
								"east": {"uv": [0, 0], "uv_size": [1, 0.3]},
								"south": {"uv": [0, 0], "uv_size": [1, 0.3]},
								"west": {"uv": [0, 0], "uv_size": [1, 0.3]},
								"up": {"uv": [1, 1], "uv_size": [-1, -1]}
							}
						}
					]
				}
			]
		}
	]
}