{
	"format_version": "1.12.0",
	"minecraft:geometry": [
		{
			"description": {
				"identifier": "geometry.shower_head",
				"texture_width": 32,
				"texture_height": 32,
				"visible_bounds_width": 2,
				"visible_bounds_height": 1.5,
				"visible_bounds_offset": [0, 0.25, 0]
			},
			"bones": [
				{
					"name": "bb_main",
					"pivot": [0, 0, 0],
					"cubes": [
						{
							"origin": [-2.4, 2.4, -2.4],
							"size": [4.8, 1.6, 4.8],
							"pivot": [0, 0, 0],
							"rotation": [0, 90, 0],
							"uv": {
								"north": {"uv": [27.2, 24], "uv_size": [4.8, 1.6]},
								"east": {"uv": [27.2, 24], "uv_size": [4.8, 1.6]},
								"south": {"uv": [27.2, 24], "uv_size": [4.8, 1.6]},
								"west": {"uv": [27.2, 24], "uv_size": [4.8, 1.6]},
								"up": {"uv": [32, 32], "uv_size": [-4.8, -4.8]},
								"down": {"uv": [32, 32], "uv_size": [-4.8, -4.8]}
							}
						},
						{
							"origin": [-0.8, 4, -0.8],
							"size": [1.6, 1.6, 1.6],
							"pivot": [0, 0, 0],
							"rotation": [0, 90, 0],
							"uv": {
								"north": {"uv": [7.2, 4], "uv_size": [1.6, 1.6]},
								"east": {"uv": [7.2, 4], "uv_size": [1.6, 1.6]},
								"south": {"uv": [7.2, 4], "uv_size": [1.6, 1.6]},
								"west": {"uv": [7.2, 4], "uv_size": [1.6, 1.6]},
								"up": {"uv": [8.8, 8.8], "uv_size": [-1.6, -1.6]},
								"down": {"uv": [8.8, 8.8], "uv_size": [-1.6, -1.6]}
							}
						},
						{
							"origin": [-8, 5.6, -0.8],
							"size": [8.8, 1.6, 1.6],
							"pivot": [0, 0, 0],
							"rotation": [0, 90, 0],
							"uv": {
								"north": {"uv": [7.2, 5.6], "uv_size": [8.8, 1.6]},
								"east": {"uv": [7.2, 5.6], "uv_size": [1.6, 1.6]},
								"south": {"uv": [7.2, 5.6], "uv_size": [8.8, 1.6]},
								"west": {"uv": [7.2, 5.6], "uv_size": [1.6, 1.6]},
								"up": {"uv": [16, 8.8], "uv_size": [-8.8, -1.6]},
								"down": {"uv": [16, 8.8], "uv_size": [-8.8, -1.6]}
							}
						}
					]
				}
			]
		}
	]
}