{
	"format_version": "1.12.0",
	"minecraft:geometry": [
		{
			"description": {
				"identifier": "geometry.shower",
				"texture_width": 32,
				"texture_height": 32,
				"visible_bounds_width": 2,
				"visible_bounds_height": 3.5,
				"visible_bounds_offset": [0, 1.25, 0]
			},
			"bones": [
				{
					"name": "bb_main",
					"pivot": [0, 0, 0],
					"cubes": [
						{
							"origin": [-8, 0, -8],
							"size": [16, 1, 16],
							"pivot": [0, 0, 0],
							"rotation": [0, 90, 0],
							"uv": {
								"north": {"uv": [0, 0], "uv_size": [16, 1]},
								"east": {"uv": [0, 0], "uv_size": [16, 1]},
								"south": {"uv": [0, 0], "uv_size": [16, 1]},
								"west": {"uv": [0, 0], "uv_size": [16, 1]},
								"up": {"uv": [16, 16], "uv_size": [-16, -16]},
								"down": {"uv": [16, 16], "uv_size": [-16, -16]}
							}
						},
						{
							"origin": [7, 1, -8],
							"size": [1, 29, 1],
							"pivot": [0, 0, 0],
							"rotation": [0, 90, 0],
							"uv": {
								"north": {"uv": [16, 1], "uv_size": [1, 15]},
								"east": {"uv": [16, 1], "uv_size": [1, 15]},
								"south": {"uv": [16, 1], "uv_size": [1, 15]},
								"west": {"uv": [16, 1], "uv_size": [1, 15]},
								"up": {"uv": [17, 1], "uv_size": [-1, -1]},
								"down": {"uv": [17, 1], "uv_size": [-1, -1]}
							}
						},
						{
							"origin": [-8, 1, -8],
							"size": [1, 29, 1],
							"pivot": [0, 0, 0],
							"rotation": [0, 90, 0],
							"uv": {
								"north": {"uv": [31, 1], "uv_size": [1, 15]},
								"east": {"uv": [16, 1], "uv_size": [1, 15]},
								"south": {"uv": [31, 1], "uv_size": [1, 15]},
								"west": {"uv": [16, 1], "uv_size": [1, 15]},
								"up": {"uv": [32, 1], "uv_size": [-1, -1]},
								"down": {"uv": [32, 1], "uv_size": [-1, -1]}
							}
						},
						{
							"origin": [-8, 1, 7],
							"size": [1, 29, 1],
							"pivot": [0, 0, 0],
							"rotation": [0, 90, 0],
							"uv": {
								"north": {"uv": [31, 1], "uv_size": [1, 15]},
								"east": {"uv": [31, 1], "uv_size": [1, 15]},
								"south": {"uv": [31, 1], "uv_size": [1, 15]},
								"west": {"uv": [31, 1], "uv_size": [1, 15]},
								"up": {"uv": [32, 16], "uv_size": [-1, -1]},
								"down": {"uv": [32, 16], "uv_size": [-1, -1]}
							}
						},
						{
							"origin": [7, 1, 7],
							"size": [1, 29, 1],
							"pivot": [0, 0, 0],
							"rotation": [0, 90, 0],
							"uv": {
								"north": {"uv": [16, 1], "uv_size": [1, 15]},
								"east": {"uv": [31, 1], "uv_size": [1, 15]},
								"south": {"uv": [16, 1], "uv_size": [1, 15]},
								"west": {"uv": [31, 1], "uv_size": [1, 15]},
								"up": {"uv": [17, 16], "uv_size": [-1, -1]},
								"down": {"uv": [17, 16], "uv_size": [-1, -1]}
							}
						},
						{
							"origin": [-7.5, 1, -7.5],
							"size": [15, 15, 0],
							"pivot": [0, 0, 0],
							"rotation": [0, 90, 0],
							"uv": {
								"north": {"uv": [0.5, 1], "uv_size": [15, 15]},
								"east": {"uv": [0.5, 1], "uv_size": [0, 15]},
								"south": {"uv": [0.5, 1], "uv_size": [15, 15]},
								"west": {"uv": [0.5, 1], "uv_size": [0, 15]},
								"up": {"uv": [15.5, 0.5], "uv_size": [-15, 0]},
								"down": {"uv": [15.5, 0.5], "uv_size": [-15, 0]}
							}
						},
						{
							"origin": [-7.5, 1, 7.5],
							"size": [15, 15, 0],
							"pivot": [0, 0, 0],
							"rotation": [0, 90, 0],
							"uv": {
								"north": {"uv": [0.5, 1], "uv_size": [15, 15]},
								"east": {"uv": [15.5, 1], "uv_size": [0, 15]},
								"south": {"uv": [0.5, 1], "uv_size": [15, 15]},
								"west": {"uv": [15.5, 1], "uv_size": [0, 15]},
								"up": {"uv": [15.5, 15.5], "uv_size": [-15, 0]},
								"down": {"uv": [15.5, 15.5], "uv_size": [-15, 0]}
							}
						},
						{
							"origin": [-7.5, 1, -7.5],
							"size": [0, 15, 15],
							"pivot": [0, 0, 0],
							"rotation": [0, 90, 0],
							"uv": {
								"north": {"uv": [15.5, 1], "uv_size": [0, 15]},
								"east": {"uv": [0.5, 1], "uv_size": [15, 15]},
								"south": {"uv": [15.5, 1], "uv_size": [0, 15]},
								"west": {"uv": [0.5, 1], "uv_size": [15, 15]},
								"up": {"uv": [15.5, 15.5], "uv_size": [0, -15]},
								"down": {"uv": [15.5, 15.5], "uv_size": [0, -15]}
							}
						},
						{
							"origin": [-7.5, 15, -7.5],
							"size": [15, 15, 0],
							"pivot": [0, 0, 0],
							"rotation": [0, 90, 0],
							"uv": {
								"north": {"uv": [0.5, 0], "uv_size": [15, 15]},
								"east": {"uv": [0.5, 1], "uv_size": [0, 15]},
								"south": {"uv": [0.5, 0], "uv_size": [15, 15]},
								"west": {"uv": [0.5, 1], "uv_size": [0, 15]},
								"up": {"uv": [15.5, 0.5], "uv_size": [-15, 0]},
								"down": {"uv": [15.5, 0.5], "uv_size": [-15, 0]}
							}
						},
						{
							"origin": [-7.5, 15, 7.5],
							"size": [15, 15, 0],
							"pivot": [0, 0, 0],
							"rotation": [0, 90, 0],
							"uv": {
								"north": {"uv": [0.5, 0], "uv_size": [15, 15]},
								"east": {"uv": [0.5, 1], "uv_size": [0, 15]},
								"south": {"uv": [0.5, 0], "uv_size": [15, 15]},
								"west": {"uv": [0.5, 1], "uv_size": [0, 15]},
								"up": {"uv": [15.5, 0.5], "uv_size": [-15, 0]},
								"down": {"uv": [15.5, 0.5], "uv_size": [-15, 0]}
							}
						},
						{
							"origin": [-7.5, 15, -7.5],
							"size": [0, 15, 15],
							"pivot": [0, 0, 0],
							"rotation": [0, 90, 0],
							"uv": {
								"north": {"uv": [15.5, 1], "uv_size": [0, 15]},
								"east": {"uv": [0.5, 0], "uv_size": [15, 15]},
								"south": {"uv": [15.5, 1], "uv_size": [0, 15]},
								"west": {"uv": [0.5, 0], "uv_size": [15, 15]},
								"up": {"uv": [15.5, 15.5], "uv_size": [0, -15]},
								"down": {"uv": [15.5, 15.5], "uv_size": [0, -15]}
							}
						},
						{
							"origin": [-7, 29, -8],
							"size": [14, 1, 1],
							"pivot": [0, 0, 0],
							"rotation": [0, 90, 0],
							"uv": {
								"north": {"uv": [18, 1], "uv_size": [14, 1]},
								"east": {"uv": [18, 1], "uv_size": [1, 1]},
								"south": {"uv": [18, 1], "uv_size": [14, 1]},
								"west": {"uv": [18, 1], "uv_size": [1, 1]},
								"up": {"uv": [32, 1], "uv_size": [-14, -1]},
								"down": {"uv": [32, 1], "uv_size": [-14, -1]}
							}
						},
						{
							"origin": [-7, 29, 7],
							"size": [14, 1, 1],
							"pivot": [0, 0, 0],
							"rotation": [0, 90, 0],
							"uv": {
								"north": {"uv": [18, 1], "uv_size": [14, 1]},
								"east": {"uv": [18, 1], "uv_size": [1, 1]},
								"south": {"uv": [18, 1], "uv_size": [14, 1]},
								"west": {"uv": [18, 1], "uv_size": [1, 1]},
								"up": {"uv": [32, 1], "uv_size": [-14, -1]},
								"down": {"uv": [32, 1], "uv_size": [-14, -1]}
							}
						},
						{
							"origin": [-8, 29, -7],
							"size": [1, 1, 14],
							"pivot": [0, 0, 0],
							"rotation": [0, 90, 0],
							"uv": {
								"north": {"uv": [18, 1], "uv_size": [1, 1]},
								"east": {"uv": [18, 1], "uv_size": [14, 1]},
								"south": {"uv": [18, 1], "uv_size": [1, 1]},
								"west": {"uv": [18, 1], "uv_size": [14, 1]},
								"up": {"uv": [19, 14], "uv_size": [-1, -14]},
								"down": {"uv": [19, 14], "uv_size": [-1, -14]}
							}
						},
						{
							"origin": [7, 29, -7],
							"size": [1, 1, 14],
							"pivot": [0, 0, 0],
							"rotation": [0, 90, 0],
							"uv": {
								"north": {"uv": [18, 1], "uv_size": [1, 1]},
								"east": {"uv": [18, 1], "uv_size": [14, 1]},
								"south": {"uv": [18, 1], "uv_size": [1, 1]},
								"west": {"uv": [18, 1], "uv_size": [14, 1]},
								"up": {"uv": [19, 14], "uv_size": [-1, -14]},
								"down": {"uv": [19, 14], "uv_size": [-1, -14]}
							}
						}
					]
				}
			]
		}
	]
}