{
	"format_version": "1.12.0",
	"minecraft:geometry": [
		{
			"description": {
				"identifier": "geometry.stonecabinetopen",
				"texture_width": 64,
				"texture_height": 64,
				"visible_bounds_width": 4,
				"visible_bounds_height": 2.5,
				"visible_bounds_offset": [0, 0.75, 0]
			},
			"bones": [
				{
					"name": "bb_main",
					"pivot": [0, 0, 0],
					"rotation": [0, 180, 0],
					"cubes": [
						{
							"origin": [-8, 0, -8],
							"size": [13, 16, 16],
							"pivot": [0, 0, 0],
							"rotation": [0, -90, 0],
							"uv": {
								"north": {"uv": [3, 0], "uv_size": [13, 16]},
								"east": {"uv": [0, 0], "uv_size": [16, 16]},
								"south": {"uv": [3, 0], "uv_size": [13, 16]},
								"west": {"uv": [0, 16], "uv_size": [16, 16]},
								"up": {"uv": [0, 0], "uv_size": [13, 16]},
								"down": {"uv": [0, 16], "uv_size": [13, -16]}
							}
						},
						{
							"origin": [8, 4.5, -15],
							"size": [1, 1, 1],
							"pivot": [0, 0, 0],
							"rotation": [0, -167.5, 0],
							"uv": {
								"north": {"uv": [36, 32], "uv_size": [1, 1]},
								"east": {"uv": [36, 33], "uv_size": [1, 1]},
								"south": {"uv": [36, 34], "uv_size": [1, 1]},
								"west": {"uv": [36, 35], "uv_size": [1, 1]},
								"up": {"uv": [36, 36], "uv_size": [1, 1]},
								"down": {"uv": [37, 33], "uv_size": [1, -1]}
							}
						},
						{
							"origin": [8, 10.5, -15],
							"size": [1, 1, 1],
							"pivot": [0, 0, 0],
							"rotation": [0, -167.5, 0],
							"uv": {
								"north": {"uv": [37, 33], "uv_size": [1, 1]},
								"east": {"uv": [37, 34], "uv_size": [1, 1]},
								"south": {"uv": [37, 35], "uv_size": [1, 1]},
								"west": {"uv": [36, 37], "uv_size": [1, 1]},
								"up": {"uv": [37, 36], "uv_size": [1, 1]},
								"down": {"uv": [37, 38], "uv_size": [1, -1]}
							}
						},
						{
							"origin": [9, 4.5, -15],
							"size": [1, 7, 1],
							"pivot": [0, 0, 0],
							"rotation": [0, -167.5, 0],
							"uv": {
								"north": {"uv": [32, 32], "uv_size": [1, 7]},
								"east": {"uv": [33, 32], "uv_size": [1, 7]},
								"south": {"uv": [34, 32], "uv_size": [1, 7]},
								"west": {"uv": [35, 32], "uv_size": [1, 7]},
								"up": {"uv": [38, 32], "uv_size": [1, 1]},
								"down": {"uv": [38, 34], "uv_size": [1, -1]}
							}
						},
						{
							"origin": [7, 1, -17],
							"size": [1, 14, 14],
							"pivot": [0, 0, 0],
							"rotation": [0, -167.5, 0],
							"uv": {
								"north": {"uv": [48, 0.1], "uv_size": [1, 14]},
								"east": {"uv": [42, 0], "uv_size": [14, 14]},
								"south": {"uv": [49, 0], "uv_size": [1, 14]},
								"west": {"uv": [42, 0], "uv_size": [14, 14]},
								"up": {"uv": [50, 0], "uv_size": [1, 14]},
								"down": {"uv": [51, 14], "uv_size": [1, -14]}
							}
						}
					]
				}
			]
		}
	]
}