{
	"format_version": "1.12.0",
	"minecraft:geometry": [
		{
			"description": {
				"identifier": "geometry.table",
				"texture_width": 32,
				"texture_height": 32,
				"visible_bounds_width": 2,
				"visible_bounds_height": 2.5,
				"visible_bounds_offset": [0, 0.75, 0]
			},
			"bones": [
				{
					"name": "bb_main",
					"pivot": [0, 0, 0],
					"cubes": [
						{
							"origin": [-2, 0, -2],
							"size": [4, 14.4, 4],
							"uv": {
								"north": {"uv": [28, 0], "uv_size": [4, 14.4]},
								"east": {"uv": [28, 0], "uv_size": [4, 14.4]},
								"south": {"uv": [28, 0], "uv_size": [4, 14.4]},
								"west": {"uv": [28, 0], "uv_size": [4, 14.4]},
								"up": {"uv": [32, 10], "uv_size": [-4, -4]},
								"down": {"uv": [32, 10], "uv_size": [-4, -4]}
							}
						},
						{
							"origin": [-8, 14.4, -8],
							"size": [16, 1.6, 16],
							"uv": {
								"north": {"uv": [16, 30.4], "uv_size": [16, 1.6]},
								"east": {"uv": [16, 30.4], "uv_size": [16, 1.6]},
								"south": {"uv": [16, 30.4], "uv_size": [16, 1.6]},
								"west": {"uv": [16, 30.4], "uv_size": [16, 1.6]},
								"up": {"uv": [32, 32], "uv_size": [-16, -16]},
								"down": {"uv": [32, 32], "uv_size": [-16, -16]}
							}
						}
					]
				}
			]
		}
	]
}