{
	"format_version": "1.12.0",
	"minecraft:geometry": [
		{
			"description": {
				"identifier": "geometry.toaster_toast2",
				"texture_width": 32,
				"texture_height": 32,
				"visible_bounds_width": 2,
				"visible_bounds_height": 1.5,
				"visible_bounds_offset": [0, 0.25, 0]
			},
			"bones": [
				{
					"name": "bb_main",
					"pivot": [0, 0, 0],
					"cubes": [
						{
							"origin": [-3, 0, -5],
							"size": [6, 1, 10],
							"pivot": [0, 0, 0],
							"rotation": [0, -90, 0],
							"uv": {
								"north": {"uv": [21, 0], "uv_size": [6, 1]},
								"east": {"uv": [19, 0], "uv_size": [10, 1]},
								"south": {"uv": [21, 0], "uv_size": [6, 1]},
								"west": {"uv": [19, 0], "uv_size": [10, 1]},
								"up": {"uv": [27, 13], "uv_size": [-6, -10]},
								"down": {"uv": [27, 13], "uv_size": [-6, -10]}
							}
						},
						{
							"origin": [-2.5, 0, -4.5],
							"size": [1, 6.4, 9],
							"pivot": [0, 0, 0],
							"rotation": [0, -90, 0],
							"uv": {
								"north": {"uv": [9.5, 0], "uv_size": [1, 6.4]},
								"east": {"uv": [3.5, 0], "uv_size": [9, 6.4]},
								"south": {"uv": [9.5, 0], "uv_size": [1, 6.4]},
								"west": {"uv": [3.5, 0], "uv_size": [9, 6.4]},
								"up": {"uv": [10.5, 12.5], "uv_size": [-1, -9]},
								"down": {"uv": [10.5, 12.5], "uv_size": [-1, -9]}
							}
						},
						{
							"origin": [-1.5, 0, 3.5],
							"size": [3, 6.4, 1],
							"pivot": [0, 0, 0],
							"rotation": [0, -90, 0],
							"uv": {
								"north": {"uv": [6.5, 0], "uv_size": [3, 6.4]},
								"east": {"uv": [11.5, 0], "uv_size": [1, 6.4]},
								"south": {"uv": [6.5, 0], "uv_size": [3, 6.4]},
								"west": {"uv": [11.5, 0], "uv_size": [1, 6.4]},
								"up": {"uv": [9.5, 12.5], "uv_size": [-3, -1]},
								"down": {"uv": [9.5, 12.5], "uv_size": [-3, -1]}
							}
						},
						{
							"origin": [-0.5, 0, -3.5],
							"size": [1, 6.4, 7],
							"pivot": [0, 0, 0],
							"rotation": [0, -90, 0],
							"uv": {
								"north": {"uv": [7.5, 0], "uv_size": [1, 6.4]},
								"east": {"uv": [4.5, 0], "uv_size": [7, 6.4]},
								"south": {"uv": [7.5, 0], "uv_size": [1, 6.4]},
								"west": {"uv": [4.5, 0], "uv_size": [7, 6.4]},
								"up": {"uv": [8.5, 11.5], "uv_size": [-1, -7]},
								"down": {"uv": [8.5, 11.5], "uv_size": [-1, -7]}
							}
						},
						{
							"origin": [-1.5, 0, -4.5],
							"size": [3, 6.4, 1],
							"pivot": [0, 0, 0],
							"rotation": [0, -90, 0],
							"uv": {
								"north": {"uv": [6.5, 0], "uv_size": [3, 6.4]},
								"east": {"uv": [3.5, 0], "uv_size": [1, 6.4]},
								"south": {"uv": [6.5, 0], "uv_size": [3, 6.4]},
								"west": {"uv": [3.5, 0], "uv_size": [1, 6.4]},
								"up": {"uv": [9.5, 4.5], "uv_size": [-3, -1]},
								"down": {"uv": [9.5, 4.5], "uv_size": [-3, -1]}
							}
						},
						{
							"origin": [-1, 3, -5.5],
							"size": [2, 0.8, 1],
							"pivot": [0, 0, 0],
							"rotation": [0, -90, 0],
							"uv": {
								"north": {"uv": [14, 18], "uv_size": [2, 0.8]},
								"east": {"uv": [9.5, 17], "uv_size": [1, 0.8]},
								"south": {"uv": [14, 18], "uv_size": [2, 0.8]},
								"west": {"uv": [9.5, 17], "uv_size": [1, 0.8]},
								"up": {"uv": [16, 17.5], "uv_size": [-2, -1]},
								"down": {"uv": [16, 17.5], "uv_size": [-2, -1]}
							}
						},
						{
							"origin": [1.5, 0, -4.5],
							"size": [1, 6.4, 9],
							"pivot": [0, 0, 0],
							"rotation": [0, -90, 0],
							"uv": {
								"north": {"uv": [5.5, 0], "uv_size": [1, 6.4]},
								"east": {"uv": [3.5, 0], "uv_size": [9, 6.4]},
								"south": {"uv": [5.5, 0], "uv_size": [1, 6.4]},
								"west": {"uv": [3.5, 0], "uv_size": [9, 6.4]},
								"up": {"uv": [6.5, 12.5], "uv_size": [-1, -9]},
								"down": {"uv": [6.5, 12.5], "uv_size": [-1, -9]}
							}
						},
						{
							"origin": [-2, 1, -1.3],
							"size": [4, 0.5, 0.6],
							"uv": {
								"north": {"uv": [20, 29], "uv_size": [8, 1]},
								"east": {"uv": [20, 29], "uv_size": [1, 1]},
								"south": {"uv": [20, 29], "uv_size": [8, 1]},
								"west": {"uv": [20, 29], "uv_size": [1, 1]},
								"up": {"uv": [4, 1], "uv_size": [-4, -1]},
								"down": {"uv": [28, 30], "uv_size": [-8, -1]}
							}
						},
						{
							"origin": [-2, 1, 0.7],
							"size": [4, 0.5, 0.6],
							"uv": {
								"north": {"uv": [20, 29], "uv_size": [8, 1]},
								"east": {"uv": [20, 29], "uv_size": [1, 1]},
								"south": {"uv": [20, 29], "uv_size": [8, 1]},
								"west": {"uv": [20, 29], "uv_size": [1, 1]},
								"up": {"uv": [4, 1], "uv_size": [-4, -1]},
								"down": {"uv": [28, 30], "uv_size": [-8, -1]}
							}
						}
					]
				},
				{
					"name": "bread1",
					"pivot": [0, -1, -2],
					"cubes": [
						{
							"origin": [-2.5, 1.5, -1.3],
							"size": [5, 5.5, 0.6],
							"uv": {
								"north": {"uv": [19, 18], "uv_size": [10, 11]},
								"east": {"uv": [28, 18], "uv_size": [1, 11]},
								"south": {"uv": [19, 18], "uv_size": [10, 11]},
								"west": {"uv": [28, 18], "uv_size": [1, 11]},
								"up": {"uv": [29, 19], "uv_size": [-10, -1]},
								"down": {"uv": [29, 29], "uv_size": [-10, -1]}
							}
						},
						{
							"origin": [-2, 1, -1.3],
							"size": [4, 0.5, 0.6],
							"uv": {
								"north": {"uv": [20, 29], "uv_size": [8, 1]},
								"east": {"uv": [20, 29], "uv_size": [1, 1]},
								"south": {"uv": [20, 29], "uv_size": [8, 1]},
								"west": {"uv": [20, 29], "uv_size": [1, 1]},
								"up": {"uv": [4, 1], "uv_size": [-4, -1]},
								"down": {"uv": [28, 30], "uv_size": [-8, -1]}
							}
						},
						{
							"origin": [-3, 5, -1.3],
							"size": [0.5, 1.5, 0.6],
							"uv": {
								"north": {"uv": [18, 19], "uv_size": [1, 3]},
								"east": {"uv": [18, 19], "uv_size": [1, 3]},
								"south": {"uv": [18, 19], "uv_size": [1, 3]},
								"west": {"uv": [18, 19], "uv_size": [1, 3]},
								"up": {"uv": [19, 20], "uv_size": [-1, -1]},
								"down": {"uv": [19, 20], "uv_size": [-1, -1]}
							}
						},
						{
							"origin": [2.5, 5, -1.3],
							"size": [0.5, 1.5, 0.6],
							"uv": {
								"north": {"uv": [18, 19], "uv_size": [1, 3]},
								"east": {"uv": [18, 19], "uv_size": [1, 3]},
								"south": {"uv": [18, 19], "uv_size": [1, 3]},
								"west": {"uv": [18, 19], "uv_size": [1, 3]},
								"up": {"uv": [19, 20], "uv_size": [-1, -1]},
								"down": {"uv": [19, 20], "uv_size": [-1, -1]}
							}
						}
					]
				},
				{
					"name": "bread2",
					"pivot": [0, -1, 0],
					"cubes": [
						{
							"origin": [-2.5, 1.5, 0.7],
							"size": [5, 5.5, 0.6],
							"uv": {
								"north": {"uv": [19, 18], "uv_size": [10, 11]},
								"east": {"uv": [28, 18], "uv_size": [1, 11]},
								"south": {"uv": [19, 18], "uv_size": [10, 11]},
								"west": {"uv": [28, 18], "uv_size": [1, 11]},
								"up": {"uv": [29, 19], "uv_size": [-10, -1]},
								"down": {"uv": [29, 29], "uv_size": [-10, -1]}
							}
						},
						{
							"origin": [-2, 1, 0.7],
							"size": [4, 0.5, 0.6],
							"uv": {
								"north": {"uv": [20, 29], "uv_size": [8, 1]},
								"east": {"uv": [20, 29], "uv_size": [1, 1]},
								"south": {"uv": [20, 29], "uv_size": [8, 1]},
								"west": {"uv": [20, 29], "uv_size": [1, 1]},
								"up": {"uv": [4, 1], "uv_size": [-4, -1]},
								"down": {"uv": [28, 30], "uv_size": [-8, -1]}
							}
						},
						{
							"origin": [-3, 5, 0.7],
							"size": [0.5, 1.5, 0.6],
							"uv": {
								"north": {"uv": [18, 19], "uv_size": [1, 3]},
								"east": {"uv": [18, 19], "uv_size": [1, 3]},
								"south": {"uv": [18, 19], "uv_size": [1, 3]},
								"west": {"uv": [18, 19], "uv_size": [1, 3]},
								"up": {"uv": [19, 20], "uv_size": [-1, -1]},
								"down": {"uv": [19, 20], "uv_size": [-1, -1]}
							}
						},
						{
							"origin": [2.5, 5, 0.7],
							"size": [0.5, 1.5, 0.6],
							"uv": {
								"north": {"uv": [18, 19], "uv_size": [1, 3]},
								"east": {"uv": [18, 19], "uv_size": [1, 3]},
								"south": {"uv": [18, 19], "uv_size": [1, 3]},
								"west": {"uv": [18, 19], "uv_size": [1, 3]},
								"up": {"uv": [19, 20], "uv_size": [-1, -1]},
								"down": {"uv": [19, 20], "uv_size": [-1, -1]}
							}
						}
					]
				}
			]
		}
	]
}