{
	"format_version": "1.12.0",
	"minecraft:geometry": [
		{
			"description": {
				"identifier": "geometry.toilet",
				"texture_width": 32,
				"texture_height": 32,
				"visible_bounds_width": 2,
				"visible_bounds_height": 2.5,
				"visible_bounds_offset": [0, 0.75, 0]
			},
			"bones": [
				{
					"name": "bb_main",
					"pivot": [0, 0, 0],
					"cubes": [
						{
							"origin": [-3.2, 6.425, -1.6],
							"size": [4.8, 0.091, 3.2],
							"pivot": [0, 0, 0],
							"rotation": [0, -90, 0],
							"uv": {
								"north": {"uv": [5.4, 22.4], "uv_size": [4.8, 0.016]},
								"east": {"uv": [5.4, 22.4], "uv_size": [3.2, 0.016]},
								"south": {"uv": [5.4, 22.4], "uv_size": [4.8, 0.016]},
								"west": {"uv": [5.4, 22.4], "uv_size": [3.2, 0.016]},
								"up": {"uv": [10.2, 25.6], "uv_size": [-4.8, -3.2]},
								"down": {"uv": [10.2, 25.6], "uv_size": [-4.8, -3.2]}
							}
						},
						{
							"origin": [-8, 4.8, -5.6],
							"size": [5.6, 11.2, 11.2],
							"pivot": [0, 0, 0],
							"rotation": [0, -90, 0],
							"uv": {
								"north": {"uv": [26.4, 2.8], "uv_size": [5.6, 11.2]},
								"east": {"uv": [18.4, 2.8], "uv_size": [11.2, 11.2]},
								"south": {"uv": [26.4, 2.8], "uv_size": [5.6, 11.2]},
								"west": {"uv": [18.4, 2.8], "uv_size": [11.2, 11.2]},
								"up": {"uv": [32, 11.6], "uv_size": [-5.6, -11.2]},
								"down": {"uv": [32, 11.6], "uv_size": [-5.6, -11.2]}
							}
						},
						{
							"origin": [-8, 16, -6.4],
							"size": [6.4, 1.6, 12.8],
							"pivot": [0, 0, 0],
							"rotation": [0, -90, 0],
							"uv": {
								"north": {"uv": [25.6, 12.8], "uv_size": [6.4, 1.6]},
								"east": {"uv": [17.6, 12.8], "uv_size": [12.8, 1.6]},
								"south": {"uv": [25.6, 12.8], "uv_size": [6.4, 1.6]},
								"west": {"uv": [17.6, 12.8], "uv_size": [12.8, 1.6]},
								"up": {"uv": [32, 12.8], "uv_size": [-6.4, -12.8]},
								"down": {"uv": [32, 12.8], "uv_size": [-6.4, -12.8]}
							}
						},
						{
							"origin": [-4.8, 17.4, 0.16],
							"size": [1.6, 1, 1.6],
							"pivot": [0, 0, 0],
							"rotation": [0, -90, 0],
							"uv": {
								"north": {"uv": [28.2, 20], "uv_size": [1.6, 12]},
								"east": {"uv": [25.16, 20], "uv_size": [1.6, 12]},
								"south": {"uv": [28.2, 20], "uv_size": [1.6, 12]},
								"west": {"uv": [25.16, 20], "uv_size": [1.6, 12]},
								"up": {"uv": [29.8, 25.76], "uv_size": [-1.6, -1.6]},
								"down": {"uv": [29.8, 25.76], "uv_size": [-1.6, -1.6]}
							}
						},
						{
							"origin": [-4.8, 17.4, -1.76],
							"size": [1.6, 1, 1.6],
							"pivot": [0, 0, 0],
							"rotation": [0, -90, 0],
							"uv": {
								"north": {"uv": [28.2, 20], "uv_size": [1.6, 12]},
								"east": {"uv": [23.24, 20], "uv_size": [1.6, 12]},
								"south": {"uv": [28.2, 20], "uv_size": [1.6, 12]},
								"west": {"uv": [23.24, 20], "uv_size": [1.6, 12]},
								"up": {"uv": [29.8, 23.84], "uv_size": [-1.6, -1.6]},
								"down": {"uv": [29.8, 23.84], "uv_size": [-1.6, -1.6]}
							}
						},
						{
							"origin": [-2.4, 4.8, 4],
							"size": [8.8, 4.8, 1.6],
							"pivot": [0, 0, 0],
							"rotation": [0, -90, 0],
							"uv": {
								"north": {"uv": [20, 3.8], "uv_size": [8.8, 4.8]},
								"east": {"uv": [30.4, 3.8], "uv_size": [1.6, 4.8]},
								"south": {"uv": [20, 3.8], "uv_size": [8.8, 4.8]},
								"west": {"uv": [30.4, 3.8], "uv_size": [1.6, 4.8]},
								"up": {"uv": [28.8, 12.6], "uv_size": [-8.8, -1.6]},
								"down": {"uv": [28.8, 12.6], "uv_size": [-8.8, -1.6]}
							}
						},
						{
							"origin": [-3.2, 4.8, -4],
							"size": [4.8, 0.8, 2.4],
							"pivot": [0, 0, 0],
							"rotation": [0, -90, 0],
							"uv": {
								"north": {"uv": [6.4, 4.8], "uv_size": [4.8, 0.8]},
								"east": {"uv": [4, 4.8], "uv_size": [2.4, 0.8]},
								"south": {"uv": [6.4, 4.8], "uv_size": [4.8, 0.8]},
								"west": {"uv": [4, 4.8], "uv_size": [2.4, 0.8]},
								"up": {"uv": [11.2, 6.4], "uv_size": [-4.8, -2.4]},
								"down": {"uv": [11.2, 6.4], "uv_size": [-4.8, -2.4]}
							}
						},
						{
							"origin": [-3.2, 4.8, 1.6],
							"size": [4.8, 0.8, 2.4],
							"pivot": [0, 0, 0],
							"rotation": [0, -90, 0],
							"uv": {
								"north": {"uv": [6.4, 4.8], "uv_size": [4.8, 0.8]},
								"east": {"uv": [9.6, 4.8], "uv_size": [2.4, 0.8]},
								"south": {"uv": [6.4, 4.8], "uv_size": [4.8, 0.8]},
								"west": {"uv": [9.6, 4.8], "uv_size": [2.4, 0.8]},
								"up": {"uv": [11.2, 12], "uv_size": [-4.8, -2.4]},
								"down": {"uv": [11.2, 12], "uv_size": [-4.8, -2.4]}
							}
						},
						{
							"origin": [-6.4, 0, -4],
							"size": [11.2, 4.8, 8],
							"pivot": [0, 0, 0],
							"rotation": [0, -90, 0],
							"uv": {
								"north": {"uv": [20.8, 0], "uv_size": [11.2, 4.8]},
								"east": {"uv": [21.6, 0], "uv_size": [8, 4.8]},
								"south": {"uv": [20.8, 0], "uv_size": [11.2, 4.8]},
								"west": {"uv": [21.6, 0], "uv_size": [8, 4.8]},
								"up": {"uv": [32, 12], "uv_size": [-11.2, -8]},
								"down": {"uv": [32, 12], "uv_size": [-11.2, -8]}
							}
						},
						{
							"origin": [-3.2, 4.8, -4],
							"size": [8, 1.6, 8],
							"pivot": [0, 0, 0],
							"rotation": [0, -90, 0],
							"uv": {
								"north": {"uv": [23.2, 0.8], "uv_size": [8, 1.6]},
								"east": {"uv": [24, 0.8], "uv_size": [8, 1.6]},
								"south": {"uv": [23.2, 0.8], "uv_size": [8, 1.6]},
								"west": {"uv": [24, 0.8], "uv_size": [8, 1.6]},
								"up": {"uv": [31.2, 8], "uv_size": [-8, -8]},
								"down": {"uv": [31.2, 8], "uv_size": [-8, -8]}
							}
						},
						{
							"origin": [4.8, 4.8, -4],
							"size": [1.6, 4.8, 8],
							"pivot": [0, 0, 0],
							"rotation": [0, -90, 0],
							"uv": {
								"north": {"uv": [20, 3.8], "uv_size": [1.6, 4.8]},
								"east": {"uv": [22.4, 3.8], "uv_size": [8, 4.8]},
								"south": {"uv": [20, 3.8], "uv_size": [1.6, 4.8]},
								"west": {"uv": [22.4, 3.8], "uv_size": [8, 4.8]},
								"up": {"uv": [21.6, 11], "uv_size": [-1.6, -8]},
								"down": {"uv": [21.6, 11], "uv_size": [-1.6, -8]}
							}
						},
						{
							"origin": [-2.4, 4.8, -5.6],
							"size": [8.8, 4.8, 1.6],
							"pivot": [0, 0, 0],
							"rotation": [0, -90, 0],
							"uv": {
								"north": {"uv": [20, 3.8], "uv_size": [8.8, 4.8]},
								"east": {"uv": [20.8, 3.8], "uv_size": [1.6, 4.8]},
								"south": {"uv": [20, 3.8], "uv_size": [8.8, 4.8]},
								"west": {"uv": [20.8, 3.8], "uv_size": [1.6, 4.8]},
								"up": {"uv": [28.8, 3], "uv_size": [-8.8, -1.6]},
								"down": {"uv": [28.8, 3], "uv_size": [-8.8, -1.6]}
							}
						}
					]
				}
			]
		}
	]
}