{
	"format_version": "1.12.0",
	"minecraft:geometry": [
		{
			"description": {
				"identifier": "geometry.upgraded_gate",
				"texture_width": 32,
				"texture_height": 32,
				"visible_bounds_width": 3,
				"visible_bounds_height": 2.5,
				"visible_bounds_offset": [0, 0.75, 0]
			},
			"bones": [
				{
					"name": "bb_main",
					"pivot": [0, 0, 0],
					"cubes": [
						{
							"origin": [3, 1, 0],
							"size": [3.5, 16, 1],
							"uv": {
								"north": {"uv": [16, 16], "uv_size": [5, 16]},
								"east": {"uv": [16, 16], "uv_size": [1, 16]},
								"south": {"uv": [16, 16], "uv_size": [5, 16]},
								"west": {"uv": [16, 16], "uv_size": [1, 16]},
								"up": {"uv": [29, 24], "uv_size": [-5, -1]},
								"down": {"uv": [29, 24], "uv_size": [-5, -1]}
							}
						},
						{
							"origin": [-7, 2.5, -0.5],
							"size": [1, 3, 1],
							"uv": {
								"north": {"uv": [0, 0], "uv_size": [3, 1]},
								"south": {"uv": [0, 0], "uv_size": [3, 1]},
								"west": {"uv": [0, 0], "uv_size": [1, 3]},
								"up": {"uv": [1, 1], "uv_size": [-1, -1]},
								"down": {"uv": [1, 1], "uv_size": [-1, -1]}
							}
						},
						{
							"origin": [-7, 12.5, -0.5],
							"size": [1, 3, 1],
							"uv": {
								"north": {"uv": [0, 0], "uv_size": [3, 1]},
								"south": {"uv": [0, 0], "uv_size": [3, 1]},
								"west": {"uv": [0, 0], "uv_size": [1, 3]},
								"up": {"uv": [1, 1], "uv_size": [-1, -1]},
								"down": {"uv": [1, 1], "uv_size": [-1, -1]}
							}
						},
						{
							"origin": [-9, 1, -2],
							"size": [2, 15, 4],
							"uv": {
								"north": {"uv": [16, 0], "uv_size": [2, 15]},
								"east": {"uv": [16, 0], "uv_size": [4, 15]},
								"south": {"uv": [16, 0], "uv_size": [2, 15]},
								"west": {"uv": [16, 0], "uv_size": [4, 15]}
							}
						},
						{
							"origin": [-9, 16, -2],
							"size": [2, 1, 4],
							"uv": {
								"north": {"uv": [16, 5], "uv_size": [2, 1]},
								"east": {"uv": [16, 4], "uv_size": [4, 1]},
								"south": {"uv": [16, 4], "uv_size": [2, 1]},
								"west": {"uv": [16, 4], "uv_size": [4, 1]},
								"up": {"uv": [18, 4], "uv_size": [-2, -4]}
							}
						},
						{
							"origin": [-2, 2, 0],
							"size": [4, 16, 1],
							"uv": {
								"north": {"uv": [16, 16], "uv_size": [5, 16]},
								"east": {"uv": [16, 16], "uv_size": [1, 16]},
								"south": {"uv": [16, 16], "uv_size": [5, 16]},
								"west": {"uv": [16, 16], "uv_size": [1, 16]},
								"up": {"uv": [29, 24], "uv_size": [-5, -1]},
								"down": {"uv": [29, 24], "uv_size": [-5, -1]}
							}
						},
						{
							"origin": [-6.5, 1, 0],
							"size": [3.5, 16, 1],
							"uv": {
								"north": {"uv": [16, 16], "uv_size": [5, 16]},
								"east": {"uv": [16, 16], "uv_size": [1, 16]},
								"south": {"uv": [16, 16], "uv_size": [5, 16]},
								"west": {"uv": [16, 16], "uv_size": [1, 16]},
								"up": {"uv": [29, 24], "uv_size": [-5, -1]},
								"down": {"uv": [29, 24], "uv_size": [-5, -1]}
							}
						},
						{
							"origin": [-6, 13, -1],
							"size": [12, 2, 1],
							"uv": {
								"north": {"uv": [0, 24], "uv_size": [12, 2]},
								"east": {"uv": [0, 24], "uv_size": [1, 2]},
								"south": {"uv": [0, 24], "uv_size": [12, 2]},
								"west": {"uv": [0, 24], "uv_size": [1, 2]},
								"up": {"uv": [12, 25], "uv_size": [-12, -1]},
								"down": {"uv": [12, 25], "uv_size": [-12, -1]}
							}
						},
						{
							"origin": [-6, 3, -1],
							"size": [12, 2, 1],
							"uv": {
								"north": {"uv": [0, 24], "uv_size": [12, 2]},
								"east": {"uv": [0, 24], "uv_size": [1, 2]},
								"south": {"uv": [0, 24], "uv_size": [12, 2]},
								"west": {"uv": [0, 24], "uv_size": [1, 2]},
								"up": {"uv": [12, 25], "uv_size": [-12, -1]},
								"down": {"uv": [12, 25], "uv_size": [-12, -1]}
							}
						},
						{
							"origin": [-7, 8, -0.9],
							"size": [14, 2, 0.8],
							"pivot": [0, 9, 0],
							"rotation": [0, 0, -45],
							"uv": {
								"north": {"uv": [0, 24], "uv_size": [14, 2]},
								"east": {"uv": [0, 24], "uv_size": [0.8, 2]},
								"south": {"uv": [0, 24], "uv_size": [14, 2]},
								"west": {"uv": [0, 24], "uv_size": [0.8, 2]},
								"up": {"uv": [14, 24.8], "uv_size": [-14, -0.8]},
								"down": {"uv": [14, 24.8], "uv_size": [-14, -0.8]}
							}
						},
						{
							"origin": [-9, 0, -2],
							"size": [2, 1, 4],
							"uv": {
								"north": {"uv": [16, 2], "uv_size": [2, -1]},
								"east": {"uv": [16, 4], "uv_size": [4, 1]},
								"south": {"uv": [16, 4], "uv_size": [2, 1]},
								"west": {"uv": [16, 4], "uv_size": [4, 1]},
								"down": {"uv": [18, 4], "uv_size": [-2, -4]}
							}
						},
						{
							"origin": [7, 0, -2],
							"size": [2, 1, 4],
							"uv": {
								"north": {"uv": [16, 2], "uv_size": [2, -1]},
								"east": {"uv": [16, 4], "uv_size": [4, 1]},
								"south": {"uv": [16, 4], "uv_size": [2, 1]},
								"west": {"uv": [16, 4], "uv_size": [4, 1]},
								"down": {"uv": [18, 4], "uv_size": [-2, -4]}
							}
						},
						{
							"origin": [7, 1, -2],
							"size": [2, 15, 4],
							"uv": {
								"north": {"uv": [16, 0], "uv_size": [2, 15]},
								"east": {"uv": [16, 0], "uv_size": [4, 15]},
								"south": {"uv": [16, 0], "uv_size": [2, 15]},
								"west": {"uv": [16, 0], "uv_size": [4, 15]}
							}
						},
						{
							"origin": [7, 16, -2],
							"size": [2, 1, 4],
							"uv": {
								"north": {"uv": [16, 5], "uv_size": [2, 1]},
								"east": {"uv": [16, 4], "uv_size": [4, 1]},
								"south": {"uv": [16, 4], "uv_size": [2, 1]},
								"west": {"uv": [16, 4], "uv_size": [4, 1]},
								"up": {"uv": [18, 4], "uv_size": [-2, -4]}
							}
						}
					]
				}
			]
		}
	]
}