{
	"format_version": "1.12.0",
	"minecraft:geometry": [
		{
			"description": {
				"identifier": "geometry.wall_cabinet_open",
				"texture_width": 32,
				"texture_height": 32,
				"visible_bounds_width": 2,
				"visible_bounds_height": 2.5,
				"visible_bounds_offset": [0, 0.75, 0]
			},
			"bones": [
				{
					"name": "bb_main",
					"pivot": [0, 0, 0],
					"cubes": [
						{
							"origin": [-8, 1.6, -6],
							"size": [2, 12.8, 12],
							"pivot": [0, 0, 0],
							"rotation": [0, 90, 0],
							"uv": {
								"north": {"uv": [28, 0], "uv_size": [4, 12.8]},
								"east": {"uv": [18, 0], "uv_size": [12, 12.8]},
								"south": {"uv": [28, 0], "uv_size": [4, 12.8]},
								"west": {"uv": [0, 0], "uv_size": [16, 15.8]},
								"up": {"uv": [32, 12.4], "uv_size": [-4, -12]},
								"down": {"uv": [32, 12.4], "uv_size": [-4, -12]}
							}
						},
						{
							"origin": [6, 1.6, -6],
							"size": [2, 12.8, 12],
							"pivot": [6, 9, 6],
							"rotation": [0, 30, 0],
							"uv": {
								"north": {"uv": [28, 0], "uv_size": [4, 12.8]},
								"east": {"uv": [18, 0], "uv_size": [12, 12.8]},
								"south": {"uv": [28, 0], "uv_size": [4, 12.8]},
								"west": {"uv": [18, 0], "uv_size": [12, 12.8]},
								"up": {"uv": [32, 12.4], "uv_size": [-4, -12]},
								"down": {"uv": [32, 12.4], "uv_size": [-4, -12]}
							}
						},
						{
							"origin": [8, 7, -5],
							"size": [1.04, 4, 1],
							"pivot": [6, 9, 6],
							"rotation": [0, 30, 0],
							"uv": {
								"north": {"uv": [30.96, 27], "uv_size": [1.04, 4]},
								"east": {"uv": [23, 27], "uv_size": [1, 4]},
								"south": {"uv": [30.96, 27], "uv_size": [1.04, 4]},
								"west": {"uv": [23, 27], "uv_size": [1, 4]},
								"up": {"uv": [32, 24], "uv_size": [-1.04, -1]},
								"down": {"uv": [32, 24], "uv_size": [-1.04, -1]}
							}
						},
						{
							"origin": [8, 11, -5],
							"size": [1.04, 1, 2],
							"pivot": [6, 9, 6],
							"rotation": [0, 30, 0],
							"uv": {
								"north": {"uv": [30.96, 31], "uv_size": [1.04, 1]},
								"east": {"uv": [23, 31], "uv_size": [2, 1]},
								"south": {"uv": [30.96, 31], "uv_size": [1.04, 1]},
								"west": {"uv": [23, 31], "uv_size": [2, 1]},
								"up": {"uv": [32, 25], "uv_size": [-1.04, -2]},
								"down": {"uv": [32, 25], "uv_size": [-1.04, -2]}
							}
						},
						{
							"origin": [8, 6, -5],
							"size": [1.04, 1, 2],
							"pivot": [6, 9, 6],
							"rotation": [0, 30, 0],
							"uv": {
								"north": {"uv": [30.96, 26], "uv_size": [1.04, 1]},
								"east": {"uv": [23, 26], "uv_size": [2, 1]},
								"south": {"uv": [30.96, 26], "uv_size": [1.04, 1]},
								"west": {"uv": [23, 26], "uv_size": [2, 1]},
								"up": {"uv": [32, 25], "uv_size": [-1.04, -2]},
								"down": {"uv": [32, 25], "uv_size": [-1.04, -2]}
							}
						}
					]
				}
			]
		}
	]
}