{
	"format_version": "1.12.0",
	"minecraft:geometry": [
		{
			"description": {
				"identifier": "geometry.white_fence",
				"texture_width": 16,
				"texture_height": 16,
				"visible_bounds_width": 3,
				"visible_bounds_height": 2.5,
				"visible_bounds_offset": [0, 0.75, 0]
			},
			"bones": [
				{
					"name": "Post",
					"pivot": [0, 0, 0],
					"cubes": [
						{
							"origin": [-1.5, 0, -1.5],
							"size": [3, 16, 3],
							"uv": {
								"north": {"uv": [0, 0], "uv_size": [1.5, 8]},
								"east": {"uv": [0, 0], "uv_size": [1.5, 8]},
								"south": {"uv": [0, 0], "uv_size": [1.5, 8]},
								"west": {"uv": [0, 0], "uv_size": [1.5, 8]},
								"up": {"uv": [1.5, 1.5], "uv_size": [-1.5, -1.5]},
								"down": {"uv": [1.5, 1.5], "uv_size": [-1.5, -1.5]}
							}
						}
					]
				},
				{
					"name": "North",
					"pivot": [0, 0, -4],
					"rotation": [0, 90, 0],
					"cubes": [
						{
							"origin": [-3, 3, -4.5],
							"size": [6, 2, 1],
							"uv": {
								"north": {"uv": [0, 0], "uv_size": [3, 1]},
								"south": {"uv": [0, 0], "uv_size": [3, 1]},
								"west": {"uv": [0, 0], "uv_size": [0.5, 1]},
								"up": {"uv": [3, 0.5], "uv_size": [-3, -0.5]},
								"down": {"uv": [3, 0.5], "uv_size": [-3, -0.5]}
							}
						},
						{
							"origin": [-3, 11, -4.5],
							"size": [6, 2, 1],
							"uv": {
								"north": {"uv": [0, 0], "uv_size": [3, 1]},
								"south": {"uv": [0, 0], "uv_size": [3, 1]},
								"west": {"uv": [0, 0], "uv_size": [0.5, 1]},
								"up": {"uv": [3, 0.5], "uv_size": [-3, -0.5]},
								"down": {"uv": [3, 0.5], "uv_size": [-3, -0.5]}
							}
						},
						{
							"origin": [-1, 0, -4.7],
							"size": [2, 15, 1.4],
							"uv": {
								"north": {"uv": [0, 0], "uv_size": [1, 8]},
								"east": {"uv": [0, 0], "uv_size": [0.7, 8]},
								"south": {"uv": [0, 0], "uv_size": [1, 8]},
								"west": {"uv": [0, 0], "uv_size": [0.7, 8]},
								"up": {"uv": [1, 0.7], "uv_size": [-1, -0.7]},
								"down": {"uv": [1, 0.7], "uv_size": [-1, -0.7]}
							}
						},
						{
							"origin": [3, 0, -4.7],
							"size": [1, 16, 1.4],
							"uv": {
								"north": {"uv": [0, 0], "uv_size": [0.5, 8]},
								"east": {"uv": [0, 0], "uv_size": [0.7, 8]},
								"south": {"uv": [0, 0], "uv_size": [0.5, 8]},
								"up": {"uv": [0.5, 0.7], "uv_size": [-0.5, -0.7]},
								"down": {"uv": [0.5, 0.7], "uv_size": [-0.5, -0.7]}
							}
						}
					]
				},
				{
					"name": "South",
					"pivot": [0, 0, 0],
					"rotation": [0, -90, 0],
					"cubes": [
						{
							"origin": [1, 3, -0.5],
							"size": [6, 2, 1],
							"uv": {
								"north": {"uv": [0, 0], "uv_size": [3, 1]},
								"south": {"uv": [0, 0], "uv_size": [3, 1]},
								"west": {"uv": [0, 0], "uv_size": [0.5, 1]},
								"up": {"uv": [3, 0.5], "uv_size": [-3, -0.5]},
								"down": {"uv": [3, 0.5], "uv_size": [-3, -0.5]}
							}
						},
						{
							"origin": [1, 11, -0.5],
							"size": [6, 2, 1],
							"uv": {
								"north": {"uv": [0, 0], "uv_size": [3, 1]},
								"south": {"uv": [0, 0], "uv_size": [3, 1]},
								"west": {"uv": [0, 0], "uv_size": [0.5, 1]},
								"up": {"uv": [3, 0.5], "uv_size": [-3, -0.5]},
								"down": {"uv": [3, 0.5], "uv_size": [-3, -0.5]}
							}
						},
						{
							"origin": [3, 0, -0.7],
							"size": [2, 15, 1.4],
							"uv": {
								"north": {"uv": [0, 0], "uv_size": [1, 8]},
								"east": {"uv": [0, 0], "uv_size": [0.7, 8]},
								"south": {"uv": [0, 0], "uv_size": [1, 8]},
								"west": {"uv": [0, 0], "uv_size": [0.7, 8]},
								"up": {"uv": [1, 0.7], "uv_size": [-1, -0.7]},
								"down": {"uv": [1, 0.7], "uv_size": [-1, -0.7]}
							}
						},
						{
							"origin": [7, 0, -0.7],
							"size": [1, 16, 1.4],
							"uv": {
								"north": {"uv": [0, 0], "uv_size": [0.5, 8]},
								"east": {"uv": [0, 0], "uv_size": [0.7, 8]},
								"south": {"uv": [0, 0], "uv_size": [0.5, 8]},
								"up": {"uv": [0.5, 0.7], "uv_size": [-0.5, -0.7]},
								"down": {"uv": [0.5, 0.7], "uv_size": [-0.5, -0.7]}
							}
						}
					]
				},
				{
					"name": "East",
					"pivot": [0, 0, 0],
					"rotation": [0, 180, 0],
					"cubes": [
						{
							"origin": [1, 3, -0.5],
							"size": [6, 2, 1],
							"uv": {
								"north": {"uv": [0, 0], "uv_size": [3, 1]},
								"south": {"uv": [0, 0], "uv_size": [3, 1]},
								"west": {"uv": [0, 0], "uv_size": [0.5, 1]},
								"up": {"uv": [3, 0.5], "uv_size": [-3, -0.5]},
								"down": {"uv": [3, 0.5], "uv_size": [-3, -0.5]}
							}
						},
						{
							"origin": [1, 11, -0.5],
							"size": [6, 2, 1],
							"uv": {
								"north": {"uv": [0, 0], "uv_size": [3, 1]},
								"south": {"uv": [0, 0], "uv_size": [3, 1]},
								"west": {"uv": [0, 0], "uv_size": [0.5, 1]},
								"up": {"uv": [3, 0.5], "uv_size": [-3, -0.5]},
								"down": {"uv": [3, 0.5], "uv_size": [-3, -0.5]}
							}
						},
						{
							"origin": [3, 0, -0.7],
							"size": [2, 15, 1.4],
							"uv": {
								"north": {"uv": [0, 0], "uv_size": [1, 8]},
								"east": {"uv": [0, 0], "uv_size": [0.7, 8]},
								"south": {"uv": [0, 0], "uv_size": [1, 8]},
								"west": {"uv": [0, 0], "uv_size": [0.7, 8]},
								"up": {"uv": [1, 0.7], "uv_size": [-1, -0.7]},
								"down": {"uv": [1, 0.7], "uv_size": [-1, -0.7]}
							}
						},
						{
							"origin": [7, 0, -0.7],
							"size": [1, 16, 1.4],
							"uv": {
								"north": {"uv": [0, 0], "uv_size": [0.5, 8]},
								"east": {"uv": [0, 0], "uv_size": [0.7, 8]},
								"south": {"uv": [0, 0], "uv_size": [0.5, 8]},
								"up": {"uv": [0.5, 0.7], "uv_size": [-0.5, -0.7]},
								"down": {"uv": [0.5, 0.7], "uv_size": [-0.5, -0.7]}
							}
						}
					]
				},
				{
					"name": "West",
					"pivot": [0, 0, 0],
					"cubes": [
						{
							"origin": [7, 0, -0.7],
							"size": [1, 16, 1.4],
							"uv": {
								"north": {"uv": [0, 0], "uv_size": [0.5, 8]},
								"east": {"uv": [0, 0], "uv_size": [0.7, 8]},
								"south": {"uv": [0, 0], "uv_size": [0.5, 8]},
								"up": {"uv": [0.5, 0.7], "uv_size": [-0.5, -0.7]},
								"down": {"uv": [0.5, 0.7], "uv_size": [-0.5, -0.7]}
							}
						},
						{
							"origin": [3, 0, -0.7],
							"size": [2, 15, 1.4],
							"uv": {
								"north": {"uv": [0, 0], "uv_size": [1, 8]},
								"east": {"uv": [0, 0], "uv_size": [0.7, 8]},
								"south": {"uv": [0, 0], "uv_size": [1, 8]},
								"west": {"uv": [0, 0], "uv_size": [0.7, 8]},
								"up": {"uv": [1, 0.7], "uv_size": [-1, -0.7]},
								"down": {"uv": [1, 0.7], "uv_size": [-1, -0.7]}
							}
						},
						{
							"origin": [1, 11, -0.5],
							"size": [6, 2, 1],
							"uv": {
								"north": {"uv": [0, 0], "uv_size": [3, 1]},
								"south": {"uv": [0, 0], "uv_size": [3, 1]},
								"west": {"uv": [0, 0], "uv_size": [0.5, 1]},
								"up": {"uv": [3, 0.5], "uv_size": [-3, -0.5]},
								"down": {"uv": [3, 0.5], "uv_size": [-3, -0.5]}
							}
						},
						{
							"origin": [1, 3, -0.5],
							"size": [6, 2, 1],
							"uv": {
								"north": {"uv": [0, 0], "uv_size": [3, 1]},
								"south": {"uv": [0, 0], "uv_size": [3, 1]},
								"west": {"uv": [0, 0], "uv_size": [0.5, 1]},
								"up": {"uv": [3, 0.5], "uv_size": [-3, -0.5]},
								"down": {"uv": [3, 0.5], "uv_size": [-3, -0.5]}
							}
						}
					]
				},
				{
					"name": "Visibility",
					"pivot": [0, 0, 0],
					"rotation": [0, -90, 0],
					"cubes": [
						{
							"origin": [-8.5, 0, -1.5],
							"size": [3, 16, 3],
							"uv": {
								"north": {"uv": [0, 0], "uv_size": [1.5, 8]},
								"east": {"uv": [0, 0], "uv_size": [1.5, 8]},
								"south": {"uv": [0, 0], "uv_size": [1.5, 8]},
								"west": {"uv": [0, 0], "uv_size": [1.5, 8]},
								"up": {"uv": [1.5, 1.5], "uv_size": [-1.5, -1.5]},
								"down": {"uv": [1.5, 1.5], "uv_size": [-1.5, -1.5]}
							}
						},
						{
							"origin": [1, 3, -0.5],
							"size": [6, 2, 1],
							"uv": {
								"north": {"uv": [0, 0], "uv_size": [3, 1]},
								"south": {"uv": [0, 0], "uv_size": [3, 1]},
								"west": {"uv": [0, 0], "uv_size": [0.5, 1]},
								"up": {"uv": [3, 0.5], "uv_size": [-3, -0.5]},
								"down": {"uv": [3, 0.5], "uv_size": [-3, -0.5]}
							}
						},
						{
							"origin": [-7, 3, -0.5],
							"size": [6, 2, 1],
							"uv": {
								"north": {"uv": [0, 0], "uv_size": [3, 1]},
								"south": {"uv": [0, 0], "uv_size": [3, 1]},
								"west": {"uv": [0, 0], "uv_size": [0.5, 1]},
								"up": {"uv": [3, 0.5], "uv_size": [-3, -0.5]},
								"down": {"uv": [3, 0.5], "uv_size": [-3, -0.5]}
							}
						},
						{
							"origin": [5.5, 0, -1.5],
							"size": [3, 16, 3],
							"uv": {
								"north": {"uv": [0, 0], "uv_size": [1.5, 8]},
								"east": {"uv": [0, 0], "uv_size": [1.5, 8]},
								"south": {"uv": [0, 0], "uv_size": [1.5, 8]},
								"west": {"uv": [0, 0], "uv_size": [1.5, 8]},
								"up": {"uv": [1.5, 1.5], "uv_size": [-1.5, -1.5]},
								"down": {"uv": [1.5, 1.5], "uv_size": [-1.5, -1.5]}
							}
						},
						{
							"origin": [-1, 0, -0.7],
							"size": [2, 15, 1.4],
							"uv": {
								"north": {"uv": [0, 0], "uv_size": [1, 8]},
								"east": {"uv": [0, 0], "uv_size": [0.7, 8]},
								"south": {"uv": [0, 0], "uv_size": [1, 8]},
								"west": {"uv": [0, 0], "uv_size": [0.7, 8]},
								"up": {"uv": [1, 0.7], "uv_size": [-1, -0.7]},
								"down": {"uv": [1, 0.7], "uv_size": [-1, -0.7]}
							}
						},
						{
							"origin": [1, 11, -0.5],
							"size": [6, 2, 1],
							"uv": {
								"north": {"uv": [0, 0], "uv_size": [3, 1]},
								"south": {"uv": [0, 0], "uv_size": [3, 1]},
								"west": {"uv": [0, 0], "uv_size": [0.5, 1]},
								"up": {"uv": [3, 0.5], "uv_size": [-3, -0.5]},
								"down": {"uv": [3, 0.5], "uv_size": [-3, -0.5]}
							}
						},
						{
							"origin": [-6, 11, -0.5],
							"size": [6, 2, 1],
							"uv": {
								"north": {"uv": [0, 0], "uv_size": [3, 1]},
								"south": {"uv": [0, 0], "uv_size": [3, 1]},
								"west": {"uv": [0, 0], "uv_size": [0.5, 1]},
								"up": {"uv": [3, 0.5], "uv_size": [-3, -0.5]},
								"down": {"uv": [3, 0.5], "uv_size": [-3, -0.5]}
							}
						}
					]
				}
			]
		}
	]
}