{
	"format_version": "1.12.0",
	"minecraft:geometry": [
		{
			"description": {
				"identifier": "geometry.wreath",
				"texture_width": 32,
				"texture_height": 32,
				"visible_bounds_width": 3,
				"visible_bounds_height": 2.5,
				"visible_bounds_offset": [0, 0.75, 0]
			},
			"bones": [
				{
					"name": "bb_main",
					"pivot": [0, 0, 0],
					"cubes": [
						{
							"origin": [-2.5, 2, -8],
							"size": [5, 3, 3],
							"pivot": [0, 0, 0],
							"rotation": [-180, 0, 180],
							"uv": {
								"north": {"uv": [0, 0], "uv_size": [5, 3]},
								"east": {"uv": [0, 0], "uv_size": [3, 3]},
								"south": {"uv": [0, 0], "uv_size": [5, 3]},
								"west": {"uv": [0, 0], "uv_size": [3, 3]},
								"up": {"uv": [5, 3], "uv_size": [-5, -3]},
								"down": {"uv": [5, 3], "uv_size": [-5, -3]}
							}
						},
						{
							"origin": [-8.18198, -0.35355, -7.99],
							"size": [5, 3, 2.98],
							"pivot": [0, 0, 0],
							"rotation": [180, 0, 135],
							"uv": {
								"north": {"uv": [0, 0], "uv_size": [5, 3]},
								"east": {"uv": [0, 0], "uv_size": [3, 3]},
								"south": {"uv": [8, 3], "uv_size": [5, 3]},
								"west": {"uv": [0, 0], "uv_size": [3, 3]},
								"up": {"uv": [5, 3], "uv_size": [-5, -3]},
								"down": {"uv": [5, 3], "uv_size": [-5, -3]}
							}
						},
						{
							"origin": [3.18198, -0.35355, -7.99],
							"size": [5, 3, 2.98],
							"pivot": [0, 0, 0],
							"rotation": [-180, 0, -135],
							"uv": {
								"north": {"uv": [0, 0], "uv_size": [5, 3]},
								"east": {"uv": [0, 0], "uv_size": [3, 3]},
								"south": {"uv": [8, 1], "uv_size": [5, 3]},
								"west": {"uv": [0, 0], "uv_size": [3, 3]},
								"up": {"uv": [5, 3], "uv_size": [-5, -3]},
								"down": {"uv": [5, 3], "uv_size": [-5, -3]}
							}
						},
						{
							"origin": [-2.5, 11, -8],
							"size": [5, 3, 3],
							"pivot": [0, 0, 0],
							"rotation": [-180, 0, 180],
							"uv": {
								"north": {"uv": [0, 0], "uv_size": [5, 3]},
								"east": {"uv": [0, 0], "uv_size": [3, 3]},
								"south": {"uv": [0, 0], "uv_size": [5, 3]},
								"west": {"uv": [0, 0], "uv_size": [3, 3]},
								"up": {"uv": [5, 3], "uv_size": [-5, -3]},
								"down": {"uv": [5, 3], "uv_size": [-5, -3]}
							}
						},
						{
							"origin": [3, 5.5, -8],
							"size": [3, 5, 3],
							"pivot": [0, 0, 0],
							"rotation": [-180, 0, 180],
							"uv": {
								"north": {"uv": [0, 0], "uv_size": [3, 5]},
								"east": {"uv": [0, 0], "uv_size": [3, 5]},
								"south": {"uv": [8, 8], "uv_size": [3, 5]},
								"west": {"uv": [0, 0], "uv_size": [3, 5]},
								"up": {"uv": [3, 3], "uv_size": [-3, -3]},
								"down": {"uv": [3, 3], "uv_size": [-3, -3]}
							}
						},
						{
							"origin": [-8.13173, 8.66726, -7.99],
							"size": [5, 3, 2.98],
							"pivot": [0, 0, 0],
							"rotation": [180, 0, 135],
							"uv": {
								"north": {"uv": [0, 0], "uv_size": [5, 3]},
								"east": {"uv": [0, 0], "uv_size": [3, 3]},
								"south": {"uv": [0, 0], "uv_size": [5, 3]},
								"west": {"uv": [0, 0], "uv_size": [3, 3]},
								"up": {"uv": [5, 3], "uv_size": [-5, -3]},
								"down": {"uv": [5, 3], "uv_size": [-5, -3]}
							}
						},
						{
							"origin": [-6, 5.5, -8],
							"size": [3, 5, 3],
							"pivot": [0, 0, 0],
							"rotation": [-180, 0, 180],
							"uv": {
								"north": {"uv": [0, 0], "uv_size": [3, 5]},
								"east": {"uv": [0, 0], "uv_size": [3, 5]},
								"south": {"uv": [4, 5], "uv_size": [3, 5]},
								"west": {"uv": [0, 0], "uv_size": [3, 5]},
								"up": {"uv": [3, 3], "uv_size": [-3, -3]},
								"down": {"uv": [3, 3], "uv_size": [-3, -3]}
							}
						},
						{
							"origin": [3.13173, 8.66726, -7.99],
							"size": [5, 3, 2.98],
							"pivot": [0, 0, 0],
							"rotation": [-180, 0, -135],
							"uv": {
								"north": {"uv": [0, 0], "uv_size": [5, 3]},
								"east": {"uv": [0, 0], "uv_size": [3, 3]},
								"south": {"uv": [0, 0], "uv_size": [5, 3]},
								"west": {"uv": [0, 0], "uv_size": [9, -14]},
								"up": {"uv": [5, 3], "uv_size": [-5, -3]},
								"down": {"uv": [5, 3], "uv_size": [-5, -3]}
							}
						},
						{
							"origin": [4.5, 7.5, -5.5],
							"size": [1, 1, 1],
							"pivot": [0, 0, 0],
							"rotation": [-180, 0, 180],
							"uv": {
								"north": {"uv": [26, 20], "uv_size": [1, 1]},
								"east": {"uv": [25, 19], "uv_size": [1, 1]},
								"south": {"uv": [26, 20], "uv_size": [1, 1]},
								"west": {"uv": [25, 19], "uv_size": [1, 1]},
								"up": {"uv": [26, 20], "uv_size": [-1, -1]},
								"down": {"uv": [26, 20], "uv_size": [-1, -1]}
							}
						},
						{
							"origin": [3.5, 10, -5.5],
							"size": [1, 1, 1],
							"pivot": [0, 0, 0],
							"rotation": [-180, 0, 180],
							"uv": {
								"north": {"uv": [22, 20], "uv_size": [1, 1]},
								"east": {"uv": [21, 19], "uv_size": [1, 1]},
								"south": {"uv": [22, 20], "uv_size": [1, 1]},
								"west": {"uv": [21, 19], "uv_size": [1, 1]},
								"up": {"uv": [22, 20], "uv_size": [-1, -1]},
								"down": {"uv": [22, 20], "uv_size": [-1, -1]}
							}
						},
						{
							"origin": [1.5, 11.5, -5.5],
							"size": [1, 1, 1],
							"pivot": [0, 0, 0],
							"rotation": [-180, 0, 180],
							"uv": {
								"north": {"uv": [26, 20], "uv_size": [1, 1]},
								"east": {"uv": [25, 19], "uv_size": [1, 1]},
								"south": {"uv": [26, 20], "uv_size": [1, 1]},
								"west": {"uv": [25, 19], "uv_size": [1, 1]},
								"up": {"uv": [26, 20], "uv_size": [-1, -1]},
								"down": {"uv": [26, 20], "uv_size": [-1, -1]}
							}
						},
						{
							"origin": [-1, 12.5, -5.5],
							"size": [1, 1, 1],
							"pivot": [0, 0, 0],
							"rotation": [-180, 0, 180],
							"uv": {
								"north": {"uv": [22, 20], "uv_size": [1, 1]},
								"east": {"uv": [21, 19], "uv_size": [1, 1]},
								"south": {"uv": [22, 20], "uv_size": [1, 1]},
								"west": {"uv": [21, 19], "uv_size": [1, 1]},
								"up": {"uv": [22, 20], "uv_size": [-1, -1]},
								"down": {"uv": [22, 20], "uv_size": [-1, -1]}
							}
						},
						{
							"origin": [-3, 11.5, -5.5],
							"size": [1, 1, 1],
							"pivot": [0, 0, 0],
							"rotation": [-180, 0, 180],
							"uv": {
								"north": {"uv": [26, 20], "uv_size": [1, 1]},
								"east": {"uv": [25, 19], "uv_size": [1, 1]},
								"south": {"uv": [26, 20], "uv_size": [1, 1]},
								"west": {"uv": [25, 19], "uv_size": [1, 1]},
								"up": {"uv": [26, 20], "uv_size": [-1, -1]},
								"down": {"uv": [26, 20], "uv_size": [-1, -1]}
							}
						},
						{
							"origin": [-5, 10, -5.5],
							"size": [1, 1, 1],
							"pivot": [0, 0, 0],
							"rotation": [-180, 0, 180],
							"uv": {
								"north": {"uv": [22, 20], "uv_size": [1, 1]},
								"east": {"uv": [21, 19], "uv_size": [1, 1]},
								"south": {"uv": [22, 20], "uv_size": [1, 1]},
								"west": {"uv": [21, 19], "uv_size": [1, 1]},
								"up": {"uv": [22, 20], "uv_size": [-1, -1]},
								"down": {"uv": [22, 20], "uv_size": [-1, -1]}
							}
						},
						{
							"origin": [-5.5, 7, -5.5],
							"size": [1, 1, 1],
							"pivot": [0, 0, 0],
							"rotation": [-180, 0, 180],
							"uv": {
								"north": {"uv": [22, 20], "uv_size": [1, 1]},
								"east": {"uv": [21, 19], "uv_size": [1, 1]},
								"south": {"uv": [22, 20], "uv_size": [1, 1]},
								"west": {"uv": [21, 19], "uv_size": [1, 1]},
								"up": {"uv": [22, 20], "uv_size": [-1, -1]},
								"down": {"uv": [22, 20], "uv_size": [-1, -1]}
							}
						},
						{
							"origin": [-3.5, 4, -5.5],
							"size": [1, 1, 1],
							"pivot": [0, 0, 0],
							"rotation": [-180, 0, 180],
							"uv": {
								"north": {"uv": [26, 20], "uv_size": [1, 1]},
								"east": {"uv": [25, 19], "uv_size": [1, 1]},
								"south": {"uv": [26, 20], "uv_size": [1, 1]},
								"west": {"uv": [25, 19], "uv_size": [1, 1]},
								"up": {"uv": [26, 20], "uv_size": [-1, -1]},
								"down": {"uv": [26, 20], "uv_size": [-1, -1]}
							}
						},
						{
							"origin": [-1, 3, -5.5],
							"size": [1, 1, 1],
							"pivot": [0, 0, 0],
							"rotation": [-180, 0, 180],
							"uv": {
								"north": {"uv": [22, 20], "uv_size": [1, 1]},
								"east": {"uv": [21, 19], "uv_size": [1, 1]},
								"south": {"uv": [22, 20], "uv_size": [1, 1]},
								"west": {"uv": [21, 19], "uv_size": [1, 1]},
								"up": {"uv": [22, 20], "uv_size": [-1, -1]},
								"down": {"uv": [22, 20], "uv_size": [-1, -1]}
							}
						},
						{
							"origin": [2, 3.5, -5.5],
							"size": [1, 1, 1],
							"pivot": [0, 0, 0],
							"rotation": [-180, 0, 180],
							"uv": {
								"north": {"uv": [26, 20], "uv_size": [1, 1]},
								"east": {"uv": [25, 19], "uv_size": [1, 1]},
								"south": {"uv": [26, 20], "uv_size": [1, 1]},
								"west": {"uv": [25, 19], "uv_size": [1, 1]},
								"up": {"uv": [26, 20], "uv_size": [-1, -1]},
								"down": {"uv": [26, 20], "uv_size": [-1, -1]}
							}
						},
						{
							"origin": [4, 5.5, -5.5],
							"size": [1, 1, 1],
							"pivot": [0, 0, 0],
							"rotation": [-180, 0, 180],
							"uv": {
								"north": {"uv": [22, 20], "uv_size": [1, 1]},
								"east": {"uv": [21, 19], "uv_size": [1, 1]},
								"south": {"uv": [22, 20], "uv_size": [1, 1]},
								"west": {"uv": [21, 19], "uv_size": [1, 1]},
								"up": {"uv": [22, 20], "uv_size": [-1, -1]},
								"down": {"uv": [22, 20], "uv_size": [-1, -1]}
							}
						}
					]
				}
			]
		}
	]
}