{
	"format_version": "1.8.0",
	"animations": {
		"animation.pochita.attack": {
			"animation_length": 0.95833,
			"override_previous_animation": true,
			"bones": {
				"root": {
					"position": {
						"0.0": [0, -2, 0],
						"0.125": [0, -2, 5],
						"0.375": [0, -2, 5],
						"0.4583": [0, -2, -4]
					},
					"scale": {
						"0.0": [1, 1, 1],
						"0.125": [1, 1, 1.2],
						"0.4583": [1, 1, 1.2],
						"0.5": [1, 1, 0.6],
						"0.5833": [1, 1, 1]
					}
				},
				"lengua": {
					"position": [0, 0, 3]
				},
				"torsoandhead": {
					"rotation": [25, 0, 0],
					"position": [0, 4, 1]
				},
				"saw": {
					"position": {
						"0.0": [0, 0, 0],
						"0.125": [0, 1, -4],
						"0.1667": [0, 1, -4],
						"0.2083": [-1, -1, 0],
						"0.25": [0, 0, 0],
						"0.2917": [1, -1, 0],
						"0.3333": [0, 0, 0],
						"0.375": [0, 0, 0],
						"0.4167": [0, -1, 0],
						"0.4583": [-1, 1, -4],
						"0.5": [0, 2, -5],
						"0.5417": [1, -1, 0],
						"0.5833": [0, 2, -4],
						"0.625": [0, 0, 0],
						"0.6667": [0, -1, 0],
						"0.7083": [-1, -1, 0],
						"0.75": [0, 0, 0],
						"0.7917": [1, -1, 0],
						"0.8333": [0, 0, 0]
					}
				},
				"bone": {
					"rotation": {
						"0.0": [0, 0, 0],
						"0.125": [-37.5, 0, 0],
						"0.375": [-37.5, 0, 0],
						"0.4583": [22.5, 0, 0],
						"0.625": [57.5, 0, 0],
						"0.7083": [-30, 0, 0],
						"0.7917": [0, 0, 0],
						"0.875": [-30, 0, 0]
					}
				},
				"tail": {
					"position": {
						"0.0": [0, 0, 0],
						"0.375": [0, 0, 0],
						"0.4583": [0, 0.7, -6],
						"0.5417": [0, 0.7, -5.7],
						"0.625": [0, 0, 0]
					},
					"scale": {
						"0.0": [1, 1, 1],
						"0.1667": [1, 1, 2],
						"0.4583": [1, 1, 1]
					}
				},
				"bone4": {
					"rotation": {
						"0.0": [0, 0, 65],
						"0.125": [-45, 0, 65],
						"0.2917": [-45, 0, 65],
						"0.4583": [42.5, 0, 65],
						"0.5417": [0, 0, 65]
					}
				},
				"bone3": {
					"rotation": {
						"0.0": [0, 0, -65],
						"0.125": [-40, 0, -65],
						"0.2917": [-40, 0, -65],
						"0.4583": [45, 0, -65],
						"0.5417": [0, 0, -65]
					}
				},
				"bone6": {
					"rotation": {
						"0.0": [0, 0, 72.5],
						"0.125": [-37.52495, -14.92833, 77.71432],
						"0.2917": [-37.52495, -14.92833, 77.71432],
						"0.4583": [35, 0, 72.5],
						"0.5417": [0, 0, 72.5]
					}
				},
				"bone5": {
					"rotation": {
						"0.0": [0, 0, -70],
						"0.125": [-31.81263, 11.94646, -74.26165],
						"0.2917": [-31.81263, 11.94646, -74.26165],
						"0.4583": [45, 0, -70],
						"0.5417": [0, 0, -70]
					}
				},
				"eyes": {
					"rotation": {
						"0.375": [0, 0, 0],
						"0.6667": [0, 0, 0]
					},
					"position": {
						"0.375": [0, 0, 0],
						"0.4583": [0, 0, 2],
						"0.6667": [0, 0, 0]
					},
					"scale": {
						"0.375": [1, 1, 1],
						"0.4583": [0.4, 1, 1],
						"0.6667": [1, 1, 1]
					}
				},
				"mouth": {
					"position": [0, 0.25, -0.975]
				}
			}
		},
		"animation.pochita.idle": {
			"loop": true,
			"animation_length": 1.5,
			"bones": {
				"lengua": {
					"scale": {
						"0.0": [1, 0.5, 1],
						"0.125": [1, 1, 1],
						"0.25": [1, 0.5, 1],
						"0.375": [1, 1, 1],
						"0.5": [1, 0.5, 1],
						"0.625": [1, 1, 1],
						"0.75": [1, 0.5, 1],
						"0.875": [1, 1, 1],
						"1.0": [1, 0.5, 1],
						"1.125": [1, 1, 1],
						"1.25": [1, 0.5, 1],
						"1.375": [1, 1, 1],
						"1.5": [1, 0.5, 1]
					}
				},
				"bone": {
					"rotation": {
						"0.0": [0, 0, 0],
						"0.125": [-15, 0, 0],
						"0.25": [0, 0, 0],
						"0.375": [-15, 0, 0],
						"0.5": [0, 0, 0],
						"0.625": [-15, 0, 0],
						"0.75": [0, 0, 0],
						"0.875": [-15, 0, 0],
						"1.0": [0, 0, 0],
						"1.125": [-15, 0, 0],
						"1.25": [0, 0, 0],
						"1.375": [-15, 0, 0],
						"1.5": [0, 0, 0]
					}
				},
				"bone4": {
					"rotation": [0, 35, 0],
					"position": [0, 0, 0]
				},
				"bone3": {
					"rotation": [0, -27.5, 0],
					"position": [0, 0, 0]
				},
				"bone6": {
					"rotation": [0, 25, 0]
				},
				"bone5": {
					"rotation": [0, -27.5, 0],
					"position": [0, 0, 0]
				},
				"tail": {
					"rotation": {
						"0.0": [0, -22.5, 0],
						"0.125": [0, 25, 0],
						"0.25": [0, -22.5, 0],
						"0.375": [0, 25, 0],
						"0.5": [0, -22.5, 0],
						"0.625": [0, 25, 0],
						"0.75": [0, -22.5, 0],
						"0.875": [0, 25, 0],
						"1.0": [0, -22.5, 0],
						"1.125": [0, 25, 0],
						"1.25": [0, -22.5, 0],
						"1.375": [0, 25, 0],
						"1.5": [0, -22.5, 0]
					}
				},
				"root": {
					"rotation": [0, 0, 0],
					"position": [0, 0, 0],
					"scale": {
						"0.0": [1, 1, 1],
						"0.125": [1, 0.9, 1],
						"0.25": [1, 1, 1],
						"0.375": [1, 0.9, 1],
						"0.5": [1, 1, 1],
						"0.625": [1, 0.9, 1],
						"0.75": [1, 1, 1],
						"0.875": [1, 0.9, 1],
						"1.0": [1, 1, 1],
						"1.125": [1, 0.9, 1],
						"1.25": [1, 1, 1],
						"1.375": [1, 0.9, 1],
						"1.5": [1, 1, 1]
					}
				},
				"torsoandhead": {
					"rotation": [0, 0, 0],
					"position": [0, 0, 0]
				},
				"bone7": {
					"position": [0, 0, 1]
				},
				"eyes": {
					"rotation": [0, 0, 0],
					"position": {
						"0.25": [0, 0, 0],
						"0.3333": [0, -0.5, 0],
						"0.4167": [0, -0.5, 1],
						"0.5833": [0, 0, 0]
					},
					"scale": {
						"0.25": [1, 1, 1],
						"0.3333": [1, 0.4, 1],
						"0.4167": [0.8, 0.4, 1],
						"0.5833": [1, 1, 1]
					}
				}
			}
		},
		"animation.pochita.run": {
			"loop": true,
			"animation_length": 0.5,
			"bones": {
				"root": {
					"rotation": {
						"0.0": [30, 0, 0],
						"0.0833": [30, 0, 0],
						"0.125": [-0.59, 0, 0],
						"0.25": [-15.59, 0, 0],
						"0.375": [7.5, 0, 0],
						"0.5": [30, 0, 0]
					},
					"position": {
						"0.0": [0, 4, 0],
						"0.125": [0, 0, -3],
						"0.25": [0, 2.18, 0],
						"0.375": [0, 4, 0]
					},
					"scale": {
						"0.0417": [1, 1, 1],
						"0.125": [1, 0.8, 1],
						"0.2083": [1, 1, 1],
						"0.375": [1, 1, 1.5],
						"0.4583": [1, 1, 1]
					}
				},
				"torsoandhead": {
					"scale": [1, 0.8, 1]
				},
				"bone": {
					"rotation": {
						"0.0": [-25, 0, 0],
						"0.125": [-25, 0, 0],
						"0.25": [52.5, 0, 0],
						"0.375": [52.5, 0, 0],
						"0.5": [-25, 0, 0]
					}
				},
				"tail": {
					"rotation": {
						"0.0": [32.5, 0, 0],
						"0.125": [32.5, 0, 0],
						"0.25": [-17.5, 0, 0],
						"0.375": [-17.5, 0, 0],
						"0.5": [32.5, 0, 0]
					}
				},
				"bone4": {
					"rotation": {
						"0.0": [-75, 0, 0],
						"0.125": [-30, 0, 0],
						"0.25": [47.5, 0, 0],
						"0.375": [-75, 0, 0]
					},
					"position": {
						"0.0": [0, 0, 0],
						"0.375": [0, 0, 0]
					}
				},
				"bone3": {
					"rotation": {
						"0.0": [-75, 0, 0],
						"0.125": [-30, 0, 0],
						"0.25": [47.5, 0, 0],
						"0.375": [-75, 0, 0]
					},
					"position": {
						"0.0": [0, 0, 0],
						"0.375": [0, 0, 0]
					}
				},
				"bone6": {
					"rotation": {
						"0.0": [60, 0, 0],
						"0.125": [10, 0, 0],
						"0.25": [-50, 0, 0],
						"0.375": [60, 0, 0]
					}
				},
				"bone5": {
					"rotation": {
						"0.0": [60, 0, 0],
						"0.125": [10, 0, 0],
						"0.25": [-50, 0, 0],
						"0.375": [60, 0, 0]
					}
				}
			}
		},
		"animation.pochita.sit": {
			"loop": "hold_on_last_frame",
			"animation_length": 1.25,
			"bones": {
				"root": {
					"rotation": {
						"0.0": [0, 0, 0],
						"0.5833": [-35.3335, -13.47157, -18.19144],
						"0.7083": [-52.5, 0, -90]
					},
					"position": {
						"0.0": [0, 0, 0],
						"0.5833": [0, 5, 0],
						"0.7083": [9, 2.5, -5],
						"0.7917": [5, 6.5, 0]
					},
					"scale": {
						"0.0": [1, 1, 1],
						"0.5833": [1, 1, 1],
						"0.7083": [0.4, 1.6, 1.6],
						"0.7917": [1, 1, 1]
					}
				},
				"bone": {
					"rotation": {
						"0.0": [-37.5, 0, 0],
						"0.2917": [-37.5, 0, 0],
						"0.5833": [-45, 0, 0]
					}
				},
				"bone4": {
					"rotation": {
						"0.0": [0, 35, 0],
						"0.5833": [50, 35, 0],
						"0.7083": [-32.89913, 12.67956, -71.25773],
						"1.0": [-1.74942, 34.96182, -3.05099]
					},
					"position": {
						"0.0": [0, 0, 0],
						"0.5833": [0, 0, 0]
					}
				},
				"bone3": {
					"rotation": {
						"0.0": [0, -27.5, 0],
						"0.5833": [62.5, -27.5, 0],
						"0.7083": [-27.72579, -33.60134, -46.47721],
						"1.0": [-32.94098, 28.53623, 36.40051]
					},
					"position": {
						"0.0": [0, 0, 0],
						"0.5833": [0, 0, 0],
						"0.7083": [0.7, 1.3, -0.5],
						"1.0": [0.7, 1.3, -0.5]
					}
				},
				"bone6": {
					"rotation": {
						"0.0": [0, 25, 0],
						"0.5833": [0, 25, 0],
						"0.7083": [-20.30179, 14.90835, -55.18392],
						"1.0": [0, 25, 0]
					}
				},
				"bone5": {
					"rotation": {
						"0.0": [0, -27.5, 0],
						"0.5833": [57.5, -27.5, 0],
						"0.7083": [-14.7968, -38.57535, -7.42828],
						"1.0": [-40.86638, 1.80364, 61.69613]
					},
					"position": {
						"0.0": [0, 0, 0],
						"0.5833": [0, 0, 0],
						"0.7083": [1.2, -0.1, 0.3],
						"1.0": [1.2, -0.1, 0.3]
					}
				},
				"lengua": {
					"position": {
						"0.0": [0, 0, 0],
						"0.625": [0, 0, 0],
						"0.7083": [0, 2, 3]
					}
				},
				"torsoandhead": {
					"rotation": [0, 0, 0],
					"position": [0, 0, 0]
				},
				"tail": {
					"rotation": {
						"0.0": [0, 0, 0],
						"0.5833": [-55.49731, -21.63471, 28.20867],
						"0.7083": [-55.49731, -21.63471, 28.20867],
						"1.0": [-11.62869, 50.08903, 16.27331],
						"1.0833": [-8.97443, -33.99938, 30.29022],
						"1.125": [-7.86899, -19.15863, 27.84057],
						"1.1667": [-8.97443, -33.99938, 30.29022],
						"1.2083": [-8.50797, -29.05734, 29.39904],
						"1.25": [-8.97443, -33.99938, 30.29022]
					},
					"position": {
						"0.0": [0, 0, 0],
						"0.5833": [0, -0.7, 0]
					}
				},
				"eyes": {
					"rotation": {
						"0.0": [0, 0, 0],
						"0.5833": [0, 0, 0]
					},
					"position": {
						"0.0": [0, 0, 0],
						"0.5833": [0, -0.75, 0],
						"0.7083": [0, -0.75, 3]
					},
					"scale": {
						"0.0": [1, 1, 1],
						"0.5833": [1, 0.3, 1],
						"0.7083": [0.6, 0.1, 1]
					}
				},
				"mouth": {
					"position": {
						"0.0": [0, 2, 0.2],
						"0.7083": [0, 2, -0.8],
						"0.8333": [0, 0, -1]
					}
				}
			}
		},
		"animation.pochita.walk": {
			"loop": true,
			"animation_length": 0.5,
			"bones": {
				"root": {
					"rotation": {
						"0.0": [0, 0, 7.5],
						"0.125": [0, 0, 0],
						"0.25": [0, 0, -7.5],
						"0.375": [0, 0, 0],
						"0.5": [0, 0, 7.5]
					},
					"scale": {
						"0.0": [1, 0.8, 1],
						"0.125": [1, 1, 1],
						"0.25": [1, 0.8, 1],
						"0.375": [1, 1, 1],
						"0.5": [1, 0.8, 1]
					}
				},
				"lengua": {
					"position": [0, -2, 0]
				},
				"torsoandhead": {
					"rotation": [7.5, 0, 0]
				},
				"bone": {
					"rotation": {
						"0.0": [0, 0, 0],
						"0.125": [17.5, 0, 0],
						"0.25": [0, 0, 0],
						"0.375": [17.5, 0, 0],
						"0.5": [0, 0, 0]
					}
				},
				"bone4": {
					"rotation": {
						"0.0": [-35, 0, 0],
						"0.125": [0, 0, 0],
						"0.25": [52.5, 0, 0],
						"0.375": [0, 0, 0],
						"0.5": [-35, 0, 0]
					}
				},
				"bone3": {
					"rotation": {
						"0.0": [37.5, 0, 0],
						"0.125": [0, 0, 0],
						"0.25": [-45, 0, 0],
						"0.375": [0, 0, 0],
						"0.5": [37.5, 0, 0]
					}
				},
				"bone6": {
					"rotation": {
						"0.0": [40, 0, 0],
						"0.125": [0, 0, 0],
						"0.25": [-45, 0, 0],
						"0.375": [0, 0, 0],
						"0.5": [40, 0, 0]
					}
				},
				"bone5": {
					"rotation": {
						"0.0": [-35, 0, 0],
						"0.125": [0, 0, 0],
						"0.25": [52.5, 0, 0],
						"0.375": [0, 0, 0],
						"0.5": [-35, 0, 0]
					}
				}
			}
		}
	}
}