{
	"format_version": "1.8.0",
	"animations": {
		"animation.Sailoors.attack": {
			"loop": true,
			"animation_length": 1,
			"override_previous_animation": true,
			"bones": {
				"Sailoors": {
					"rotation": {
						"0.0": [0, 40, 0],
						"0.1667": [0, -37.5, 0],
						"0.5": [0, -37.5, 0],
						"0.6667": [0, 25, 0],
						"1.0": [0, 0, 0]
					},
					"position": [0, 0, 0],
					"scale": {
						"0.0": [1, 1, 1],
						"0.0833": [1, 1, 1.5],
						"0.1667": [1, 1, 1],
						"0.5": [1, 1, 1],
						"0.5833": [1, 1, 1.5],
						"0.6667": [1, 1, 1],
						"1.0": [1, 1, 1]
					}
				},
				"tail2": {
					"rotation": {
						"0.0": [0, 0, 0],
						"0.1667": [0, -62.5, 0],
						"0.5833": [0, -62.5, 0],
						"0.75": [0, 77.5, 0],
						"0.875": [0, 77.5, 0],
						"1.0": [0, 0, 0]
					}
				},
				"pata_izquierda2": {
					"rotation": {
						"0.0": [0, 0, 20],
						"0.1667": [0, 0, 20],
						"0.4583": [0, 0, 20],
						"0.5417": [0, 0, -17.5],
						"1.0": [0, 0, 0]
					}
				},
				"pata_derecha2": {
					"rotation": {
						"0.0": [0, 0, -20],
						"0.1667": [0, 0, 15],
						"0.4583": [0, 0, 15],
						"0.5417": [0, 0, -20],
						"1.0": [0, 0, 0]
					}
				},
				"brazo_derecho2": {
					"rotation": {
						"0.375": [0, 0, 17.5],
						"0.5": [0, 0, -77.5],
						"0.5833": [-99.90661, 10.33862, -79.50652],
						"0.6667": [-139.00839, 29.4987, -83.22511],
						"0.8333": [-146.50839, 29.4987, -83.22511],
						"1.0": [0, 0, 0]
					},
					"position": {
						"0.6667": [0.84524, -1, -1.81262],
						"1.0": [0, 0, 0]
					},
					"scale": {
						"0.4583": [1, 1, 1],
						"0.5833": [1.4, 1.4, 1.6],
						"0.8333": [1, 1, 1],
						"1.0": [1, 1, 1]
					}
				},
				"brazo_izquierdo2": {
					"rotation": {
						"0.0": [-28.06947, 50.88079, 65.35716],
						"0.125": [-92.96627, 4.0065, 19.94712],
						"0.2083": [-61.2308, -27.24303, -10.32624],
						"0.375": [-41.62082, -35.96896, -32.83857],
						"0.5": [0, 0, 0],
						"0.6667": [0, 0, -17.5],
						"1.0": [0, 0, 0]
					},
					"position": {
						"0.375": [-1.21752, 0, -1.58671],
						"0.5": [0, 0, 0],
						"1.0": [0, 0, 0]
					},
					"scale": {
						"0.0": [1, 1, 1],
						"0.125": [1.7, 1.7, 1.3],
						"0.2083": [1, 1, 1],
						"0.5": [1, 1, 1],
						"1.0": [1, 1, 1]
					}
				},
				"head": {
					"rotation": {
						"0.0": [0, -40, 0],
						"0.1667": [0, 30, 0],
						"1.0": [0, 0, 0]
					},
					"position": [0, 0, 0],
					"scale": 1
				},
				"bigote3": {
					"rotation": {
						"0.0": [0, 0, 0],
						"0.1667": [0, 52.5, 0],
						"0.4167": [0, 0, 0],
						"0.5833": [0, 0, 0],
						"0.6667": [0, -147.5, 0],
						"0.875": [0, 0, 0]
					},
					"position": {
						"0.125": [0, 0, 0],
						"0.1667": [-0.56099, 0, -0.43046],
						"0.4167": [0, 0, 0],
						"0.5833": [0, 0, 0],
						"0.875": [0, 0, 0]
					}
				},
				"bigote2": {
					"rotation": {
						"0.0": [0, 0, 0],
						"0.1667": [0, 135, 0],
						"0.4167": [0, 0, 0],
						"0.5833": [0, 0, 0],
						"0.6667": [0, -67.5, 0],
						"0.875": [0, 0, 0]
					},
					"position": {
						"0.125": [0, 0, 0],
						"0.1667": [0, 0, 0],
						"0.4167": [0, 0, 0],
						"0.5833": [0, 0, 0],
						"0.6667": [0.30091, 0, -0.39932],
						"0.875": [0, 0, 0]
					}
				}
			}
		},
		"animation.artemisyluna.sit": {
			"loop": "hold_on_last_frame",
			"animation_length": 0.75,
			"override_previous_animation": true,
			"bones": {
				"Sailoors": {
					"rotation": {
						"0.0": [0, 0, 0],
						"0.25": [-52.5, 0, 0]
					},
					"position": {
						"0.0": [0, 0, 0],
						"0.25": [0, 0, -3]
					},
					"scale": {
						"0.1667": [1, 1, 1],
						"0.25": [1, 1, 0.8],
						"0.3333": [1, 1, 1]
					}
				},
				"tail2": {
					"rotation": {
						"0.0": [0, 0, 0],
						"0.125": [20, 0, 0],
						"0.25": [-15, 0, 0],
						"0.3333": [7.5, 0, 0],
						"0.4167": [0, 0, 0]
					},
					"position": {
						"0.0": [0, 0, 0],
						"0.125": [0, 0.60876, -0.79335],
						"0.25": [0, 2.60876, 0.20665]
					}
				},
				"pata_izquierda2": {
					"rotation": {
						"0.0": [0, 0, 0],
						"0.25": [-34.24027, 16.32555, 22.44031]
					},
					"position": {
						"0.0": [0, 0, 0],
						"0.25": [0, 0.55378, 4.20634],
						"0.3333": [0, 1.15876, 3.41665]
					},
					"scale": {
						"0.1667": [1, 1, 1],
						"0.25": [1.3, 1.2, 0.7],
						"0.3333": [1, 1, 1]
					}
				},
				"pata_derecha2": {
					"rotation": {
						"0.0": [0, 0, 0],
						"0.25": [-34.24027, -16.32555, -22.44031]
					},
					"position": {
						"0.0": [0, 0, 0],
						"0.25": [0, 0.55378, 4.20634],
						"0.3333": [0, 1.15876, 3.41665]
					},
					"scale": {
						"0.1667": [1, 1, 1],
						"0.25": [1.3, 1.2, 0.7],
						"0.3333": [1, 1, 1]
					}
				},
				"brazo_derecho2": {
					"rotation": {
						"0.0": [0, 0, 0],
						"0.25": [42.39121, -3.37562, 3.69066]
					},
					"position": {
						"0.0": [0, 0, 0],
						"0.25": [0, -2.31526, 1.37462]
					}
				},
				"brazo_izquierdo2": {
					"rotation": {
						"0.0": [0, 0, 0],
						"0.25": [42.39121, 3.37562, -3.69066]
					},
					"position": {
						"0.0": [0, 0, 0],
						"0.25": [0, -2.31526, 1.37462]
					}
				},
				"head": {
					"rotation": {
						"0.0": [0, 0, 0],
						"0.25": [52.5, 0, 0]
					},
					"position": {
						"0.0": [0, 0, 0],
						"0.2917": [0, 0.79541, 0.60789]
					}
				},
				"bigote3": {
					"rotation": {
						"0.1667": [0, 0, 0],
						"0.25": [0, 0, -27.5],
						"0.3333": [0, 0, 0]
					}
				},
				"bigote2": {
					"rotation": {
						"0.1667": [0, 0, 0],
						"0.25": [0, 0, 37.5],
						"0.3333": [0, 0, 0]
					}
				}
			}
		},
		"animation.artemisyluna.idle": {
			"loop": true,
			"animation_length": 25,
			"override_previous_animation": true,
			"bones": {
				"Sailoors": {
					"scale": {
						"0.0": [1, 0.9, 1],
						"1.5": [1, 1, 1],
						"3.0": [1, 0.9, 1],
						"4.6": [1, 1, 1],
						"6.1": [1, 0.9, 1],
						"8.0": [1, 1, 1],
						"9.5": [1, 0.9, 1],
						"11.1": [1, 1, 1],
						"12.6": [1, 0.9, 1],
						"13.8": [1, 1, 1],
						"15.3": [1, 0.9, 1],
						"16.9": [1, 1, 1],
						"18.4": [1, 0.9, 1],
						"20.3": [1, 1, 1],
						"21.8": [1, 0.9, 1],
						"23.4": [1, 1, 1],
						"24.9": [1, 0.9, 1]
					}
				},
				"torso2": {
					"rotation": [0, 0, 0]
				},
				"tail2": {
					"rotation": {
						"0.0": [0, 0, 0],
						"1.5": [-30, 0, 0],
						"3.0": [0, 0, 0]
					}
				},
				"head": {
					"rotation": {
						"0.0": [0, 0, 0],
						"1.5": [-2.5, 0, 0],
						"3.0": [0, 0, 0],
						"4.6": [-2.5, 0, 0],
						"6.1": [0, 0, 0],
						"6.3": [0, 0, 0],
						"6.7": [22.17993, -27.36045, -8.24946],
						"7.0": [9.67993, -27.36045, -8.24946],
						"7.4": [24.67993, -27.36045, -8.24946],
						"7.8": [9.67993, -27.36045, -8.24946],
						"8.2": [32.17993, -27.36045, -8.24946],
						"9.3": [42.37971, -14.87974, 4.94273],
						"9.8": [0, 0, 0],
						"10.3": [0, 0, 0],
						"11.1": [-2.5, 0, 0],
						"12.6": [0, 0, 0],
						"14.2": [-2.5, 0, 0],
						"15.9": [0, 0, 0],
						"17.4": [-2.5, 0, 0],
						"18.9": [0, 0, 0],
						"20.5": [-2.5, 0, 0],
						"22.0": [0, 0, 0],
						"23.6": [-2.5, 0, 0],
						"24.9": [0, 0, 0]
					},
					"position": {
						"0.0": [0, 0, 0],
						"1.5": [0, 1, 0],
						"3.0": [0, 0, 0],
						"4.6": [0, 1, 0],
						"6.1": [0, 0, 0],
						"6.3": [0, 1, 2],
						"6.7": [-1, 2, 2.5],
						"7.8": [-1, 2, 2.5],
						"8.2": [-2, 3, 3.5],
						"9.3": [-2, 3, 3.5],
						"9.5": [-1.2, 1.2, 2.9],
						"9.6": [0, 1, 2],
						"10.3": [0, 0, 0],
						"11.1": [0, 1, 0],
						"12.6": [0, 0, 0],
						"14.2": [0, 1, 0],
						"15.9": [0, 0, 0],
						"17.4": [0, 1, 0],
						"18.9": [0, 0, 0],
						"20.5": [0, 1, 0],
						"22.0": [0, 0, 0],
						"23.6": [0, 1, 0],
						"24.9": [0, 0, 0]
					},
					"scale": {
						"0.0": [1, 1, 1],
						"6.3": [1, 1, 1.1],
						"8.1": [1, 1, 1.1],
						"9.1": [0.7, 1, 1.1],
						"9.6": [1, 1, 1.1],
						"9.8": [0.7, 1, 1.1],
						"9.9": [1, 1, 1.1],
						"10.3": [1, 1, 1]
					}
				},
				"pancita2": {
					"position": [0, 0, 0],
					"scale": {
						"0.0": [1.1, 1, 1],
						"1.5": [0.8, 1, 1],
						"3.0": [1.1, 1, 1],
						"4.6": [0.8, 1, 1],
						"6.1": [1.1, 1, 1],
						"8.0": [0.8, 1, 1],
						"9.5": [1.1, 1, 1],
						"11.1": [0.8, 1, 1],
						"12.6": [1.1, 1, 1],
						"13.9": [0.8, 1, 1],
						"15.4": [1.1, 1, 1],
						"17.0": [0.8, 1, 1],
						"18.5": [1.1, 1, 1],
						"20.4": [0.8, 1, 1],
						"21.9": [1.1, 1, 1],
						"23.5": [0.8, 1, 1],
						"25.0": [1.1, 1, 1]
					}
				},
				"brazo_derecho2": {
					"rotation": {
						"6.3": [0, 0, 0],
						"6.8": [-98.54342, -24.1782, -70.82252],
						"7.8": [-98.54342, -24.1782, -70.82252],
						"8.2": [-104.06874, -56.11511, -62.59124],
						"9.3": [-158.54242, -81.62683, -6.01088],
						"9.9": [0, 0, 0]
					},
					"position": {
						"6.3": [0, 0, 0],
						"6.8": [1, -3.75, 1],
						"7.8": [1, -3.75, 1],
						"9.9": [0, 0, 0]
					},
					"scale": 1
				},
				"bigote2": {
					"rotation": {
						"8.1": [0, 0, 0],
						"8.3": [0, -55, 0],
						"8.6": [-17.5, -55, 0],
						"9.0": [-67.23301, -68.85698, 60.0673],
						"9.3": [-159.85478, -58.61523, 166.1365],
						"9.6": [0, 31.97532, 0],
						"9.8": [0, 0, 0],
						"9.9": [0, 31.97532, 0],
						"10.1": [0, 0, 0]
					},
					"position": {
						"8.6": [0, 0, 0],
						"9.0": [0.23737, 0.05457, -0.05637],
						"9.3": [0.62759, -0.06591, 0.29013]
					}
				},
				"lengua": {
					"position": {
						"6.8": [0, 0, 0],
						"7.0": [0, 0, -1],
						"8.0": [0, 0, -1],
						"8.1": [0, 0, 0]
					}
				},
				"bocaabierta": {
					"position": {
						"1.0": [0, 0, 0],
						"1.2": [0, 0, -1],
						"1.6": [0, 0, -1],
						"1.7": [0, 0, 0],
						"7.9": [0, 0, 0],
						"8.1": [0, 0, -1],
						"9.4": [0, 0, -1],
						"9.7": [0, 0, 0],
						"13.7": [0, 0, 0],
						"13.9": [0, 0, -1],
						"14.3": [0, 0, -1],
						"14.4": [0, 0, 0],
						"21.1": [0, 0, 0],
						"21.3": [0, 0, -1],
						"21.7": [0, 0, -1],
						"21.8": [0, 0, 0]
					}
				},
				"mouth": {
					"position": {
						"6.8": [0, 0, 0],
						"7.0": [0, 0.3, 0],
						"8.0": [0, 0.3, 0],
						"8.1": [0, 0, 0]
					}
				}
			}
		},
		"animation.artemisyluna.walk": {
			"loop": true,
			"animation_length": 0.33333,
			"bones": {
				"Sailoors": {
					"position": {
						"0.0": [0, 1, 0],
						"0.0833": [0, 0, 0],
						"0.1667": [0, 1, 0],
						"0.25": [0, 0, 0],
						"0.3333": [0, 1, 0]
					}
				},
				"tail2": {
					"rotation": {
						"0.0": [-32.5, 0, 0],
						"0.0833": [-10, 0, 0],
						"0.1667": [-32.5, 0, 0],
						"0.25": [-10, 0, 0],
						"0.3333": [-32.5, 0, 0]
					}
				},
				"pata_izquierda2": {
					"rotation": {
						"0.0": [47.5, 0, 0],
						"0.0833": [0, 0, 0],
						"0.1667": [-30, 0, 0],
						"0.25": [0, 0, 0],
						"0.3333": [47.5, 0, 0]
					}
				},
				"pata_derecha2": {
					"rotation": {
						"0.0": [-22.5, 0, 0],
						"0.0833": [0, 0, 0],
						"0.1667": [45, 0, 0],
						"0.25": [0, 0, 0],
						"0.3333": [-22.5, 0, 0]
					}
				},
				"brazo_derecho2": {
					"rotation": {
						"0.0": [30, 0, 0],
						"0.0833": [0, 0, 0],
						"0.1667": [-30, 0, 0],
						"0.25": [0, 0, 0],
						"0.3333": [30, 0, 0]
					}
				},
				"brazo_izquierdo2": {
					"rotation": {
						"0.0": [-32.5, 0, 0],
						"0.0833": [0, 0, 0],
						"0.1667": [17.5, 0, 0],
						"0.25": [0, 0, 0],
						"0.3333": [-32.5, 0, 0]
					}
				},
				"head": {
					"position": {
						"0.0": [0, 0, 0],
						"0.0833": [0, 1, 0],
						"0.1667": [0, 0, 0],
						"0.25": [0, 1, 0],
						"0.3333": [0, 0, 0]
					},
					"scale": {
						"0.0": [1, 1, 1],
						"0.1667": [1, 0.8, 1],
						"0.3333": [1, 1, 1]
					}
				}
			}
		}
	}
}