{
	

	"chat_grid_item": {
		"type": "panel",
		"layer": 1,
		"size": ["100%-2px", "100%c"],
		"offset": [0, 0],
		"anchor_from": "top_left",
		"anchor_to": "top_left",
		"controls": [
			{
				"chat_background": {
					"type": "image",
					"texture": "textures/ui/Black",
					"alpha": 0.7,
					"offset": "@hud.anim_chat",
					"size": ["100%", "100%c"],
					"anims": ["@hud.anim_chat_bg_wait"],
					"controls": [
						{
							"chat_text@chat_label": {
								"anchor_from": "top_left",
								"anchor_to": "top_left",
								"offset": [2, 0],
								"bindings": [
								  {
									"binding_name": "#chat_text",
									"binding_name_override": "#text1",
									"binding_type": "collection",
									"binding_collection_name": "chat_text_grid"
								  }
								]
							}
						}
					]
				}
			}
		]
	},
	"anim_chat": {
		"anim_type": "offset",
		"easing": "out_cubic",
		"from": [-400, 0],
		"to": [0, 0],
		"duration": 0.5
	},	
  	"hud_actionbar_text": {
		"type": "panel",
		"size": ["100%c+12px", "100%c+15px"],
		"anchor_from": "left_middle",
		"anchor_to": "left_middle",
		"ignored": "($actionbar_text = 'choosing_class.menu')",
		"offset": [220, 138],
		"texture": "textures/ui/hud_tip_text_background",
		"alpha": "@hud.anim_actionbar_text_background_alpha_out",
		"controls": [
		  	{
				"actionbar_message": {
					"type": "label",
					"anchor_from": "center",
					"anchor_to": "center",
					"color": "$tool_tip_text",
					"layer": 1,
					"text": "$actionbar_text",
					"shadow": false,
					"localize": false,
					"alpha": 1
				}
			}
		]
	},
	"anim_item_name_text_alpha": {
		"anim_type": "alpha",
		"easing": "in_expo",
		"destroy_at_end": "item_text_label",
		"duration": 0,
		"from": 0,
		"to": 0
	},
		"anim_item_name_background_alpha": {
		"anim_type": "alpha",
		"easing": "in_expo",
		"destroy_at_end": "item_text_label",
		"duration": 0,
		"from": 0,
		"to": 0
	},
	"item_name_text": {
		"type": "image",
		"size": ["100%c+12px", "100%c+5px"],
		"texture": "textures/ui/hud_tip_text_background",
		"alpha": "@hud.anim_item_name_background_alpha",
		"anchor_from": "bottom_middle",
		"anchor_to": "bottom_middle",
		"controls": [
			{
				"item_text_label": {
					"type": "label",
					"max_size": [200, "default"],
					"anchor_from": "center",
					"anchor_to": "center",
					"offset": [0, 500],
					"text_alignment": "center",
					"layer": 31,
					"color": "$tool_tip_text",
					"text": "#text",
					"alpha": "@hud.anim_item_name_text_alpha",
					"bindings": [
						{
							"binding_name": "#item_text",
							"binding_name_override": "#text"
						}
					]
				}
			}
		]
	},

	"hud_tip_text_factory": {
			  "type": "factory",
			  "control_name": "@hud.hud_tip_text"
			}
		  },
		  {
			"hud_actionbar_text_area": {
			  "type": "panel",
			  "factory": {
				"name": "hud_actionbar_text_factory",
				"control_ids": {
				  "hud_actionbar_text": "hud_actionbar_text@hud.hud_actionbar_text"
				}
			  }
			}
		  },
		  {
			"hud_title_text_area": {
			  "type": "panel",
			  "factory": {
				"name": "hud_title_text_factory",
				"control_ids": {
				  "hud_title_text": "hud_title_text@hud.hud_title_text"
				}
			  }
			}
		  },
		  {
			"vignette_rend@vignette_renderer": {}
		  },
		  {
			"curor_rend@cursor_renderer": {}
		  },
		  {
			"game_tip@game_tip.game_tip_panel": {
			  "$offset": [
				0,
				"-90px"
			  ],
			  "variables": [
				{
				  "requires": "$pocket_screen",
				  "$offset": [
					0,
					"-60px"
				  ]
				}
			  ],
			  "offset": "$offset"
			}
		  },
		  {
			"sidebar@scoreboard.scoreboard_sidebar": {
			  "offset": [
				0,
				0
			  ],
			  "anchor_from": "top_middle",
			  "anchor_to": "top_middle"
			}
		  },
		  {
			"progress_rend@progress_indicator_renderer": {
			  "offset": [
				"50%",
				"50%"
			  ]
			}
		  },
		  {
			"chat_stack": {
			  "type": "stack_panel",
			  "orientation": "vertical",
			  "size": [
				"40%",
				"100%"
			  ],
			  "anchor_from": "top_left",
			  "anchor_to": "top_left",
			  "controls": [
				{
				  "paper_doll_padding": {
					"type": "panel",
					"size": [
					  "100%",
					  50
					],
					"bindings": [
					  {
						"binding_name": "#paper_doll_visible",
						"binding_name_override": "#visible"
					  }
					]
				  }
				},
				{
				  "paper_doll_padding_living_room": {
					"type": "panel",
					"size": [
					  "100%",
					  30
					],
					"bindings": [
					  {
						"binding_name": "#paper_doll_visible_living_room",
						"binding_name_override": "#visible"
					  }
					]
				  }
				},
				{
				  "vr_riding_chat_padding": {
					"type": "panel",
					"size": [
					  "100%",
					  132
					],
					"visible": "#vr_riding",
					"bindings": [
					  {
						"binding_name": "#vr_riding",
						"binding_name_override": "#visible"
					  }
					]
				  }
				},
				{
				  "vr_chat_padding": {
					"type": "panel",
					"size": [
					  "100%",
					  30
					],
					"visible": "#vr_non_riding",
					"bindings": [
					  {
						"binding_name": "#vr_non_riding",
						"binding_name_override": "#visible"
					  }
					]
				  }
				},
				{
				  "non_centered_gui_padding": {
					"type": "panel",
					"size": [
					  "100%",
					  32
					],
					"bindings": [
					  {
						"binding_name": "#hud_visible_not_centered",
						"binding_name_override": "#visible",
						"binding_type": "global"
					  }
					]
				  }
				},
				{
				  "player_position@hud.player_position": {}
				},
				{
				  "chat_panel@hud.chat_panel": {}
				}
			  ]
			}
		  },
		  {
			"boss_health_panel": {
			  "type": "stack_panel",
			  "orientation": "vertical",
			  "size": [
				"100%",
				"100%"
			  ],
			  "controls": [
				{
				  "boss_hud_padding": {
					"type": "panel",
					"size": [
					  "100%",
					  20
					],
					"visible": "#boss_hud_padding",
					"bindings": [
					  {
						"binding_name": "#boss_hud_padding",
						"binding_name_override": "#visible"
					  }
					]
				  }
				},
				{
				  "boss_hud_panel": {
					"type": "panel",
					"controls": [
					  {
						"boss_health_grid@boss_health_grid": {
						  "offset": [
							0,
							2
						  ]
						}
					  }
					]
				  }
				}
			  ]
			}
		  },
		  {
			"save_icon@hud.auto_save": {}
		  }
		],
		"bindings": [
		  {
			"binding_name": "#hud_visible",
			"binding_name_override": "#visible",
			"binding_type": "global"
		  },
		  {
			"binding_name": "#hud_alpha",
			"binding_name_override": "#alpha",
			"binding_type": "global"
		  },
		  {
			"binding_name": "#hud_propagate_alpha",
			"binding_name_override": "#propagateAlpha",
			"binding_type": "global"
		  }
		]
	  }
	}