{"namespace":"cubecraft_common","rounded_box":{"type":"image","texture":"textures/ui/rounded_box_white","color":[1,1,1]},"rounded_box_dark@cubecraft_common.rounded_box":{"alpha":0.8,"color":[0.054,0.094,0.203]},"rounded_box_blue@cubecraft_common.rounded_box":{"color":"$cubecraft_main_blue"},"selective_content_textbox@cubecraft_common.rounded_textbox_blue":{"$content_text":"#form_text","size":["100%","100%cm + 4px"],"$textbox_binding|default":"(not (#form_text = ''))","bindings":[{"binding_type":"view","source_property_name":"$textbox_binding","target_property_name":"#visible"}]},"rounded_textbox_blue":{"type":"panel","size":["100%","100%cm"],"$image_size|default":["100% - 8px","100%sm + 12px"],"$image_anchor|default":"center","$image_offset|default":[-1,0],"$text_size|default":["100% - 20px","default"],"$text_anchor|default":"center","$text_offset|default":[0,0],"$content_text|default":"","$content_text_color|default":"$main_header_text_color","controls":[{"label":{"type":"label","text":"$content_text","anchor_from":"$text_anchor","anchor_to":"$text_anchor","offset":"$text_offset","color":"$content_text_color","size":"$text_size","layer":30}},{"image":{"type":"image","anchor_from":"$image_anchor","anchor_to":"$image_anchor","offset":"$image_offset","texture":"textures/ui/rounded_textbox_blue","size":"$image_size"}}]},"cube_button_factory":{"type":"stack_panel","orientation":"vertical","$panel_size|default":[36,36],"$factory_control_name|default":"cubecraft_common.cube_selective_button_panel","factory":{"name":"cubecraft_buttons","control_name":"$factory_control_name"},"collection_name":"form_buttons","bindings":[{"binding_condition":"once","binding_name":"#form_button_length","binding_name_override":"#collection_length"}]},"cube_selective_button_panel":{"type":"panel","$panel_size|default":[36,36],"size":"$panel_size","$panel_max_size|default":[0,0],"max_size":"$panel_max_size","$panel_anchor|default":"center","anchor_from":"$panel_anchor","anchor_to":"$panel_anchor","$button_font_size|default":"normal","$button_size|default":"$panel_size","$button_anchor|default":"center","$button_offset|default":[0,0],"$image_size|default":"$panel_size","$image_anchor|default":"center","$image_offset|default":[0,0],"$image_clipping|default":"","$button_to_show|default":"","bindings":[{"binding_condition":"once","binding_type":"collection","binding_collection_name":"form_buttons","binding_name":"(not ((#form_button_text - $button_to_show) = #form_button_text))","binding_name_override":"#visible"}],"$button_control_name|default":"form_button@cubecraft_buttons.blue_button","controls":[{"image@cubecraft_common.button_image":{"size":"$image_size","anchor_from":"$image_anchor","anchor_to":"$image_anchor","offset":"$image_offset"}},{"$button_control_name":{"size":"$button_size","anchor_from":"$button_anchor","anchor_to":"$button_anchor","$pressed_button_name|default":"button.form_button_click","$button_text|default":"#form_button_text","$button_text_max_size":["100%","100%"],"bindings":[{"binding_type":"collection_details","binding_collection_name":"form_buttons"}]}}]},"button_image":{"type":"image","layer":4,"fill":true,"bindings":[{"binding_name":"#form_button_texture","binding_name_override":"#texture","binding_type":"collection","binding_collection_name":"form_buttons"},{"binding_name":"#form_button_texture_file_system","binding_name_override":"#texture_file_system","binding_type":"collection","binding_collection_name":"form_buttons"},{"binding_type":"view","source_property_name":"(not ((#texture = '') or (#texture = 'loading')))","target_property_name":"#visible"}]},"header_panel":{"type":"stack_panel","orientation":"horizontal","size":["100%",20],"controls":[{"header_text":{"type":"panel","size":["fill","100%"],"controls":[{"text_white@cubecraft_common.mineten_header_label":{"offset":[0,-9],"layer":2}},{"underline":{"type":"image","texture":"textures/ui/brand_blue_box","anchor_from":"bottom_left","anchor_to":"bottom_left","size":["100% - 3px",3],"offset":[1,-7]}}]}},{"header_button_factory@cubecraft_common.cube_button_factory":{"orientation":"horizontal","$factory_control_name":"cubecraft_common.header_button_panel"}},{"close_button@cubecraft_common.header_button_panel":{"$is_close_button":true,"$pressed_button_name":"button.menu_exit","$button_icon_control":"@cubecraft_common.close_button_icon","$button_text":"","visible":"(not $is_console)","bindings":[{"binding_name":"(not #is_using_gamepad)","binding_name_override":"#visible"}]}}]},"header_button_panel":{"type":"panel","size":[20,12],"anchor_from":"right_middle","anchor_to":"right_middle","$button_to_show":"header_button","bindings":[{"binding_condition":"once","binding_type":"collection","binding_collection_name":"form_buttons","binding_name":"(not ((#form_button_text - $button_to_show) = #form_button_text))","binding_name_override":"#visible"}],"$button_icon_control|default":"@cubecraft_common.form_button_icon","controls":[{"header_button@cubecraft_buttons.blue_button":{"$default_button_size":[18,18],"$hover_button_size":[20,20],"$default_button_texture":"textures/ui/button_header","$hover_button_texture":"textures/ui/button_header_hover","$pressed_button_texture":"textures/ui/button_header_hover","$hover_text_forced":true,"$pressed_button_name|default":"button.form_button_click","$button_text|default":"#form_button_text","$focus_id":"form_button_header","$default_focus_precedence":-10,"$focus_magnet_enabled":false,"focus_change_up":"FOCUS_OVERRIDE_STOP"}},{"$button_icon_control":{"size":[16,16],"layer":10}}]},"form_button_icon":{"type":"image","bindings":[{"binding_type":"collection","binding_collection_name":"form_buttons","binding_name":"#form_button_texture","binding_name_override":"#texture"}]},"close_button_icon":{"type":"image","texture":"textures/ui/icon_close"},"mineten_header_label":{"type":"label","text":"#modified_text","size":["100%",20],"max_size":["default","100%"],"anchor_from":"top_left","anchor_to":"top_left","color":[1,1,1],"font_type":"MinecraftTen","font_size":"large","shadow":false,"bindings":[{"binding_type":"view","source_property_name":"(#title_text-'is_dynamic'-'&big_button'-'&small_grid'-'&grid_text'-'&stack_text'-'&side_text'-'§l')","target_property_name":"#modified_text"}]},"screen_entrance_animation_push_fade":{"anim_type":"alpha","easing":"in_cubic","duration":0.2,"from":0.65,"to":1.0,"play_event":"screen.entrance_push","end_event":"screen.entrance_end"},"screen_exit_animation_pop_fade":{"anim_type":"alpha","easing":"out_quart","duration":0.2,"from":1.0,"to":0.65,"play_event":"screen.exit_pop","end_event":"screen.exit_end"},"screen_entrance_animation_push_offset":{"anim_type":"offset","easing":"out_back","duration":0.2,"from":[0,-4],"to":[0,0],"play_event":"screen.entrance_push","end_event":"screen.entrance_end"},"screen_exit_animation_pop_offset":{"anim_type":"offset","easing":"out_cubic","duration":0.2,"from":[0,0],"to":[0,-4],"play_event":"screen.exit_pop","end_event":"screen.exit_end"}}