{
	"format_version": "1.10.0",
	"animation_controllers": {
		"controller.animation.hawk.sitting": {
			"initial_state": "not_sitting",
			"states": {
				"not_sitting": {
					"animations": ["idle"],
					"sound_effects": [
						{
							"effect": "hawkeat"
						}
					],
					"transitions": [
						{"sitting": "query.is_sitting"}
					],
					"blend_transition": 0.1
				},
				"sitting": {
					"animations": ["sitting"],
					"transitions": [
						{"not_sitting": "!query.is_sitting"}
					],
					"blend_transition": 0.1
				}
			}
		},
		"controller.animation.hawk.eat": {
			"states": {
				"default": {
					"animations": ["staticking"],
					"transitions": [
						{"active": "query.is_eating_mob"}
					],
					"blend_transition": 0.15
				},
				"active": {
					"animations": ["eating"],
					"transitions": [
						{"default": "!query.is_eating_mob\n"}
					],
					"blend_transition": 1
				}
			}
		}
	}
}