{
	"format_version": "1.10.0",
	"animation_controllers": {
		"controller.animation.totoro.sniff": {
			"states": {
				"sit": {
					"animations": ["sit"],
					"transitions": [
						{"active": ""}
					]
				},
				"default": {
					"animations": ["idle"],
					"on_entry": ["query.is_sniffing;"],
					"on_exit": ["!query.is_sniffing;"],
					"transitions": [
						{"active": "query.is_sniffing"}
					],
					"blend_transition": 0.03
				},
				"active": {
					"animations": ["bostezo"],
					"on_entry": ["query.is_sniffing;"],
					"on_exit": ["!query.is_sniffing;"],
					"transitions": [
						{"default": "!query.is_sniffing"},
						{"sit": "!query.is_sitting"}
					],
					"blend_transition": 5000,
					"blend_via_shortest_path": true
				}
			}
		},
		"controller.animation.totoro.new": {
			"initial_state": "idle",
			"states": {
				"idle": {
					"animations": ["idle"]
				}
			}
		},
		"controller.animation.totoro.move": {
			"initial_state": "idle",
			"states": {
				"idle": {
					"transitions": [
						{"walking": "q.ground_speed > 1.0"}
					],
					"blend_transition": 0.2
				},
				"walking": {
					"transitions": [
						{"idle": "!q.ground_speed < 0.5"}
					],
					"blend_transition": 0.2
				}
			}
		},
		"controller.animation.totoro.sitting": {
			"initial_state": "not_sitting",
			"states": {
				"not_sitting": {
					"animations": ["staticking"],
					"transitions": [
						{"sitting": "query.is_sitting"}
					],
					"blend_transition": 1.58
				},
				"sitting": {
					"animations": ["sit"],
					"transitions": [
						{"not_sitting": "!query.is_sitting"}
					],
					"blend_transition": 0.25
				}
			}
		},
		"controller.animation.kuma.sniff": {
			"states": {
				"sit": {
					"animations": ["sit2"],
					"transitions": [
						{"active": ""}
					]
				},
				"default": {
					"animations": ["static"],
					"on_entry": ["query.is_sniffing;"],
					"on_exit": ["!query.is_sniffing;"],
					"transitions": [
						{"active": "query.is_sniffing"}
					],
					"blend_transition": 0.03
				},
				"active": {
					"animations": ["hello"],
					"on_entry": ["query.is_sniffing;"],
					"on_exit": ["!query.is_sniffing;"],
					"transitions": [
						{"default": "!query.is_sniffing"},
						{"sit": "!query.is_sitting"}
					],
					"blend_transition": 5000,
					"blend_via_shortest_path": true
				}
			}
		}
	}
}