{
	"format_version": "1.10.0",
	"animation_controllers": {
		"controller.animation.huron.move": {
			"initial_state": "move",
			"states": {
				"move": {
					"animations": [
						{"walk": "query.modified_move_speed"}
					]
				}
			}
		},
		"controller.animation.huron.static": {
			"initial_state": "static",
			"states": {
				"static": {
					"animations": ["staticking"]
				}
			}
		},
		"controller.animation.Ratita.attack": {
			"states": {
				"default": {
					"transitions": [
						{"attack": "variable.attack>0"}
					],
					"blend_transition": 0.2
				},
				"attack": {
					"animations": ["attacking"],
					"sound_effects": [
						{
							"effect": "espada"
						}
					],
					"transitions": [
						{"default": "query.all_animations_finished"}
					],
					"blend_transition": 0.2
				}
			}
		},
		"controller.animation.piakchu.sit": {
			"initial_state": "static",
			"states": {
				"static": {
					"animations": ["staticking"],
					"transitions": [
						{"sit": "query.is_sitting"}
					],
					"blend_transition": 0.2
				},
				"sit": {
					"animations": ["sitting"],
					"transitions": [
						{"static": "!query.is_sitting"}
					],
					"blend_transition": 0.35
				}
			}
		},
		"controller.animation.pikachu.moving": {
			"initial_state": "static",
			"states": {
				"static": {
					"animations": ["staticking"],
					"transitions": [
						{"move": "q.modified_move_speed > 1.0"}
					],
					"blend_transition": 0.2
				},
				"move": {
					"animations": ["moving", "run"],
					"transitions": [
						{"static": "query.modified_move_speed < 0.5"}
					],
					"blend_transition": 0.2
				}
			}
		},
		"controller.animation.pikachu.run": {
			"initial_state": "static",
			"states": {
				"static": {
					"animations": ["unset"],
					"transitions": [
						{"move": "q.ground_speed > 1.0"}
					],
					"blend_transition": 0.3
				},
				"move": {
					"animations": ["moving"],
					"transitions": [
						{"static": "q.ground_speed < 0.5"}
					],
					"blend_transition": 0.4
				}
			}
		}
	}
}