{
	"format_version": "1.12.0",
	"minecraft:geometry": [
		{
			"description": {
				"identifier": "geometry.dianapijama",
				"texture_width": 128,
				"texture_height": 128,
				"visible_bounds_width": 3,
				"visible_bounds_height": 5.5,
				"visible_bounds_offset": [0, 2.25, 0]
			},
			"bones": [
				{
					"name": "root",
					"pivot": [0, 24, 0]
				},
				{
					"name": "waist",
					"parent": "root",
					"pivot": [0, 24, 0]
				},
				{
					"name": "Head",
					"parent": "waist",
					"pivot": [0, 24, -1],
					"cubes": [
						{"origin": [5, 25.375, -4.925], "size": [1, 5, 10], "pivot": [0, 26.5, 1.25], "rotation": [20, 0, 0], "uv": [28, 27]},
						{"origin": [-6, 29.9, -6.75], "size": [12, 5, 10], "pivot": [0, 31.4, -1], "rotation": [20, 0, 0], "uv": [0, 0]},
						{"origin": [-5.75, 35.82073, -2.02827], "size": [4, 5, 1], "pivot": [-4, 38.32073, 0.47173], "rotation": [41.64745, 21.27102, 2.70001], "uv": [0, 0]},
						{"origin": [1.75, 35.82073, -2.02827], "size": [4, 5, 1], "pivot": [4, 38.32073, 0.47173], "rotation": [41.64745, -21.27102, -2.70001], "uv": [0, 0], "mirror": true},
						{"origin": [-6, 22.975, -6.75], "size": [12, 2, 10], "pivot": [0, 31.4, -1], "rotation": [20, 0, 0], "uv": [0, 15]},
						{"origin": [-5, 25.375, 4.075], "size": [10, 5, 1], "pivot": [0, 26.5, 1.25], "rotation": [20, 0, 0], "uv": [46, 0]},
						{"origin": [-6, 25.375, -4.925], "size": [1, 5, 10], "pivot": [0, 26.5, 1.25], "rotation": [20, 0, 0], "uv": [34, 5]}
					]
				},
				{
					"name": "bigote3",
					"parent": "Head",
					"pivot": [-8.28566, 29.16044, -6.53265],
					"rotation": [0, 17.5, 0],
					"cubes": [
						{
							"origin": [-11.63982, 30.95529, -6.58158],
							"size": [6.084, 0.19012, 0],
							"pivot": [-8.29516, 29.16781, -6.53772],
							"rotation": [12.51303, -19.32889, 5.53916],
							"uv": {
								"north": {"uv": [82, 9.5], "uv_size": [-0.5, 0.5]},
								"east": {"uv": [82, 9.5], "uv_size": [-0.5, 0.5]},
								"south": {"uv": [82, 9.5], "uv_size": [-0.5, 0.5]},
								"west": {"uv": [79.5, 10], "uv_size": [0, 0]},
								"up": {"uv": [82, 10], "uv_size": [-0.5, -0.5]},
								"down": {"uv": [82, 10], "uv_size": [-0.5, -0.5]}
							}
						},
						{
							"origin": [-11.22652, 30.10646, -6.58158],
							"size": [6.084, 0.1521, 0],
							"pivot": [-8.29516, 29.16781, -6.53772],
							"rotation": [15.69284, -16.88547, -4.6653],
							"uv": {
								"north": {"uv": [82, 9.5], "uv_size": [-0.5, 0.5]},
								"east": {"uv": [82, 9.5], "uv_size": [-0.5, 0.5]},
								"south": {"uv": [82, 9.5], "uv_size": [-0.5, 0.5]},
								"west": {"uv": [79.5, 10], "uv_size": [0, 0]},
								"up": {"uv": [82, 10], "uv_size": [-0.5, -0.5]},
								"down": {"uv": [82, 10], "uv_size": [-0.5, -0.5]}
							}
						},
						{
							"origin": [-11.17637, 29.22053, -6.58158],
							"size": [6.084, 0.19012, 0],
							"pivot": [-8.29516, 29.16781, -6.53772],
							"rotation": [18.33701, -13.95166, -14.58439],
							"uv": {
								"north": {"uv": [82, 9.5], "uv_size": [-0.5, 0.5]},
								"east": {"uv": [82, 9.5], "uv_size": [-0.5, 0.5]},
								"south": {"uv": [82, 9.5], "uv_size": [-0.5, 0.5]},
								"west": {"uv": [79.5, 10], "uv_size": [0, 0]},
								"up": {"uv": [82, 10], "uv_size": [-0.5, -0.5]},
								"down": {"uv": [82, 10], "uv_size": [-0.5, -0.5]}
							}
						}
					]
				},
				{
					"name": "bigote2",
					"parent": "Head",
					"pivot": [8.28566, 29.16044, -6.53265],
					"rotation": [0, -17.5, 0],
					"cubes": [
						{
							"origin": [5.55582, 30.95529, -6.58158],
							"size": [6.084, 0.19012, 0],
							"pivot": [8.29516, 29.16781, -6.53772],
							"rotation": [12.51303, 19.32889, -5.53916],
							"uv": {
								"north": {"uv": [81.5, 9.5], "uv_size": [0.5, 0.5]},
								"east": {"uv": [79.5, 10], "uv_size": [0, 0]},
								"south": {"uv": [81.5, 9.5], "uv_size": [0.5, 0.5]},
								"west": {"uv": [81.5, 9.5], "uv_size": [0.5, 0.5]},
								"up": {"uv": [81.5, 10], "uv_size": [0.5, -0.5]},
								"down": {"uv": [81.5, 10], "uv_size": [0.5, -0.5]}
							}
						},
						{
							"origin": [5.14252, 30.10646, -6.58158],
							"size": [6.084, 0.1521, 0],
							"pivot": [8.29516, 29.16781, -6.53772],
							"rotation": [15.69284, 16.88547, 4.6653],
							"uv": {
								"north": {"uv": [81.5, 9.5], "uv_size": [0.5, 0.5]},
								"east": {"uv": [79.5, 10], "uv_size": [0, 0]},
								"south": {"uv": [81.5, 9.5], "uv_size": [0.5, 0.5]},
								"west": {"uv": [81.5, 9.5], "uv_size": [0.5, 0.5]},
								"up": {"uv": [81.5, 10], "uv_size": [0.5, -0.5]},
								"down": {"uv": [81.5, 10], "uv_size": [0.5, -0.5]}
							}
						},
						{
							"origin": [5.09237, 29.22053, -6.58158],
							"size": [6.084, 0.19012, 0],
							"pivot": [8.29516, 29.16781, -6.53772],
							"rotation": [18.33701, 13.95166, 14.58439],
							"uv": {
								"north": {"uv": [81.5, 9.5], "uv_size": [0.5, 0.5]},
								"east": {"uv": [79.5, 10], "uv_size": [0, 0]},
								"south": {"uv": [81.5, 9.5], "uv_size": [0.5, 0.5]},
								"west": {"uv": [81.5, 9.5], "uv_size": [0.5, 0.5]},
								"up": {"uv": [81.5, 10], "uv_size": [0.5, -0.5]},
								"down": {"uv": [81.5, 10], "uv_size": [0.5, -0.5]}
							}
						}
					]
				},
				{
					"name": "mouth",
					"parent": "Head",
					"pivot": [-0.00625, 30.01562, -6.45],
					"rotation": [20, 0, 0],
					"cubes": [
						{
							"origin": [0.19728, 29.66148, -6.65353],
							"size": [0.81412, 0.28494, 0.40706],
							"uv": {
								"north": {"uv": [77, 5], "uv_size": [1.04375, 0.36531]},
								"east": {"uv": [77, 5], "uv_size": [0.52187, 0.36531]},
								"south": {"uv": [78, 5], "uv_size": [1.04375, 0.36531]},
								"west": {"uv": [78, 5], "uv_size": [0.52187, 0.36531]},
								"up": {"uv": [77, 5.52188], "uv_size": [1.04375, -0.52187]},
								"down": {"uv": [78, 5.52188], "uv_size": [1.04375, -0.52187]}
							}
						},
						{
							"origin": [-1.02391, 29.70219, -6.65353],
							"size": [0.81413, 0.24424, 0.40706],
							"uv": {
								"north": {"uv": [77, 5], "uv_size": [1.04375, 0.31312]},
								"east": {"uv": [77, 5], "uv_size": [0.52187, 0.31312]},
								"south": {"uv": [78, 5], "uv_size": [1.04375, 0.31312]},
								"west": {"uv": [78, 5], "uv_size": [0.52187, 0.31312]},
								"up": {"uv": [77, 5.52188], "uv_size": [1.04375, -0.52187]},
								"down": {"uv": [78, 5.52188], "uv_size": [1.04375, -0.52187]}
							}
						},
						{
							"origin": [-0.20978, 29.94642, -6.65353],
							"size": [0.40706, 0.36636, 0.40706],
							"uv": {
								"north": {"uv": [77, 5], "uv_size": [0.52187, 0.46969]},
								"east": {"uv": [77, 5], "uv_size": [0.52187, 0.46969]},
								"south": {"uv": [77, 5], "uv_size": [0.52187, 0.46969]},
								"west": {"uv": [77, 5], "uv_size": [0.52187, 0.46969]},
								"up": {"uv": [77.52187, 5.52188], "uv_size": [-0.52187, -0.52187]},
								"down": {"uv": [77.52187, 5.52188], "uv_size": [-0.52187, -0.52187]}
							}
						},
						{
							"origin": [-0.45978, 30.59642, -6.72853],
							"size": [0.90706, 0.56636, 0.40706],
							"uv": {
								"north": {"uv": [78, 4], "uv_size": [0.52187, 0.46969]},
								"east": {"uv": [78, 4], "uv_size": [0.52187, 0.46969]},
								"south": {"uv": [78, 4], "uv_size": [0.52187, 0.46969]},
								"west": {"uv": [78, 4], "uv_size": [0.52187, 0.46969]},
								"up": {"uv": [78.52187, 4.52187], "uv_size": [-0.52187, -0.52187]},
								"down": {"uv": [78.52187, 4.52187], "uv_size": [-0.52187, -0.52187]}
							}
						},
						{
							"origin": [-1.26814, 29.94642, -6.65353],
							"size": [0.24424, 0.44777, 0.40706],
							"uv": {
								"north": {"uv": [77, 5], "uv_size": [0.31312, 0.57406]},
								"east": {"uv": [77, 5], "uv_size": [0.52187, 0.57406]},
								"south": {"uv": [77, 5], "uv_size": [0.31312, 0.57406]},
								"west": {"uv": [77, 5], "uv_size": [0.52187, 0.57406]},
								"up": {"uv": [77.31313, 5.52188], "uv_size": [-0.31312, -0.52187]},
								"down": {"uv": [77.31313, 5.52188], "uv_size": [-0.31312, -0.52187]}
							}
						},
						{
							"origin": [1.01141, 29.94642, -6.65353],
							"size": [0.24424, 0.40706, 0.40706],
							"uv": {
								"north": {"uv": [77, 5], "uv_size": [0.31312, 0.52187]},
								"east": {"uv": [77, 5], "uv_size": [0.52187, 0.52187]},
								"south": {"uv": [77, 5], "uv_size": [0.31312, 0.52187]},
								"west": {"uv": [77, 5], "uv_size": [0.52187, 0.52187]},
								"up": {"uv": [77.31313, 5.52188], "uv_size": [-0.31312, -0.52187]},
								"down": {"uv": [77.31313, 5.52188], "uv_size": [-0.31312, -0.52187]}
							}
						}
					]
				},
				{
					"name": "Body",
					"parent": "waist",
					"pivot": [0, 24, 0],
					"cubes": [
						{
							"origin": [-4.5, 9, -2.75],
							"size": [9, 15.25, 5.5],
							"uv": {
								"north": {"uv": [5, 32], "uv_size": [9, 12]},
								"east": {"uv": [0, 32], "uv_size": [5, 12]},
								"south": {"uv": [19, 32], "uv_size": [9, 12]},
								"west": {"uv": [14, 32], "uv_size": [5, 12]},
								"up": {"uv": [5, 27], "uv_size": [9, 5]},
								"down": {"uv": [14, 32], "uv_size": [9, -5]}
							}
						},
						{
							"origin": [-0.5, 9, 2.75],
							"size": [1, 1.25, 10],
							"uv": {
								"north": {"uv": [5, 33], "uv_size": [1, 1.25]},
								"east": {"uv": [0, 33], "uv_size": [10, 1.25]},
								"south": {"uv": [19, 33], "uv_size": [1, 1.25]},
								"west": {"uv": [14, 33], "uv_size": [10, 1.25]},
								"up": {"uv": [5, 34], "uv_size": [1, 10]},
								"down": {"uv": [14, 44], "uv_size": [1, -10]}
							}
						},
						{
							"origin": [-0.67, 21.99, -3.68],
							"size": [1.17, 1.17, 1.17],
							"uv": {
								"north": {"uv": [93, 9], "uv_size": [2, 2]},
								"east": {"uv": [93, 9], "uv_size": [2, 2]},
								"south": {"uv": [93, 9], "uv_size": [2, 2]},
								"west": {"uv": [93, 9], "uv_size": [2, 2]},
								"up": {"uv": [95, 11], "uv_size": [-2, -2]},
								"down": {"uv": [95, 11], "uv_size": [-2, -2]}
							}
						}
					]
				},
				{
					"name": "RightArm",
					"parent": "waist",
					"pivot": [-5, 22, 0],
					"cubes": [
						{"origin": [-8.5, 13, -2.5], "size": [5, 11.25, 5], "uv": [44, 20]}
					]
				},
				{
					"name": "LeftArm",
					"parent": "waist",
					"pivot": [5, 22, 0],
					"cubes": [
						{"origin": [3.5, 13, -2.5], "size": [5, 11.25, 5], "uv": [0, 44], "mirror": true}
					]
				},
				{
					"name": "RightLeg",
					"parent": "waist",
					"pivot": [-1.9, 13, 0],
					"cubes": [
						{"origin": [-4.4, 1, -2.5], "size": [5, 11, 5], "uv": [43, 42]}
					]
				},
				{
					"name": "LeftLeg",
					"parent": "waist",
					"pivot": [1.9, 13, 0],
					"cubes": [
						{"origin": [-0.6, 1, -2.5], "size": [5, 11, 5], "uv": [23, 42]}
					]
				}
			]
		}
	]
}