{
	"format_version": "1.12.0",
	"minecraft:geometry": [
		{
			"description": {
				"identifier": "geometry.pochitaHelmet",
				"texture_width": 64,
				"texture_height": 64,
				"visible_bounds_width": 3,
				"visible_bounds_height": 4.5,
				"visible_bounds_offset": [0, 1.75, 0]
			},
			"bones": [
				{
					"name": "root",
					"pivot": [0, 2, 0]
				},
				{
					"name": "waist",
					"parent": "root",
					"pivot": [0, 23.12, 0]
				},
				{
					"name": "head",
					"parent": "waist",
					"pivot": [0, 23.12, 0],
					"rotation": [5, 0, 0],
					"cubes": [
						{
							"origin": [-5.5, 27.74617, -4.27619],
							"size": [2.86, 3.52, 1.76],
							"pivot": [0, 30.77449, -0.54544],
							"rotation": [-25, 0, 0],
							"uv": {
								"north": {"uv": [32, 30], "uv_size": [3, 4]},
								"east": {"uv": [30, 30], "uv_size": [2, 4]},
								"south": {"uv": [37, 30], "uv_size": [3, 4]},
								"west": {"uv": [35, 30], "uv_size": [2, 4]},
								"up": {"uv": [32, 28], "uv_size": [3, 2]},
								"down": {"uv": [35, 30], "uv_size": [3, -2]}
							}
						},
						{
							"origin": [2.508, 27.74618, -4.27619],
							"size": [2.992, 3.52, 1.76],
							"pivot": [0, 30.77449, -0.54544],
							"rotation": [-25, 0, 0],
							"uv": {
								"north": {"uv": [42, 30], "uv_size": [3, 4]},
								"east": {"uv": [40, 30], "uv_size": [2, 4]},
								"south": {"uv": [47, 30], "uv_size": [3, 4]},
								"west": {"uv": [45, 30], "uv_size": [2, 4]},
								"up": {"uv": [42, 28], "uv_size": [3, 2]},
								"down": {"uv": [45, 30], "uv_size": [3, -2]}
							}
						},
						{
							"origin": [0, 27.89492, -12.10058],
							"size": [0, 5.28, 12.32],
							"pivot": [0, 30.77449, -0.54544],
							"rotation": [-40, 0, 0],
							"uv": {
								"north": {"uv": [14, 24], "uv_size": [0, 6]},
								"east": {"uv": [0, 24], "uv_size": [14, 6]},
								"south": {"uv": [28, 24], "uv_size": [0, 6]},
								"west": {"uv": [14, 24], "uv_size": [14, 6]},
								"up": {"uv": [14, 10], "uv_size": [0, 14]},
								"down": {"uv": [14, 24], "uv_size": [0, -14]}
							}
						},
						{
							"origin": [1.21998, 29.33451, -4.84442],
							"size": [2.64, 1.76, 0.88],
							"pivot": [0, 30.77449, -0.54544],
							"rotation": [-18.2489, 17.38772, 42.18626],
							"uv": {
								"north": {"uv": [15, 42], "uv_size": [-3, 2]},
								"east": {"uv": [16, 42], "uv_size": [-1, 2]},
								"south": {"uv": [19, 42], "uv_size": [-3, 2]},
								"west": {"uv": [12, 42], "uv_size": [-1, 2]},
								"up": {"uv": [15, 41], "uv_size": [-3, 1]},
								"down": {"uv": [18, 42], "uv_size": [-3, -1]}
							}
						},
						{
							"origin": [-3.85998, 29.33451, -4.84442],
							"size": [2.64, 1.76, 0.88],
							"pivot": [0, 30.77449, -0.54544],
							"rotation": [-18.2489, -17.38772, -42.18626],
							"uv": {
								"north": {"uv": [12, 42], "uv_size": [3, 2]},
								"east": {"uv": [11, 42], "uv_size": [1, 2]},
								"south": {"uv": [16, 42], "uv_size": [3, 2]},
								"west": {"uv": [15, 42], "uv_size": [1, 2]},
								"up": {"uv": [12, 41], "uv_size": [3, 1]},
								"down": {"uv": [15, 42], "uv_size": [3, -1]}
							}
						},
						{
							"origin": [-5.28, 25.10617, -4.05619],
							"size": [10.56, 8.8, 12.32],
							"pivot": [0, 30.77449, -0.54544],
							"rotation": [-25, 0, 0],
							"uv": {
								"north": {"uv": [14, 14], "uv_size": [12, 10]},
								"east": {"uv": [0, 14], "uv_size": [14, 10]},
								"south": {"uv": [40, 14], "uv_size": [12, 10]},
								"west": {"uv": [26, 14], "uv_size": [14, 10]},
								"up": {"uv": [14, 0], "uv_size": [12, 14]},
								"down": {"uv": [26, 14], "uv_size": [12, -14]}
							}
						},
						{
							"origin": [-0.88, 24.22617, -4.07819],
							"size": [1.76, 1.76, 0],
							"pivot": [0, 30.77449, -0.54544],
							"rotation": [-25, 0, 0],
							"uv": {
								"north": {"uv": [52, 2], "uv_size": [2, 2]},
								"east": {"uv": [52, 2], "uv_size": [0, 2]},
								"south": {"uv": [54, 2], "uv_size": [2, 2]},
								"west": {"uv": [54, 2], "uv_size": [0, 2]},
								"up": {"uv": [52, 2], "uv_size": [2, 0]},
								"down": {"uv": [54, 2], "uv_size": [2, 0]}
							}
						},
						{
							"origin": [-5.28, 36.47824, 1.5802],
							"size": [10.56, 1.76, 1.76],
							"pivot": [0, 30.77449, -0.54544],
							"rotation": [-37.5, 0, 0],
							"uv": {
								"north": {"uv": [30, 26], "uv_size": [12, 2]},
								"east": {"uv": [28, 26], "uv_size": [2, 2]},
								"south": {"uv": [44, 26], "uv_size": [12, 2]},
								"west": {"uv": [42, 26], "uv_size": [2, 2]},
								"up": {"uv": [30, 24], "uv_size": [12, 2]},
								"down": {"uv": [42, 26], "uv_size": [12, -2]}
							}
						},
						{
							"origin": [5.28, 32.07824, 1.5802],
							"size": [1.76, 6.16, 1.76],
							"pivot": [0, 30.77449, -0.54544],
							"rotation": [-37.5, 0, 0],
							"uv": {
								"north": {"uv": [26, 38], "uv_size": [2, 7]},
								"east": {"uv": [24, 38], "uv_size": [2, 7]},
								"south": {"uv": [30, 38], "uv_size": [2, 7]},
								"west": {"uv": [28, 38], "uv_size": [2, 7]},
								"up": {"uv": [26, 36], "uv_size": [2, 2]},
								"down": {"uv": [28, 38], "uv_size": [2, -2]}
							}
						},
						{
							"origin": [-7.04, 32.07824, 1.5802],
							"size": [1.76, 6.16, 1.76],
							"pivot": [0, 30.77449, -0.54544],
							"rotation": [-37.5, 0, 0],
							"uv": {
								"north": {"uv": [2, 40], "uv_size": [2, 7]},
								"east": {"uv": [0, 40], "uv_size": [2, 7]},
								"south": {"uv": [6, 40], "uv_size": [2, 7]},
								"west": {"uv": [4, 40], "uv_size": [2, 7]},
								"up": {"uv": [2, 38], "uv_size": [2, 2]},
								"down": {"uv": [4, 40], "uv_size": [2, -2]}
							}
						}
					]
				},
				{
					"name": "Body",
					"parent": "waist",
					"pivot": [0, 23.12, 0]
				},
				{
					"name": "RightArm",
					"parent": "waist",
					"pivot": [-4.4, 21.36, 0]
				},
				{
					"name": "LeftArm",
					"parent": "waist",
					"pivot": [4.4, 21.36, 0]
				},
				{
					"name": "RightLeg",
					"parent": "waist",
					"pivot": [-1.672, 12.56, 0]
				},
				{
					"name": "LeftLeg",
					"parent": "waist",
					"pivot": [1.672, 12.56, 0]
				}
			]
		}
	]
}