{"namespace":"hud","hud_title_text":{"type":"stack_panel","orientation":"vertical","offset":[0,-25],"layer":1,"alpha":"@hud.anim_title_text_alpha_in","propagate_alpha":true,"controls":[{"title_frame":{"type":"panel","size":["100%","100%cm"],"controls":[{"title_background":{"type":"image","size":["100%sm + 30px","100%sm + 6px"],"texture":"textures/ui/hud_tip_text_background","alpha":"@hud.anim_title_background_alpha_in"}},{"title":{"type":"label","anchor_from":"top_middle","anchor_to":"top_middle","color":"$title_command_text_color","text":"#text","font_size":"large","layer":1,"localize":false,"variables":[{"requires":"(not $title_shadow)","$show_shadow":false},{"requires":"$title_shadow","$show_shadow":true}],"shadow":"$show_shadow","text_alignment":"center","offset":[0,6],"bindings":[{"binding_name":"#hud_title_text_string","binding_name_override":"#text","binding_type":"global"}]}}]}},{"subtitle_frame":{"type":"panel","size":["100%","100%cm"],"controls":[{"subtitle_background":{"type":"image","size":["100%sm + 20px","100%sm + 5px"],"offset":[0,0],"texture":"textures/ui/hud_tip_text_background","variables":[{"requires":"$subtitle_initially_visible","$subtitle_bg":"@hud.anim_title_background_alpha_in"},{"requires":"(not $subtitle_initially_visible)","$subtitle_bg":"@hud.anim_subtitle_background_alpha_in"}],"alpha":"$subtitle_bg"}},{"subtitle":{"type":"label","anchor_from":"top_middle","anchor_to":"top_middle","color":"$title_command_text_color","text":"#text","layer":1,"localize":false,"font_size":"normal","variables":[{"requires":"$subtitle_initially_visible","$anim_type":1.0},{"requires":"(not $subtitle_initially_visible)","$anim_type":"@hud.anim_subtitle_text_alpha_in"},{"requires":"(not $title_shadow)","$show_shadow":false},{"requires":"$title_shadow","$show_shadow":true}],"shadow":"$show_shadow","alpha":"$anim_type","text_alignment":"center","offset":[1,3],"bindings":[{"binding_name":"#hud_subtitle_text_string","binding_name_override":"#text","binding_type":"global"}]}}]}}]},"boss_health_panel":{"type":"panel","size":[182,20],"anchor_from":"top_middle","anchor_to":"top_middle","$red_magic":"§r§4§m","$green_magic":"§r§a§m","$blue_magic":"§r§9§m","$purple_magic":"§r§1§m","$white_magic":"§r§f§m","$yellow_magic":"§r§e§m","$progress_bar_collection":"boss_bars","controls":[{"boss_name@boss_name_panel":{}},{"progress_bar_for_collections@common.progress_bar_for_collections":{"offset":[0,10],"bindings":[{"binding_name":"#bossName","binding_type":"collection","binding_collection_name":"boss_bars"},{"binding_type":"view","source_control_name":"progress_bar_for_collections","resolve_sibling_scope":true,"source_property_name":"((#bossName - $red_magic) = #bossName)) and ((#bossName - $green_magic) = #bossName)) and ((#bossName - $blue_magic) = #bossName)) and ((#bossName - $purple_magic) = #bossName)) and ((#bossName - $white_magic) = #bossName)) and ((#bossName - $yellow_magic) = #bossName))","target_property_name":"#visible"}]}},{"progress_bar_for_collections_red@common.progress_bar_for_collections_red":{"offset":[0,10],"bindings":[{"binding_name":"#bossName","binding_type":"collection","binding_collection_name":"boss_bars"},{"binding_type":"view","source_control_name":"progress_bar_for_collections_red","resolve_sibling_scope":true,"source_property_name":"(not((#bossName - $red_magic) = #bossName)))","target_property_name":"#visible"}]}},{"progress_bar_for_collections_green@common.progress_bar_for_collections_green":{"offset":[0,10],"bindings":[{"binding_name":"#bossName","binding_type":"collection","binding_collection_name":"boss_bars"},{"binding_type":"view","source_control_name":"progress_bar_for_collections_green","resolve_sibling_scope":true,"source_property_name":"(not((#bossName - $green_magic) = #bossName)))","target_property_name":"#visible"}]}},{"progress_bar_for_collections_blue@common.progress_bar_for_collections_blue":{"offset":[0,10],"bindings":[{"binding_name":"#bossName","binding_type":"collection","binding_collection_name":"boss_bars"},{"binding_type":"view","source_control_name":"progress_bar_for_collections_blue","resolve_sibling_scope":true,"source_property_name":"(not((#bossName - $blue_magic) = #bossName)))","target_property_name":"#visible"}]}},{"progress_bar_for_collections_purple@common.progress_bar_for_collections_purple":{"offset":[0,10],"bindings":[{"binding_name":"#bossName","binding_type":"collection","binding_collection_name":"boss_bars"},{"binding_type":"view","source_control_name":"progress_bar_for_collections_purple","resolve_sibling_scope":true,"source_property_name":"(not((#bossName - $purple_magic) = #bossName)))","target_property_name":"#visible"}]}},{"progress_bar_for_collections_white@common.progress_bar_for_collections_white":{"offset":[0,10],"bindings":[{"binding_name":"#bossName","binding_type":"collection","binding_collection_name":"boss_bars"},{"binding_type":"view","source_control_name":"progress_bar_for_collections_white","resolve_sibling_scope":true,"source_property_name":"(not((#bossName - $white_magic) = #bossName)))","target_property_name":"#visible"}]}},{"progress_bar_for_collections_yellow@common.progress_bar_for_collections_yellow":{"offset":[0,10],"bindings":[{"binding_name":"#bossName","binding_type":"collection","binding_collection_name":"boss_bars"},{"binding_type":"view","source_control_name":"progress_bar_for_collections_yellow","resolve_sibling_scope":true,"source_property_name":"(not((#bossName - $yellow_magic) = #bossName)))","target_property_name":"#visible"}]}}],"bindings":[{"binding_name":"#bar_visible","binding_type":"collection","binding_collection_name":"boss_bars","binding_name_override":"#visible"}]}}