{"namespace":"pause","store_button_panel":{"type":"panel","size":["100%",28],"controls":[{"store_button@pause.cubecraft_store_button":{}},{"store_error_button@pause.store_error_button":{}}]},"cubecraft_store_button@common_buttons.light_text_button":{"size":["100%",28],"focus_identifier":"$pressed_button_name","focus_change_right":"$focus_override_right","focus_change_left":"$pressed_button_name","ignored":"$is_secondary_client","$pressed_button_name":"button.menu_store","$button_state_panel":"pause.cubecraft_store_button_state_panel","$default_button_texture":"textures/ui/store_button/background_default","$hover_button_texture":"textures/ui/store_button/background_hover","$pressed_button_texture":"textures/ui/store_button/background_default","$locked_button_texture":"textures/ui/store_button/background_default","bindings":[{"binding_name":"#store_button_visible","binding_name_override":"#visible","binding_type":"global"}]},"cubecraft_store_button_state_panel@common_buttons.new_ui_button_panel":{"controls":[{"sheen_image@pause.cubecraft_store_button_sheen":{}},{"$button_image@$button_image":{"ignored":"(not $button_image_visible)","size":"$button_image_size","offset":"$image_offset","anchor_from":"$image_anchor","anchor_to":"$image_anchor","layer":1,"fill":"$button_image_fill","color":"$button_image_color"}},{"text_image_default@pause.cubecraft_store_button_text_base":{"texture":"textures/ui/store_button/text_default","ignored":"$hover_state"}},{"text_image_hover@pause.cubecraft_store_button_text_base":{"texture":"textures/ui/store_button/text_hover","ignored":"(not $hover_state)"}},{"border@common_buttons.focus_border":{"color":"$border_color","layer":"$border_layer","alpha":"$border_alpha","ignored":"(not $border_visible)"}}]},"cubecraft_store_button_sheen":{"type":"image","layer":2,"size":["100%","100%"],"texture":"textures/ui/store_button/sheen","tiled":true,"uv":"@pause.cubecraft_store_button_sheen_uv_anim","uv_size":[84,84],"tiled_scale":[5,5]},"cubecraft_store_button_sheen_uv_anim":{"anim_type":"uv","easing":"in_out_quart","from":[106,0],"to":[306,0],"duration":1.8},"cubecraft_store_button_text_base":{"type":"image","size":["80%","80%"],"texture":"textures/ui/store_button/text_default","ignored":"$hover_state","layer":100}}