{
	"resource_pack_name": "vanilla",
	"texture_name": "atlas.terrain",
	"padding": 8,
	"num_mip_levels": 4,
	"texture_data": {
		"kuma:belly_chest": {
			"textures": [
				{
					"path": "textures/blocks/anime_spawn_block"
				}
			]
		},
		"Kuma's Anime Pet+_berri": {
			"textures": "textures/blocks/berri"
		},
		"Kuma's Anime Pet+_belly": {
			"textures": "textures/blocks/belly"
		},
		"kuma:bellychest": {
			"textures": [
				"textures/blocks/chest"
			]
		},
		"kuma:barril": {
			"textures": [
				"textures/blocks/barril"
			]
		},
		"kuma_belly": {
			"textures": "textures/blocks/belly"
		}
	}
}