{"version":1,"content":[{"path":"ui"},{"path":"ui/hud_screen.json","key":"4x1p17aM5qO0k2yrHUHHWIZ1tlg4Z7Ex"},{"path":"ui/ui_common.json","key":"QkEfjPxckFsEgdv9toBhnYH24DQCvFMo"},{"path":"ui/_global_variables.json","key":"CjGnzGzBTCyznfyv9E9NiHd8GcSoDml5"},{"path":"ui/server_form.json","key":"lKnj7vvdAipkVvrpvJtjlpZJkMa3lliF"},{"path":"ui/cubecraft"},{"path":"ui/cubecraft/cubecraft_long_form.json","key":"7TpNE4bSHLehPENsPZUBbfudvBhlkZmI"},{"path":"ui/cubecraft/cubecraft_dynamic_form.json","key":"NEU3NoJu1TvNAJq31QyGlyPtj4n5hErV"},{"path":"ui/cubecraft/cubecraft_buttons.json","key":"Pue41ySUXAz1s3FvOugLw6Wrv2Mo6LBO"},{"path":"ui/cubecraft/cubecraft_custom_form.json","key":"Yzz9cNwUgWHsVzP0kOzR4wYTpTNaqblx"},{"path":"ui/cubecraft/cubecraft_common.json","key":"99ikIZShpJImZYkDiDgCgx7WiwxJXO7H"},{"path":"ui/cubecraft/cubecraft_scroll.json","key":"5cOsIi3c9joqeIArZy7D0I99UDSrsxnx"},{"path":"ui/scoreboards.json","key":"rKMZ84dRn3syVDQ3pykxVSoko0IKXqGG"},{"path":"ui/_ui_defs.json","key":"hxeJDNz8DtwN7YS8GMEPecQTHub0cCrJ"},{"path":"ui/pause_screen.json","key":"k8dChPSRu4RD94eQ64YNx3jIKrO6bkwu"},{"path":"texts"},{"path":"texts/nl_NL.lang","key":"egas7pErLNjoG68dQLx9Fii8eaQbSNpx"},{"path":"texts/en_US.lang","key":"ogukFenpw3IzWVThvQZIKHS2kQSRpfsM"},{"path":"pack_icon.png"},{"path":"signatures.json","key":"7VQI6tVEANaT8vm5G9BJoVuQpXYwS5N4"},{"path":"manifest.json"},{"path":"textures"},{"path":"textures/ui"},{"path":"textures/ui/button_gold.png","key":"RvVUxeSA5guAq6z6ulBP9VvZOmMV8OhB"},{"path":"textures/ui/button_blue_default_hover.json","key":"WrYL6o8Od4uTS637kZB6aecXrDR2lDNc"},{"path":"textures/ui/button_filled_white_hover.json","key":"NOJXwVXh5CI7uo0wxhupIPx2deWJ3BXv"},{"path":"textures/ui/image_brand_sheen.png","key":"L6c9P8X02H6fIBrhQ67WenePfsRk5KJR"},{"path":"textures/ui/button_back_hover.json","key":"HbPgzgcCLWex7pbEWvLq9A0qpGS7KDCM"},{"path":"textures/ui/icon_equipped.png","key":"SvDgYnmDNT09bMDSrMrNuO3fKpD2Tl4F"},{"path":"textures/ui/dark_blue_gradient.json","key":"NxQ7ODmVvEIxYcXcVbgJXndVCYLYm8eA"},{"path":"textures/ui/rounded_textbox_blue.png","key":"e1EsXqJEjDTk2egFgvbhSislui7rEDLD"},{"path":"textures/ui/button_close.png","key":"QahSo6dmUmhEDi2Y4ZP4eCryekQbZToL"},{"path":"textures/ui/brand_blue_scrollrail.png","key":"jMNxJUe3lqfBAtwq2g13xGYa5BLv4J0F"},{"path":"textures/ui/icon_back.png","key":"HCX5nhJuCBxB7TOK0EJnrY2KHUsmufZm"},{"path":"textures/ui/icon_envelope.png","key":"PFTDlDVlzXBBQaqtNMUdcGK0rPDUcrwM"},{"path":"textures/ui/button_blue_default.json","key":"Bo8Odt8h697NVgvXrPm2DN0OgNi88YzD"},{"path":"textures/ui/brand_blue_scrollhandle.json","key":"Xhqi72xQu4f0rcOwWugMgfOQOwPgHrgN"},{"path":"textures/ui/button_filled_white.json","key":"IxMx5u22414ypdH2p7zqSazsiPbugGVq"},{"path":"textures/ui/button_gold_hover.png","key":"fUa9bK9weacnsrm4OsjvKvbu8oY5fe0f"},{"path":"textures/ui/store_button"},{"path":"textures/ui/store_button/background_hover.png","key":"m3WSe3AfPTc71bRuTD5zgEZrDqYDH7eb"},{"path":"textures/ui/store_button/text_default.png","key":"Lu9cfaYmx1aY9CyLOtBiDnbnMJDXdgz5"},{"path":"textures/ui/store_button/sheen.png","key":"IxiIrNiLkNdmaerd0T1B2jBv6vIJGDGq"},{"path":"textures/ui/store_button/background_default.png","key":"TizSqdp2UScbYoe5yCibEXoVmQY7M1r5"},{"path":"textures/ui/store_button/text_hover.png","key":"0yFkz7KX0hIY2sDiOTX1rlAJHYvsGcAv"},{"path":"textures/ui/store_button/background_hover.json","key":"cc7HXNo5UGBz4UJvdXb1KX1C11Dh8Nqj"},{"path":"textures/ui/store_button/background_default.json","key":"uNTS2zP8itDjR0GqqsW6swv2EmBDu9LO"},{"path":"textures/ui/rounded_textbox_blue.json","key":"xkrnKWWCdslJEt1wdKHqeWGSs2c7Pj9a"},{"path":"textures/ui/icon_heart.png","key":"nd81Iv94yPb7sABD2mLTQfNyNw6rNt6P"},{"path":"textures/ui/button_header.png","key":"vyvhy5G78UvTpvynwNFf2bjHJ3Ea6Jlk"},{"path":"textures/ui/Black_sb.png","key":"1kTeY9CqfpegWA6rwT5tMLyEf1VWfhzN"},{"path":"textures/ui/button_renders"},{"path":"textures/ui/button_renders/banner_buddies.jpg","key":"nE7adqKuzfpTmRqmoCYal1gRa2VVKrbj"},{"path":"textures/ui/button_renders/render_egg_wars.jpg","key":"j2cgtn4TqS1FWqFhTYFlLmmBjjjxFgLG"},{"path":"textures/ui/button_renders/banner_default.jpg","key":"oXjMQhAuJkifqfIpXIQql3O1KaU9h96U"},{"path":"textures/ui/button_renders/banner_chests.jpg","key":"0SgHm1MkzvbccAm9RIQcejfuGTXUONDz"},{"path":"textures/ui/button_renders/banner_cages.jpg","key":"ZoKMGFYV1dsBPMd7A7U2Ysluc4RM1NJC"},{"path":"textures/ui/button_renders/render_beta_games.jpg","key":"zYdrBfNEVfebf6CK4X5ToTV6oJJrZR5h"},{"path":"textures/ui/button_renders/render_minerware.jpg","key":"cmcbEamVSV6b9fweAw4tQRonKJocERhn"},{"path":"textures/ui/button_renders/banner_arrow_trails.png","key":"iESqPGJHTu9vJnUEE565wrgXkoSklOAe"},{"path":"textures/ui/button_renders/banner_lucky_blocks.jpg","key":"APld6EmP3ZU0RlVi60lnTWk8425tK9AA"},{"path":"textures/ui/button_renders/banner_generators.jpg","key":"qGzIdigVhFGSe486v2SLam7dD7Psw89Z"},{"path":"textures/ui/button_renders/banner_win_effects.jpg","key":"2Fmyfvd4KfU5hrEoMVuvVsYhwqUJvAcp"},{"path":"textures/ui/button_renders/render_sky_wars.jpg","key":"8zSWiXrp7TE8KdH5ddCFCrRrqQ957wTd"},{"path":"textures/ui/button_renders/render_survival_games.jpg","key":"5XOrS384MbqDUF50g6lYvuHJqnnHt336"},{"path":"textures/ui/button_renders/banner_pits.jpg","key":"KvG66IC4wQmofOPJsmuLOzKwOrlOgtUK"},{"path":"textures/ui/button_renders/render_loot_left.jpg","key":"Y8RPv61la9omZCbVF5AEgsp9jwvbKmX1"},{"path":"textures/ui/button_renders/render_parties.jpg","key":"qWf1BIIuNcDS3JRe1JzUpoinI6gkiXyK"},{"path":"textures/ui/button_renders/banner_profile_backgrounds.png","key":"UB4HxXjqeSTWV70wu49RE35fE8ZUSO8L"},{"path":"textures/ui/button_renders/render_lucky_islands.jpg","key":"YV1DckiJjNklcES5FnjK3bGT00eHdusY"},{"path":"textures/ui/button_renders/render_skyblock.jpg","key":"HtRMD3DtjkHfnbtaVjnlgSFUjbT6i0ee"},{"path":"textures/ui/button_renders/banner_lucky_blocks_opening_effects.jpg","key":"Dn6qKdJ72GYUnD5uIHblCCdaiUrm2qv3"},{"path":"textures/ui/button_renders/banner_flags.jpg","key":"PnwxFLtllmWxf7COvqGGN9shYe6QoiOJ"},{"path":"textures/ui/button_renders/banner_kill_effects.jpg","key":"CyrsN1gX71EL4to5u39cVuvW3OcAAfc3"},{"path":"textures/ui/button_renders/banner_eggs.jpg","key":"hvkfZ7vgiMLQxKDLIfoW1EitAp29L1aq"},{"path":"textures/ui/button_renders/render_parkour.jpg","key":"b6wATty826D1lj2hA1SgNOcV3xYayTVO"},{"path":"textures/ui/button_renders/render_battle_arena.jpg","key":"1NPvXrAIg75lP4m05rzryqkRevc8OcQr"},{"path":"textures/ui/button_renders/banner_shop_skins.jpg","key":"juX2BagGMFOQVm8DJHtwIJRnKpdrR35i"},{"path":"textures/ui/button_renders/banner_prefixes.jpg","key":"7O5gvV9czGZVffApmwyHel50wOAudyCr"},{"path":"textures/ui/button_renders/render_parties_alert.jpg","key":"3llqJn6Vg5ttuiYw5EqR2g2fs9YgiN9U"},{"path":"textures/ui/button_renders/banner_username_colours.jpg","key":"HzAehUjDj8pZdjWXfr2nQzgZRTUWN8Y5"},{"path":"textures/ui/button_renders/banner_profile_borders.png","key":"Jxp18C0NT3bXllg4NLstvDvVAq84Nw3k"},{"path":"textures/ui/button_renders/render_loot_full.jpg","key":"4qi8d72hDEoU3BmB9iyxAQP2JNmTk2BW"},{"path":"textures/ui/button_renders/render_friends_alert.jpg","key":"s0TWQ46fOw4tDNknC9fMNMj0PTxC7I7X"},{"path":"textures/ui/button_renders/render_map_select.jpg","key":"HQK1veIKZAWBR0xSum56lafFFcLFpLml"},{"path":"textures/ui/button_renders/banner_shoes.jpg","key":"aGexWg7vl41ssPrNgAj4nRu2ajfdqSvV"},{"path":"textures/ui/button_renders/render_loot_right.jpg","key":"59zhQKKEwq79MLTLI67ESFKx5X6597WJ"},{"path":"textures/ui/button_renders/render_block_wars.jpg","key":"9j0oaYn7CkV0KL5ypHPOwHD1aprw9iJ5"},{"path":"textures/ui/button_renders/render_ignored.jpg","key":"LbAUqhAM5dbHnCwWv1nOq9tXrU7tJsKx"},{"path":"textures/ui/button_renders/banner_trails.jpg","key":"wNRYCZSDf0qcdbv6azvzOdY8CfoOWdcO"},{"path":"textures/ui/button_renders/render_friends.jpg","key":"KAa1PQK4bPLH9e4n7iRZ9O6EK762Vs5G"},{"path":"textures/ui/button_renders/banner_gravestones.jpg","key":"xkRfiwKfUTDbbGS3tEe0BZPL8hM448lA"},{"path":"textures/ui/button_close_hover.png","key":"WzcSJYs9DmlD4sEH0ArrizznGv27qTgP"},{"path":"textures/ui/button_icons"},{"path":"textures/ui/button_icons/banner_parkour_mapselection_normal.jpg","key":"pQTboZeVs365HL6ZCSpPSmj0FGgq7mlu"},{"path":"textures/ui/button_icons/icon_gifting_buy.jpg","key":"LB6Jeiku7Pke3yzK1CMTizRmc5c0CXm2"},{"path":"textures/ui/button_icons/banner_parkour_mapselection_difficult.jpg","key":"a70zOcUO7zFkFWLBKdwI8XMluQXZlEvV"},{"path":"textures/ui/button_icons/banner_parkour_mapselection_easy.jpg","key":"EEsbuFaZdC6tqhkQzwV7PpCTxtIVmoLh"},{"path":"textures/ui/button_icons/icon_gifting.jpg","key":"AnGiMG3WXrbzduDVrFE75zTalhMZMYQT"},{"path":"textures/ui/button_icons/icon_gifting_give.jpg","key":"qXfSwleBlomCe7GniEbUNSncoAKH7f8S"},{"path":"textures/ui/button_icons/icon_chest.jpg","key":"KnB74TI5lRkjz1jq6IJnpyaVMnkoqyJf"},{"path":"textures/ui/button_icons/banner_parkour_mapselection_impossible.jpg","key":"VcGZdxybmTofAv5HhMo6UC0TXaEwSvSr"},{"path":"textures/ui/button_icons/icon_gifting_receive.jpg","key":"m0BXjNCGp4r0iRU1f8M8ZqVBK6PyUMRN"},{"path":"textures/ui/button_icons/icon_stats.jpg","key":"ETYilFwoZQJ8NDcSOb2y9XsNAJdRnmHL"},{"path":"textures/ui/button_icons/icon_content_packs.jpg","key":"9RMGSzMzL8EkuSY5lx7flrRtZvOve10O"},{"path":"textures/ui/button_gold_hover.json","key":"GNuuQsTm9x8ENtrVbWeqT70I6CwpN7pw"},{"path":"textures/ui/icon_region_as.png","key":"Wd4xGJwUDggodPrzEtS5GzEthXbdNgnf"},{"path":"textures/ui/brand_blue_throbber.png","key":"JwZLnxsMmnl01U80o8erSrdZzNFdFmJf"},{"path":"textures/ui/logo_scoreboard.png","key":"RfE7rPBseyxmucLkNscQbKcCzs9YnoAs"},{"path":"textures/ui/button_category_selected.json","key":"PsL8bVsuBjrk1szOKwIxGfzP0XlVvdAh"},{"path":"textures/ui/button_category_selected.png","key":"TpKzy90MSytyVi45kT4A3pC5wcYo2tCV"},{"path":"textures/ui/icon_dice.png","key":"9gVRb3QpWbP0VmlxJUAAMfm2FAEso9Ij"},{"path":"textures/ui/button_header_hover.png","key":"ZqKVl2r5DlNPbgbjeipKTsgj383TKRo4"},{"path":"textures/ui/button_back_hover.png","key":"kjJjYwNrpdaRInYQKLxpEr6uMXi8OHXG"},{"path":"textures/ui/brand_blue_box.json","key":"zmZkmCaUL6fKVOtYg4VyQHcaObaMEZKc"},{"path":"textures/ui/icon_region_na.png","key":"aMR7tsYmfz7AbAAFvVCu1ACECqdu5q09"},{"path":"textures/ui/icon_gift.png","key":"7yZ6P2HervJU7ah1yXgxDRnTxGClhdOR"},{"path":"textures/ui/button_filled_white_hover.png","key":"Fazru09ul8QdZ4hX4Jx2H0eMLKlOo2gR"},{"path":"textures/ui/icon_refresh.png","key":"i86sE1pcQuMAHFyddKC2tKey2G5Cl9dS"},{"path":"textures/ui/brand_blue_box.png","key":"DXnq8ghV9wNyWvV2nHvP4k5t7ssPtaN6"},{"path":"textures/ui/button_gold.json","key":"er7kPbWVOR0ZvVqunf9SYTz5YguPSMaK"},{"path":"textures/ui/button_white.png","key":"b6I6orayazGpbmZUIiF7FhFuVtlIrWrU"},{"path":"textures/ui/rounded_box_white.json","key":"tspSN9IlDS0HuaNOOQGEkUZ6ysAtH9Vg"},{"path":"textures/ui/button_white.json","key":"LYwxk5RaFvezPz1KRe8ZKJrC0ugYkGpE"},{"path":"textures/ui/button_back.png","key":"HiNWc1saLO5jYNZtUnS8bA8ZxTknRy4l"},{"path":"textures/ui/button_close.json","key":"ZZv69gMAAnJWxSDMoXQi3za61wY8thVx"},{"path":"textures/ui/icon_crown.png","key":"5xKGyr6ASvRxFqdfEuItHcp8SaaFchYY"},{"path":"textures/ui/dark_blue_gradient.png","key":"lYK6tHoRf71xLKHQXd9t0mG05YfFrfSj"},{"path":"textures/ui/brand_blue_throbber.json","key":"KPmxY7rtRrTTHSCmG00uSG60gS7nTOfh"},{"path":"textures/ui/icon_arrow_left.png","key":"wQnUqrqtaO2PagVQUbyGrYYGky0Bta5d"},{"path":"textures/ui/Black_sb.json","key":"BMZyKcXK5v5gjzN6ndzuS1veuCW64rUH"},{"path":"textures/ui/icon_region_eu.png","key":"zjdO3YK1nzDUKGVJzFCoZmnJ57uLzhKb"},{"path":"textures/ui/title.png","key":"ltHQwzD45LOQAB4cnLJ7nq3TVtmweLCD"},{"path":"textures/ui/button_white_hover.json","key":"AjxRRa37yC1DE4Mw3UPQhenVXqRb9Bnn"},{"path":"textures/ui/brand_blue_scrollrail.json","key":"DiuRbSovbsEXHJHHHuLEtwSBixZiKQwr"},{"path":"textures/ui/icon_arrow_right.png","key":"o8b2tBf9dvjksXyR3lcq2Z84dEpdKeZM"},{"path":"textures/ui/rounded_box_dark.json","key":"h47CC3GzPNdPzQDBKkfx7c74nQQk1HRk"},{"path":"textures/ui/image_loot_equipped.png","key":"m6c0gvNDRwoP53iSKSqZc6Jqh1TS0XrY"},{"path":"textures/ui/rounded_box_dark.png","key":"iblRzMoKsilBb7tp662rjTiu6qguGLkQ"},{"path":"textures/ui/icon_close.png","key":"Xvwy0xaZHLE7pgwBgYRyl7q5IemReQI8"},{"path":"textures/ui/icon_category_selected.png","key":"UwNwCRQtW1E53k0k7TJgdTpVuVAhdYZO"},{"path":"textures/ui/button_header.json","key":"EaDfunyXAyeGEZaVrnbRWc9Akem0zknI"},{"path":"textures/ui/button_white_hover.png","key":"ku5a0gIJOn9LXL06ZsNf9SmVGTPHjjWj"},{"path":"textures/ui/button_blue_default_hover.png","key":"S7U2keCSvv8znUmu9lxh5mSxgkElTqdr"},{"path":"textures/ui/rounded_box_white.png","key":"qBqyTxy83ns1iVENUEAdgorsBe7IpC7O"},{"path":"textures/ui/button_back.json","key":"INnx61VzNH0mtAozX5o6fut0e4uJcPWl"},{"path":"textures/ui/button_header_hover.json","key":"onFbCgln5XeJbAa0GW9kPAQtAIznTV8d"},{"path":"textures/ui/brand_blue_scrollhandle.png","key":"I85RRyy3n0MscZHviUJ4IABzsX70oaay"},{"path":"textures/ui/icon_stats.png","key":"TBTuCfQ8XJ13guBTtyapEPjfw52NV3C8"},{"path":"textures/ui/button_close_hover.json","key":"FihiiCMvKrOW2HoccVuPRkjtyuHyi2rA"},{"path":"textures/ui/button_filled_white.png","key":"bwAw8XYnOxf59Epro6UVQY4vTV0LhCF4"},{"path":"textures/ui/icon_bin.png","key":"BgOxDj8CMqg4xg8lJPgYXANcn7J2NIjg"},{"path":"textures/ui/button_blue_default.png","key":"6XYWvbRNeriFczplL2f6Te8gBywfMLnw"}]}