{
	"format_version": "1.8.0",
	"animations": {
		"animation.balrog": {
			"loop": true,
			"animation_length": 1,
			"bones": {
				"Wings": {
					"rotation": {
						"0.0": [0, 0, 0],
						"0.5": [0, -70, 0],
						"1.0": [0, 0, 0]
					},
					"position": {
						"0.0": [0, 0, 0],
						"0.5": [5, 0, 0],
						"1.0": [0, 0, 0]
					}
				},
				"Wings2": {
					"rotation": {
						"0.0": [0, 0, 0],
						"0.5": [0, 70, 0],
						"1.0": [0, 0, 0]
					},
					"position": {
						"0.0": [0, 0, 0],
						"0.5": [0, 0, -3],
						"1.0": [0, 0, 0]
					}
				}
			}
		}
	}
}